접수연도,자치구코드,자치구명,법정동코드,법정동명,지번구분,지번구분명,본번,부번,건물명,계약일,물건금액(만원),건물면적(㎡),토지면적(㎡),층,권리구분,취소일,건축년도,건물용도,신고구분,신고시군구명
2025,11230,동대문구,10200,용두동,1,대지,779,0,신동아,20251231,94000,84.63,0,6,,,1994,아파트,중개거래,서울 동대문구
2025,11230,동대문구,10800,회기동,1,대지,65,0,신현대,20251231,69000,60.48,0,1,,,1989,아파트,중개거래,서울 동대문구
2025,11320,도봉구,10500,쌍문동,1,대지,103,69,쌍문리버뷰,20251231,41000,45.88,0,6,,,2019,아파트,중개거래,서울 도봉구
2025,11740,강동구,10700,암사동,1,대지,509,0,선사현대아파트,20251231,129700,58.68,0,7,,,2000,아파트,중개거래,"경기 남양주시, 서울 강동구"
2025,11470,양천구,10200,목동,1,대지,523,17,세교예지안3차,20251231,59000,35.06,28,3,,,2015,연립다세대,중개거래,서울 양천구
2025,11710,송파구,11300,거여동,1,대지,697,0,송파시그니처롯데캐슬,20251231,174500,59.98,0,23,,,2021,아파트,중개거래,서울 송파구
2025,11320,도봉구,10600,방학동,1,대지,271,1,신동아아파트1,20251231,68000,112.49,0,7,,,1986,아파트,중개거래,서울 도봉구
2025,11560,영등포구,13200,신길동,1,대지,4964,0,신길센트럴자이아파트,20251231,167000,59.98,0,24,,,2021,아파트,중개거래,서울 영등포구
2025,11560,영등포구,13200,신길동,1,대지,4967,0,신길파크자이,20251231,170000,84.99,0,1,,,2022,아파트,중개거래,서울 영등포구
2025,11410,서대문구,11200,대현동,1,대지,104,5,신촌푸르지오시티,20251231,23000,26.822,37.131,4,,,2014,오피스텔,중개거래,서울 서대문구
2025,11260,중랑구,10600,신내동,1,대지,650,0,신내6대주,20251231,59800,59.76,0,8,,,1996,아파트,중개거래,서울 중랑구
2025,11590,동작구,10100,노량진동,1,대지,325,0,신동아리버파크,20251231,144000,84.88,0,3,,,2001,아파트,중개거래,서울 동작구
2025,11710,송파구,11300,거여동,1,대지,697,0,송파시그니처롯데캐슬,20251231,199000,84.98,0,13,,,2021,아파트,중개거래,서울 송파구
2025,11530,구로구,10100,신도림동,1,대지,435,10,신도림3차푸르지오,20251231,86800,99.84,127.32,12,,,2007,오피스텔,중개거래,서울 구로구
2025,11470,양천구,10100,신정동,1,대지,1259,0,신트리1,20251231,75500,49.95,0,12,,,1999,아파트,중개거래,서울 양천구
2025,11305,강북구,10100,미아동,1,대지,813,0,래미안트리베라1단지,20251231,90000,84.97,0,6,,,2010,아파트,중개거래,"서울 강북구, 서울 성북구"
2025,11560,영등포구,11200,당산동2가,1,대지,164,0,당산2가현대홈타운,20251231,152000,82.77,0,18,,,1994,아파트,중개거래,서울 영등포구
2025,11230,동대문구,11000,이문동,1,대지,429,0,대성유니드아파트,20251231,80000,84.97,0,5,,,2012,아파트,중개거래,서울 동대문구
2025,11350,노원구,10500,상계동,1,대지,1078,0,현대2차,20251231,54000,82.68,0,10,,,1993,아파트,중개거래,서울 노원구
2025,11290,성북구,13600,하월곡동,1,대지,228,0,꿈의숲푸르지오,20251231,80000,59.65,0,8,,,2010,아파트,중개거래,서울 성북구
2025,11230,동대문구,10500,답십리동,1,대지,41,0,동서울한양,20251231,63500,76.41,0,2,,,1989,아파트,중개거래,서울 동대문구
2025,11230,동대문구,10500,답십리동,1,대지,41,0,동서울한양,20251231,56000,59.67,0,2,,,1989,아파트,중개거래,서울 동대문구
2025,11200,성동구,11300,옥수동,1,대지,561,0,래미안 옥수 리버젠,20251231,224000,59.98,0,3,,,2012,아파트,중개거래,서울 성동구
2025,11320,도봉구,10700,창동,1,대지,26,0,동아,20251231,70000,89.45,0,3,,,1988,아파트,직거래,
2025,11560,영등포구,13200,신길동,1,대지,4945,0,래미안영등포프레비뉴,20251231,162800,84.98,0,3,,,2015,아파트,중개거래,서울 영등포구
2025,11470,양천구,10100,신정동,1,대지,1327,0,호반써밋목동,20251231,134000,59.918,0,9,,,2022,아파트,중개거래,"서울 강남구, 서울 양천구"
2025,11290,성북구,13800,장위동,1,대지,320,0,래미안장위퍼스트하이,20251231,110000,59.99,0,13,,,2020,아파트,중개거래,서울 성북구
2025,11530,구로구,10600,고척동,1,대지,327,0,동아한신,20251231,58000,59.9,0,3,,,2000,아파트,중개거래,서울 구로구
2025,11530,구로구,10100,신도림동,1,대지,642,0,대림1,20251231,102500,59.88,0,1,,,1999,아파트,중개거래,서울 구로구
2025,11710,송파구,11200,오금동,1,대지,2,0,대림,20251231,250000,125.79,0,8,,,1988,아파트,중개거래,"서울 동대문구, 서울 송파구"
2025,11590,동작구,10200,상도동,1,대지,531,0,힐스테이트 상도 센트럴파크,20251231,183500,84.795,0,11,,,2012,아파트,중개거래,"경기 안양시 동안구, 서울 동작구"
2025,11350,노원구,10600,중계동,1,대지,593,0,삼성,20251231,83000,114.49,0,1,,,1999,아파트,중개거래,서울 노원구
2025,11590,동작구,10900,신대방동,1,대지,709,0,벽산,20251231,73000,59.76,0,4,,,1997,아파트,중개거래,서울 동작구
2025,11530,구로구,10200,구로동,1,대지,256,1,삼성래미안,20251231,81500,58.136,0,7,,,2004,아파트,중개거래,서울 구로구
2025,11590,동작구,10900,신대방동,1,대지,711,0,보라매파크빌,20251231,115500,84.59,0,1,,,2002,아파트,중개거래,서울 동작구
2025,11350,노원구,10400,하계동,1,대지,273,0,장미(시영6),20251231,71500,59.46,0,13,,20260316,1989,아파트,중개거래,서울 노원구
2025,11470,양천구,10100,신정동,1,대지,337,0,목동우성2,20251231,122800,113.91,0,16,,,2000,아파트,중개거래,서울 양천구
2025,11560,영등포구,12100,문래동3가,1,대지,77,2,문래공원한신,20251231,118000,58.96,0,14,,,1988,아파트,중개거래,서울 영등포구
2025,11440,마포구,12300,망원동,1,대지,516,0,망원동동원데쟈뷰,20251231,85000,84.85,0,4,,,2008,아파트,중개거래,서울 마포구
2025,11470,양천구,10100,신정동,1,대지,314,0,목동신시가지8,20251231,223000,71.77,0,10,,,1987,아파트,중개거래,서울 양천구
2025,11350,노원구,10500,상계동,1,대지,173,1,벽산,20251231,55500,75.03,0,4,,,1989,아파트,중개거래,서울 노원구
2025,11350,노원구,10400,하계동,1,대지,271,3,벽산,20251231,59800,57.71,0,11,,,1988,아파트,중개거래,서울 노원구
2025,11620,관악구,10200,신림동,1,대지,98,357,천년캐슬(98-357),20251231,23000,19.01,16,3,,,2017,연립다세대,중개거래,"서울 관악구, 서울 서초구"
2025,11350,노원구,10300,공릉동,1,대지,106,0,공릉해링턴플레이스,20251231,86000,99.917,0,10,,,2000,아파트,중개거래,서울 노원구
2025,11440,마포구,11200,현석동,1,대지,222,0,강변힐스테이트,20251231,158000,59.78,0,13,,,2004,아파트,중개거래,서울 마포구
2025,11620,관악구,10200,신림동,1,대지,1735,0,관악산휴먼시아2단지,20251231,70000,84.98,0,9,,,2008,아파트,중개거래,서울 관악구
2025,11710,송파구,10700,가락동,1,대지,95,1,가락금호아파트,20251231,175000,59.91,0,20,,,1997,아파트,중개거래,서울 송파구
2025,11350,노원구,10200,월계동,1,대지,18,0,한진한화그랑빌,20251231,92900,84.97,0,7,,,2002,아파트,중개거래,서울 노원구
2025,11500,강서구,10100,염창동,1,대지,246,23,극동,20251231,98000,85,0,19,,,2000,아파트,중개거래,서울 강서구
2025,11710,송파구,10400,송파동,1,대지,170,0,SK,20251231,150000,83.8,0,6,,,2001,아파트,중개거래,"서울 동대문구, 서울 송파구"
2025,11260,중랑구,10500,망우동,1,대지,580,0,금호어울림(580),20251231,60000,59.96,0,8,,,2006,아파트,중개거래,서울 중랑구
2025,11290,성북구,13400,길음동,1,대지,1281,0,길음뉴타운4단지(e편한세상),20251231,113000,84.64,0,3,,,2005,아파트,중개거래,"서울 성북구, 서울 종로구"
2025,11350,노원구,10600,중계동,1,대지,362,1,주공8,20251231,57500,49.72,0,9,,,1993,아파트,중개거래,서울 노원구
2025,11680,강남구,10400,청담동,1,대지,34,13,청담스위트,20251231,18500,12.449,0,2,,,2015,아파트,중개거래,서울 강남구
2025,11710,송파구,10800,문정동,1,대지,652,1,프라비다옥토,20251231,17050,19.74,29.29,7,,,2016,오피스텔,직거래,
2025,11350,노원구,10400,하계동,1,대지,271,3,건영,20251231,42000,45.55,0,3,,,1988,아파트,중개거래,서울 노원구
2025,11410,서대문구,11900,북가좌동,1,대지,431,0,DMC한양,20251231,74000,65.34,0,13,,,1987,아파트,중개거래,서울 서대문구
2025,11380,은평구,10100,수색동,1,대지,419,0,DMCSK뷰아이파크포레,20251231,108000,59.96,0,13,,,2025,아파트,중개거래,서울 은평구
2025,11380,은평구,10100,수색동,1,대지,419,0,DMCSK뷰아이파크포레,20251231,105800,59.96,0,2,,,2025,아파트,중개거래,서울 은평구
2025,11440,마포구,11200,현석동,1,대지,222,0,강변힐스테이트,20251231,200000,114.99,0,7,,,2004,아파트,중개거래,서울 마포구
2025,11200,성동구,10500,마장동,1,대지,818,0,현대,20251231,118000,84.91,0,12,,,1998,아파트,중개거래,서울 성동구
2025,11305,강북구,10300,수유동,1,대지,518,142,(518-142),20251231,7500,27.15,18,1,,,2005,연립다세대,중개거래,서울 구로구
2025,11470,양천구,10300,신월동,1,대지,201,2,한린주택,20251231,8500,39.89,20,-1,,,1992,연립다세대,직거래,
2025,11320,도봉구,10500,쌍문동,1,대지,59,0,한양2,20251231,24000,35.1,0,12,,,1988,아파트,중개거래,서울 도봉구
2025,11260,중랑구,10200,상봉동,1,대지,81,5,한일써너스빌,20251231,90000,84.642,0,10,,,2003,아파트,중개거래,"서울 동대문구, 서울 중랑구"
2025,11590,동작구,10900,신대방동,1,대지,710,0,경남교수,20251231,127500,113.93,0,6,,,2001,아파트,중개거래,서울 동작구
2025,11200,성동구,10700,행당동,1,대지,304,21,행당리치빌,20251231,70000,36.65,19,4,,,2015,연립다세대,중개거래,"경기 하남시, 서울 성동구"
2025,11200,성동구,10700,행당동,1,대지,346,0,행당한진타운,20251231,165000,59.96,0,12,,,2000,아파트,중개거래,서울 성동구
2025,11710,송파구,10800,문정동,1,대지,618,0,파크하비오,20251231,18000,24.58,31.06,10,,,null,오피스텔,중개거래,서울 송파구
2025,11530,구로구,10200,구로동,1,대지,1277,0,우리유앤미,20251231,63500,84.54,0,5,,,2004,아파트,중개거래,서울 구로구
2025,11230,동대문구,10600,장안동,1,대지,336,0,장안현대홈타운(336),20251231,123000,112.78,0,20,,,2003,아파트,중개거래,서울 동대문구
2025,11350,노원구,10400,하계동,1,대지,273,0,장미(시영6),20251231,71500,59.46,0,13,,,1989,아파트,중개거래,서울 노원구
2025,11290,성북구,13600,하월곡동,1,대지,222,0,월곡두산위브,20251231,82500,84.766,0,2,,,2003,아파트,중개거래,서울 성북구
2025,11710,송파구,10300,풍납동,1,대지,514,0,잠실올림픽공원아이파크,20251231,225000,84.99,0,7,,,2019,아파트,중개거래,"서울 송파구, 서울 양천구"
2025,11380,은평구,11400,진관동,1,대지,62,0,은평스카이뷰자이,20251231,100000,84.336,0,11,,,2019,아파트,직거래,
2025,11200,성동구,10200,하왕십리동,1,대지,1002,0,왕십리KCC스위첸,20251231,137500,64.236,0,8,,,2016,아파트,중개거래,서울 성동구
2025,11590,동작구,10400,본동,1,대지,482,0,유원강변,20251231,147000,84.63,0,24,,,2000,아파트,중개거래,경기 과천시
2025,11710,송파구,10600,삼전동,1,대지,123,7,예은빌라(123-7),20251231,23000,31.82,14,3,,,1993,연립다세대,직거래,
2025,11200,성동구,10200,하왕십리동,1,대지,1061,0,왕십리풍림아이원,20251231,145000,59.936,0,5,,,2004,아파트,중개거래,서울 성동구
2025,11290,성북구,13300,정릉동,1,대지,1017,0,쌍용2,20251231,60000,59.9,0,14,,,1999,아파트,중개거래,서울 성북구
2025,11305,강북구,10100,미아동,1,대지,1379,0,한화포레나미아,20251230,69300,53.985,0,7,분양권,,0,아파트,중개거래,서울 강북구
2025,11230,동대문구,10500,답십리동,1,대지,530,17,한성아펠시티,20251230,17800,22.14,31.98,2,,,2019,오피스텔,중개거래,서울 동대문구
2025,11530,구로구,10700,개봉동,1,대지,476,0,한마을,20251230,68500,59.57,0,1,,,1999,아파트,중개거래,서울 구로구
2025,11215,광진구,10500,자양동,1,대지,643,8,해피리버빌,20251230,93100,76.24,42,4,,,2008,연립다세대,중개거래,서울 광진구
2025,11260,중랑구,10100,면목동,1,대지,1502,0,현대,20251230,73000,84.81,0,4,,,1994,아파트,중개거래,서울 강동구
2025,11530,구로구,10700,개봉동,1,대지,481,0,현대,20251230,88300,84.96,0,19,,,2001,아파트,중개거래,"서울 강남구, 서울 구로구"
2025,11110,종로구,18700,무악동,1,대지,82,0,현대,20251230,145480,84.92,0,18,,,2000,아파트,중개거래,서울 종로구
2025,11560,영등포구,11400,당산동4가,1,대지,29,0,한강아파트,20251230,136000,84.98,0,13,,,1999,아파트,중개거래,서울 영등포구
2025,11350,노원구,10200,월계동,1,대지,929,0,현대,20251230,73700,59.95,0,10,,,2000,아파트,중개거래,"서울 노원구, 서울 도봉구"
2025,11380,은평구,10900,신사동,1,대지,355,0,현대2,20251230,55500,84.83,0,14,,,1994,아파트,중개거래,서울 은평구
2025,11560,영등포구,12400,문래동6가,1,대지,55,1,현대6차,20251230,71700,50.55,0,11,,,1997,아파트,중개거래,서울 영등포구
2025,11350,노원구,10400,하계동,1,대지,288,0,하계2현대,20251230,85000,84.51,0,12,,,1997,아파트,중개거래,서울 노원구
2025,11710,송파구,11300,거여동,1,대지,290,0,거여1단지,20251230,95000,49.8,0,12,,,1997,아파트,중개거래,서울 송파구
2025,11650,서초구,10700,반포동,1,대지,107,26,풀하우스,20251230,44700,97.22,53,4,,,2002,연립다세대,직거래,
2025,11710,송파구,10800,문정동,1,대지,618,0,파크하비오,20251230,46800,48.93,62.01,12,,,null,오피스텔,중개거래,"서울 서대문구, 서울 송파구"
2025,11590,동작구,10200,상도동,1,대지,531,0,힐스테이트 상도 센트럴파크,20251230,182000,84.609,0,5,,,2012,아파트,중개거래,서울 동작구
2025,11710,송파구,11300,거여동,1,대지,293,0,거여4단지,20251230,105000,49.8,0,10,,,1997,아파트,중개거래,서울 송파구
2025,11200,성동구,11200,금호동4가,1,대지,800,0,대우,20251230,188000,84.71,0,8,,,2001,아파트,중개거래,서울 성동구
2025,11590,동작구,10200,상도동,1,대지,531,0,힐스테이트 상도 센트럴파크,20251230,194000,118.175,0,10,,,2012,아파트,중개거래,서울 동작구
2025,11200,성동구,11200,금호동4가,1,대지,1553,0,힐스테이트서울숲리버,20251230,145500,59.98,0,15,,,2018,아파트,직거래,
2025,11290,성북구,13300,정릉동,1,대지,1021,0,대우,20251230,62500,84.83,0,2,,,2001,아파트,중개거래,서울 성북구
2025,11560,영등포구,13200,신길동,,,,,,20251230,130000,212.76,162,,,,1987,단독다가구,중개거래,서울 영등포구
2025,11440,마포구,12200,합정동,1,대지,440,19,대명풀하우스A,20251230,40800,28.52,16,2,,,2015,연립다세대,중개거래,서울 마포구
2025,11500,강서구,10800,공항동,,,,,,20251230,70000,255.59,174,,,,1994,단독다가구,직거래,
2025,11530,구로구,10100,신도림동,1,대지,642,0,대림1,20251230,131000,101.48,0,25,,,1999,아파트,중개거래,서울 구로구
2025,11560,영등포구,11500,당산동5가,1,대지,9,3,당산역해링턴타워,20251230,20000,23.92,33.23,3,,,2015,오피스텔,중개거래,서울 영등포구
2025,11230,동대문구,10300,제기동,1,대지,1212,0,한신아파트,20251230,93000,59.84,0,22,,,2004,아파트,중개거래,서울 동대문구
2025,11140,중구,16500,황학동,1,대지,787,0,한양I-Class,20251230,12700,16.37,0,15,,,2013,아파트,중개거래,서울 중구
2025,11320,도봉구,10800,도봉동,1,대지,30,1,한신,20251230,57000,84.94,0,4,,,1995,아파트,중개거래,서울 도봉구
2025,11200,성동구,11800,송정동,1,대지,90,0,건영,20251230,102000,84.945,0,12,,,2000,아파트,중개거래,서울 성동구
2025,11560,영등포구,11500,당산동5가,1,대지,9,3,당산역해링턴타워,20251230,20000,23.92,33.23,3,,,2015,오피스텔,중개거래,서울 영등포구
2025,11350,노원구,10600,중계동,1,대지,505,0,경남,20251230,90000,84.97,0,8,,,1989,아파트,중개거래,서울 노원구
2025,11590,동작구,10700,사당동,1,대지,316,107,한울빌라,20251230,40000,67.24,27,3,,,2004,연립다세대,직거래,
2025,11710,송파구,10700,가락동,1,대지,183,1,가락아트빌라(6차),20251230,28000,50.76,38,1,,,1990,연립다세대,중개거래,서울 송파구
2025,11500,강서구,10400,가양동,1,대지,1485,0,가양6단지,20251230,102000,58.65,0,2,,,1992,아파트,중개거래,서울 강서구
2025,11740,강동구,10300,상일동,1,대지,519,0,고덕아르테온,20251230,210000,84.97,0,8,,,2020,아파트,중개거래,서울 강동구
2025,11500,강서구,10100,염창동,1,대지,240,1,강변월드메르디앙,20251230,120000,84.91,0,10,,,2010,아파트,중개거래,서울 강서구
2025,11560,영등포구,10700,영등포동6가,1,대지,97,0,골든빌,20251230,31500,29.22,16,4,,,2018,연립다세대,중개거래,서울 영등포구
2025,11500,강서구,10100,염창동,1,대지,299,0,강변힐스테이트,20251230,129000,84.99,0,11,,,2005,아파트,중개거래,서울 강서구
2025,11545,금천구,10300,시흥동,1,대지,1013,0,관악산벽산타운5,20251230,42000,59.34,0,15,,,2004,아파트,중개거래,서울 금천구
2025,11620,관악구,10100,봉천동,1,대지,1717,0,관악푸르지오,20251230,91500,59.58,0,3,,,2004,아파트,중개거래,서울 관악구
2025,11530,구로구,10200,구로동,1,대지,611,26,구로동복합건물OPUS1,20251230,14900,31.2,40.59,4,,,2004,오피스텔,중개거래,서울 구로구
2025,11440,마포구,12200,합정동,1,대지,447,8,국도맨션,20251230,93200,77.2,56,1,,,1981,연립다세대,직거래,
2025,11545,금천구,10200,독산동,1,대지,1156,0,금천 롯데캐슬 골드파크 4차,20251230,17800,24.21,38.1,35,,,2019,오피스텔,중개거래,서울 금천구
2025,11260,중랑구,10400,묵동,1,대지,180,1,다복쉐르빌,20251230,30000,71.7,32,3,,,2002,연립다세대,중개거래,서울 동대문구
2025,11545,금천구,10200,독산동,1,대지,1155,0,금천롯데캐슬골드파크3차,20251230,94500,59.966,0,41,,,2018,아파트,중개거래,서울 금천구
2025,11305,강북구,10100,미아동,1,대지,1369,0,꿈의숲해링턴플레이스,20251230,95000,84.67,0,7,,,2019,아파트,중개거래,서울 강북구
2025,11290,성북구,13400,길음동,1,대지,1283,0,길음뉴타운6단지(래미안),20251230,120000,59.373,0,12,,,2007,아파트,중개거래,서울 성북구
2025,11290,성북구,13400,길음동,1,대지,1280,0,길음뉴타운2단지푸르지오,20251230,83000,59.99,0,5,,,2005,아파트,중개거래,서울 성북구
2025,11350,노원구,10600,중계동,1,대지,598,0,한화꿈에그린,20251230,83000,84.902,0,4,,,2005,아파트,중개거래,서울 노원구
2025,11740,강동구,10700,암사동,1,대지,496,21,한솔아트빌,20251230,22000,40.83,27,5,,,2008,연립다세대,직거래,
2025,11320,도봉구,10600,방학동,1,대지,271,1,신동아아파트1,20251230,34500,53.16,0,3,,,1986,아파트,중개거래,서울 도봉구
2025,11710,송파구,10300,풍납동,1,대지,510,0,신성노바빌아파트,20251230,125000,84.96,0,5,,,2000,아파트,중개거래,"서울 강동구, 서울 송파구"
2025,11380,은평구,10800,역촌동,1,대지,85,12,센타폴리스,20251230,104000,136.83,0,6,,,2004,아파트,중개거래,서울 은평구
2025,11410,서대문구,11700,연희동,1,대지,740,0,성원,20251230,68000,59.61,0,3,,,2001,아파트,중개거래,서울 서대문구
2025,11230,동대문구,10600,장안동,1,대지,567,0,신일해피트리2차(567),20251230,68500,79.51,0,3,,,2005,아파트,중개거래,서울 동대문구
2025,11710,송파구,10900,장지동,1,대지,843,0,송파파인타운9단지,20251230,163000,59.95,0,13,,,2007,아파트,중개거래,"경기 성남시 중원구, 서울 송파구"
2025,11440,마포구,12000,서교동,1,대지,469,66,애플하우스,20251230,39000,35.96,26,3,,,2013,연립다세대,중개거래,서울 마포구
2025,11530,구로구,10200,구로동,1,대지,97,2,순영웰라이빌2차,20251230,49000,64.45,0,22,,20260102,2005,아파트,중개거래,서울 구로구
2025,11620,관악구,10200,신림동,1,대지,87,93,"어반팰리스(103동,105동)",20251230,36000,29.73,18,5,,,2017,연립다세대,중개거래,서울 관악구
2025,11560,영등포구,11800,도림동,1,대지,57,0,영광빌라,20251230,49500,20.1,21,2,,,2021,연립다세대,중개거래,서울 영등포구
2025,11590,동작구,10100,노량진동,1,대지,226,10,영신파크빌,20251230,205000,60.93,35,2,,,2002,연립다세대,중개거래,서울 동작구
2025,11200,성동구,10200,하왕십리동,1,대지,1070,0,센트라스,20251230,201000,59.94,0,6,,,2016,아파트,중개거래,"서울 성동구, 서울 중구"
2025,11710,송파구,10600,삼전동,1,대지,69,14,성호빌(69-14),20251230,56000,56.26,20,4,,,2003,연립다세대,중개거래,서울 송파구
2025,11650,서초구,10800,서초동,1,대지,1487,29,신성아트빌라,20251230,57000,132.53,78,1,,20260102,1990,연립다세대,직거래,
2025,11260,중랑구,10300,중화동,1,대지,299,102,세종에코그린(299-102),20251230,37000,43.02,29,3,,,2017,연립다세대,중개거래,서울 중랑구
2025,11560,영등포구,10200,영등포동1가,1,대지,75,4,스테이72여의도,20251230,13500,12.21,0,4,,,2013,아파트,직거래,
2025,11290,성북구,13600,하월곡동,1,대지,88,64,성북힐스테이트(101동),20251230,91500,101.97,0,5,,,2007,아파트,중개거래,서울 성북구
2025,11740,강동구,10900,천호동,1,대지,451,20,오피스텔 트레벨,20251230,13800,28.43,38.74,5,,,2003,오피스텔,중개거래,서울 강동구
2025,11710,송파구,10800,문정동,1,대지,624,0,송파 아이파크,20251230,22500,25.87,37.07,11,,,2015,오피스텔,중개거래,서울 송파구
2025,11710,송파구,10800,문정동,1,대지,150,0,올림픽훼밀리타운,20251230,268000,84.705,0,13,,,1988,아파트,중개거래,"서울 서초구, 서울 송파구"
2025,11380,은평구,10700,응암동,1,대지,111,1,송원하이본,20251230,12500,35.62,45.42,7,,,2003,오피스텔,중개거래,서울 은평구
2025,11230,동대문구,10200,용두동,1,대지,791,0,용두두산위브,20251230,135000,105.6,0,19,,,2009,아파트,중개거래,서울 동대문구
2025,11170,용산구,12500,한강로2가,1,대지,420,0,용산푸르지오써밋,20251230,45000,26.696,41.8674,21,,,2017,오피스텔,중개거래,서울 용산구
2025,11560,영등포구,13300,대림동,1,대지,650,0,성원(650),20251230,64000,59.63,0,19,,,1995,아파트,중개거래,서울 영등포구
2025,11260,중랑구,10600,신내동,1,대지,661,0,신내11대명,20251230,43000,49.77,0,3,,,1996,아파트,중개거래,서울 중랑구
2025,11500,강서구,10200,등촌동,1,대지,630,3,우성,20251230,60000,47.38,0,14,,,1992,아파트,중개거래,서울 동작구
2025,11230,동대문구,10400,전농동,1,대지,687,0,전농동신성미소지움,20251230,108700,55.371,0,12,,,2005,아파트,중개거래,서울 동대문구
2025,11470,양천구,10200,목동,1,대지,959,0,정은스카이빌(959),20251230,67300,68.18,0,2,,,2006,아파트,중개거래,서울 양천구
2025,11500,강서구,10100,염창동,1,대지,252,2,제니스알앤씨,20251230,29000,29,16,3,,,2017,연립다세대,중개거래,"서울 강서구, 서울 금천구"
2025,11350,노원구,10600,중계동,1,대지,359,1,주공5,20251230,45000,44.52,0,1,,,1992,아파트,중개거래,서울 노원구
2025,11230,동대문구,10900,휘경동,1,대지,57,0,주공2,20251230,70000,59.79,0,15,,,2001,아파트,중개거래,서울 동대문구
2025,11200,성동구,10900,금호동1가,1,대지,1823,0,e편한세상신금호파크힐스,20251230,215000,59.949,0,8,,,2019,아파트,중개거래,서울 성동구
2025,11410,서대문구,11000,북아현동,1,대지,1013,0,e편한세상신촌1단지,20251230,180000,59.97,0,4,,,2018,아파트,중개거래,"서울 서대문구, 서울 성동구"
2025,11410,서대문구,11800,홍은동,1,대지,469,0,e편한세상홍제가든플라츠,20251230,127500,84.994,0,14,,,2023,아파트,중개거래,서울 서대문구
2025,11350,노원구,10300,공릉동,1,대지,108,0,우방아파트,20251230,60000,61.151,0,12,,,2000,아파트,중개거래,서울 노원구
2025,11560,영등포구,13200,신길동,1,대지,365,0,우성1,20251230,88000,49.64,0,3,,,1986,아파트,중개거래,"경기 부천시 원미구, 서울 영등포구"
2025,11410,서대문구,11900,북가좌동,1,대지,431,0,DMC한양,20251230,76000,65.34,0,13,,,1987,아파트,중개거래,서울 서대문구
2025,11110,종로구,13400,경운동,1,대지,89,4,운현궁 에스케이 허브,20251230,24800,23.66,32.63,8,,,2005,오피스텔,중개거래,서울 종로구
2025,11380,은평구,10100,수색동,1,대지,416,1,DMC 진흥,20251230,69700,57.503,0,11,,,2003,아파트,중개거래,서울 은평구
2025,11500,강서구,10300,화곡동,1,대지,987,7,원타워 5차 오피스텔,20251230,18300,17.04,31.1,17,,,2021,오피스텔,직거래,
2025,11170,용산구,10200,용산동2가,1,대지,5,1507,(5-1507),20251230,23000,34.23,13,-1,,,1999,연립다세대,중개거래,서울 용산구
2025,11290,성북구,13600,하월곡동,1,대지,222,0,월곡두산위브,20251230,89000,84.843,0,6,,,2003,아파트,중개거래,서울 성북구
2025,11590,동작구,10700,사당동,1,대지,161,79,위드빌7차,20251230,43200,41.69,23,2,,,2013,연립다세대,직거래,
2025,11380,은평구,11400,진관동,1,대지,64,0,은평뉴타운 힐데스하임,20251230,41000,54.41,74.57,4,,,2017,오피스텔,중개거래,서울 은평구
2025,11410,서대문구,11800,홍은동,1,대지,265,161,인산엘르빌A,20251230,12700,19.54,17,5,,,2016,연립다세대,중개거래,서울 마포구
2025,11260,중랑구,10400,묵동,1,대지,179,6,토토하우스(179-6),20251230,14900,28.49,16,2,,,2013,연립다세대,직거래,
2025,11620,관악구,10200,신림동,1,대지,1563,79,태양하이츠빌라,20251230,16000,44.4,45,2,,,1990,연립다세대,중개거래,서울 관악구
2025,11350,노원구,10300,공릉동,1,대지,81,0,태강아파트(아이파크),20251230,57000,49.6,0,15,,,1999,아파트,중개거래,서울 노원구
2025,11680,강남구,11800,도곡동,1,대지,467,0,타워팰리스,20251230,220000,75.29,107.65,17,,,2002,오피스텔,중개거래,서울 강남구
2025,11290,성북구,13900,석관동,1,대지,405,0,코오롱,20251230,76500,84.87,0,11,,,1999,아파트,중개거래,서울 동대문구
2025,11440,마포구,12200,합정동,1,대지,447,26,청정빌,20251230,59600,48.4,26,2,,,2002,연립다세대,직거래,
2025,11440,마포구,12200,합정동,1,대지,447,26,청정빌,20251230,59600,48.4,26,2,,,2002,연립다세대,직거래,
2025,11560,영등포구,10300,영등포동2가,1,대지,28,120,청람,20251230,23000,39.72,45.57,4,,,2017,오피스텔,중개거래,서울 서초구
2025,11680,강남구,10400,청담동,1,대지,38,0,청담스테이,20251230,75000,29.64,16,6,,,2018,연립다세대,직거래,
2025,11350,노원구,10400,하계동,1,대지,284,0,청구,20251230,79900,84.97,0,1,,,1988,아파트,중개거래,서울 노원구
2025,11320,도봉구,10700,창동,1,대지,316,0,창동주공2단지,20251230,47000,45.9,0,6,,,1990,아파트,중개거래,서울 도봉구
2025,11530,구로구,10300,가리봉동,1,대지,96,2,중앙하이츠빌(가동),20251230,44000,70.56,38,5,,,2003,연립다세대,중개거래,서울 구로구
2025,11230,동대문구,10600,장안동,1,대지,374,1,장안현대벤처빌,20251230,13300,32.24,41.6,14,,,2004,오피스텔,직거래,
2025,11215,광진구,10300,구의동,1,대지,680,0,e편한세상광진그랜드파크,20251230,246000,115.997,0,5,,,2021,아파트,중개거래,서울 광진구
2025,11350,노원구,10600,중계동,1,대지,512,0,중계무지개,20251230,60000,59.26,0,6,,,1991,아파트,중개거래,서울 노원구
2025,11380,은평구,10700,응암동,1,대지,71,11,삼영평안채,20251230,24800,29.64,20,2,,,2018,연립다세대,중개거래,서울 은평구
2025,11530,구로구,10600,고척동,1,대지,334,0,벽산,20251230,92500,84.878,0,6,,,2003,아파트,중개거래,서울 구로구
2025,11350,노원구,10500,상계동,1,대지,749,5,상계주공4(고층),20251230,60000,59.2,0,7,,,1988,아파트,중개거래,서울 노원구
2025,11350,노원구,10500,상계동,1,대지,720,0,상계주공6(고층),20251230,43000,32.39,0,12,,,1988,아파트,중개거래,서울 노원구
2025,11590,동작구,10200,상도동,1,대지,299,64,미소가8차,20251230,21000,26.92,16,5,,,2013,연립다세대,중개거래,서울 서초구
2025,11410,서대문구,11800,홍은동,1,대지,467,0,북한산두산위브,20251230,76000,59.89,0,15,,,2020,아파트,중개거래,서울 서대문구
2025,11110,종로구,17100,명륜2가,1,대지,157,0,선흥그린빌리치,20251230,42000,93.26,55,3,,,1998,연립다세대,직거래,
2025,11410,서대문구,11900,북가좌동,1,대지,449,0,북가좌삼호,20251230,88700,84.57,0,15,,,1996,아파트,중개거래,서울 서대문구
2025,11350,노원구,10500,상계동,1,대지,666,0,상계주공10(고층),20251230,56000,49.94,0,8,,,1988,아파트,중개거래,서울 노원구
2025,11470,양천구,10100,신정동,1,대지,318,10,삼성쉐르빌,20251230,289000,221.44,0,32,,,2003,아파트,중개거래,서울 양천구
2025,11410,서대문구,11100,홍제동,1,대지,478,0,서대문푸르지오센트럴파크,20251230,112000,49.5,0,15,,,2022,아파트,중개거래,"서울 마포구, 서울 서대문구"
2025,11545,금천구,10300,시흥동,1,대지,1010,0,벽산,20251230,56000,114.84,0,17,,,2000,아파트,중개거래,서울 금천구
2025,11350,노원구,10500,상계동,1,대지,765,0,상계주공1(고층),20251230,54500,59.28,0,6,,,1988,아파트,중개거래,서울 노원구
2025,11440,마포구,12000,서교동,1,대지,353,1,서교타워,20251230,19600,37.12,46.07,6,,,1999,오피스텔,중개거래,서울 마포구
2025,11650,서초구,10200,양재동,1,대지,386,19,베스트하우스,20251230,71000,75.27,48,2,,,2003,연립다세대,중개거래,서울 서초구
2025,11500,강서구,10900,방화동,1,대지,814,0,방화5,20251230,57300,49.77,0,1,,,1994,아파트,중개거래,서울 강서구
2025,11650,서초구,10100,방배동,1,대지,866,20,방배대우디오빌,20251230,30000,29.6,0,11,,,2005,아파트,중개거래,서울 서초구
2025,11590,동작구,10900,신대방동,1,대지,724,0,보라매자이더포레스트,20251230,145000,59.339,0,6,,,2021,아파트,중개거래,서울 동작구
2025,11350,노원구,10500,상계동,1,대지,626,0,상계주공14(저층),20251230,77600,84.41,0,2,,,1989,아파트,중개거래,서울 노원구
2025,11320,도봉구,10800,도봉동,1,대지,30,1,한신,20251230,57000,84.94,0,4,,20260305,1995,아파트,중개거래,서울 도봉구
2025,11320,도봉구,10600,방학동,1,대지,496,0,벽산아파트2,20251230,52000,84.98,0,9,,,1998,아파트,중개거래,서울 도봉구
2025,11545,금천구,10200,독산동,1,대지,1006,78,문정아트빌A동,20251230,19000,26.81,14,2,,,2016,연립다세대,직거래,
2025,11440,마포구,12500,성산동,1,대지,593,1,벽산상암스마트큐브,20251230,15500,20.74,30.39,10,,,2017,오피스텔,중개거래,서울 마포구
2025,11620,관악구,10100,봉천동,1,대지,1720,0,벽산블루밍3차,20251230,99000,111.04,0,16,,,2004,아파트,중개거래,"서울 관악구, 서울 마포구"
2025,11350,노원구,10500,상계동,1,대지,749,5,상계주공4(고층),20251230,60000,58.01,0,3,,,1988,아파트,중개거래,서울 노원구
2025,11230,동대문구,10400,전농동,1,대지,690,0,래미안크레시티,20251230,170000,84.98,0,11,,,2014,아파트,중개거래,서울 동대문구
2025,11470,양천구,10200,목동,1,대지,29,47,럭키빌라5동,20251230,9200,45.62,33,-1,,,1993,연립다세대,중개거래,서울 양천구
2025,11710,송파구,11100,방이동,1,대지,144,36,동명빌라,20251230,31400,54.59,25,5,,,2002,연립다세대,중개거래,서울 송파구
2025,11740,강동구,10200,고덕동,1,대지,688,0,래미안힐스테이트고덕,20251230,240000,97.26,0,3,,,2016,아파트,중개거래,서울 강동구
2025,11230,동대문구,10500,답십리동,1,대지,41,0,동서울한양,20251230,65000,76.41,0,4,,,1989,아파트,중개거래,서울 동대문구
2025,11350,노원구,10300,공릉동,1,대지,745,0,동신아파트,20251230,58000,59.99,0,7,,,1999,아파트,중개거래,"서울 강동구, 서울 노원구"
2025,11290,성북구,13700,상월곡동,1,대지,101,0,동아에코빌,20251230,70500,59.95,0,17,,,2003,아파트,중개거래,서울 성북구
2025,11305,강북구,10100,미아동,1,대지,811,0,두산위브트레지움,20251230,85000,84.92,0,9,,,2011,아파트,중개거래,"서울 강북구, 서울 종로구"
2025,11470,양천구,10200,목동,1,대지,324,186,동진빌라,20251230,38000,40.01,24,2,,,2016,연립다세대,중개거래,"서울 마포구, 서울 양천구"
2025,11470,양천구,10200,목동,1,대지,923,15,목동 굿모닝탑,20251230,168000,112.998,131.608,19,,,2004,오피스텔,중개거래,서울 양천구
2025,11530,구로구,10900,궁동,1,대지,292,0,로제트힐,20251230,29900,51.27,46,2,,,2016,연립다세대,중개거래,서울 영등포구
2025,11260,중랑구,10100,면목동,1,대지,1528,0,면목동금호어울림아파트,20251230,73000,84.082,0,4,,,2005,아파트,중개거래,서울 중랑구
2025,11500,강서구,10500,마곡동,1,대지,1181,0,마곡청구아파트,20251230,75000,59.91,0,14,,,1998,아파트,중개거래,서울 강서구
2025,11500,강서구,10500,마곡동,1,대지,758,4,마곡럭스나인오피스텔,20251230,14000,21.87,30.7,9,,,2016,오피스텔,중개거래,서울 강서구
2025,11230,동대문구,10500,답십리동,1,대지,1003,0,래미안위브,20251230,151500,59.99,0,9,,,2014,아파트,중개거래,서울 동대문구
2025,11500,강서구,10100,염창동,1,대지,253,6,링크253,20251230,22400,27.65,13,4,,,2016,연립다세대,중개거래,서울 강서구
2025,11470,양천구,10200,목동,1,대지,925,0,목동신시가지7,20251230,231500,53.88,0,3,,,1986,아파트,중개거래,서울 양천구
2025,11470,양천구,10100,신정동,1,대지,326,0,목동신시가지12,20251230,180000,56.76,0,1,,,1988,아파트,중개거래,서울 양천구
2025,11440,마포구,12700,상암동,1,대지,1655,0,상암월드컵파크4단지,20251230,157000,84.66,0,9,,20260212,2006,아파트,중개거래,"서울 강서구, 서울 은평구"
2025,11650,서초구,10100,방배동,1,대지,890,12,더반지움,20251230,50000,29.67,18,2,,,2023,연립다세대,중개거래,서울 서초구
2025,11470,양천구,10100,신정동,1,대지,325,0,목동신시가지11,20251230,186500,66.24,0,6,,,1988,아파트,중개거래,서울 양천구
2025,11560,영등포구,13200,신길동,1,대지,4974,0,더샵파크프레스티지,20251230,138000,59.863,0,5,,,2022,아파트,중개거래,"서울 관악구, 서울 영등포구"
2025,11680,강남구,10100,역삼동,1,대지,778,11,아이리스,20251229,38900,22.04,13,3,,,2010,연립다세대,중개거래,서울 강남구
2025,11170,용산구,11900,효창동,1,대지,288,0,용산데시앙포레,20251229,177500,84.941,0,4,,,2022,아파트,중개거래,서울 용산구
2025,11200,성동구,10200,하왕십리동,1,대지,1061,0,왕십리풍림아이원,20251229,137500,59.936,0,10,,,2004,아파트,중개거래,"서울 강남구, 서울 성동구"
2025,11560,영등포구,12700,양평동3가,1,대지,106,0,양평역미소지움,20251229,88200,59.343,0,3,,,2018,아파트,중개거래,서울 영등포구
2025,11560,영등포구,10100,영등포동,1,대지,647,0,영등포푸르지오,20251229,149400,79.777,0,17,,,2002,아파트,중개거래,서울 영등포구
2025,11470,양천구,10100,신정동,1,대지,311,0,목동신시가지10,20251229,310000,127.21,0,2,,20260122,1987,아파트,중개거래,서울 양천구
2025,11650,서초구,10600,잠원동,1,대지,73,0,신반포2,20251229,635000,150.58,0,2,,,1978,아파트,중개거래,서울 서초구
2025,11230,동대문구,10600,장안동,1,대지,374,1,장안현대벤처빌,20251229,19000,43.42,56.03,11,,20251229,2004,오피스텔,중개거래,서울 동대문구
2025,11470,양천구,10100,신정동,1,대지,1259,0,신트리1,20251229,81000,59.73,0,11,,,1999,아파트,중개거래,서울 양천구
2025,11410,서대문구,11100,홍제동,1,대지,467,0,인왕산어울림,20251229,103500,119.82,0,1,,,2006,아파트,중개거래,서울 서대문구
2025,11380,은평구,11400,진관동,1,대지,65,0,은평뉴타운엘크루,20251229,41850,59.26,84.32,1,,,2017,오피스텔,중개거래,서울 은평구
2025,11470,양천구,10100,신정동,1,대지,940,33,유니크4차,20251229,49000,29.55,19,3,,,2021,연립다세대,중개거래,서울 양천구
2025,11305,강북구,10300,수유동,1,대지,451,126,유니빌,20251229,14500,29.67,19,5,,,2016,연립다세대,중개거래,서울 강북구
2025,11470,양천구,10200,목동,1,대지,324,97,신한목동펠리스,20251229,28500,17.84,11,6,,,2022,연립다세대,중개거래,서울 양천구
2025,11230,동대문구,10800,회기동,1,대지,65,0,신현대,20251229,77000,60.48,0,8,,,1989,아파트,중개거래,서울 동대문구
2025,11320,도봉구,10700,창동,1,대지,807,0,쌍용,20251229,77000,59.88,0,11,,,1997,아파트,중개거래,서울 도봉구
2025,11350,노원구,10200,월계동,1,대지,951,0,월계센트럴아이파크,20251229,109000,84.99,0,5,,,2020,아파트,중개거래,서울 노원구
2025,11590,동작구,10200,상도동,1,대지,244,163,우정빌라트(244-163),20251229,71000,60.53,34,2,,,2002,연립다세대,중개거래,서울 동작구
2025,11380,은평구,10400,갈현동,1,대지,275,128,양지,20251229,12850,49.09,42,2,,,1989,연립다세대,중개거래,서울 은평구
2025,11740,강동구,10600,둔촌동,1,대지,134,10,신성둔촌미소지움2,20251229,120000,59.88,0,16,,,2000,아파트,중개거래,서울 강동구
2025,11470,양천구,10100,신정동,1,대지,982,1,신이모닝빌,20251229,56000,79.98,0,3,,,2004,아파트,중개거래,서울 양천구
2025,11230,동대문구,10600,장안동,1,대지,374,1,장안현대벤처빌,20251229,19000,43.42,56.03,11,,,2004,오피스텔,중개거래,"서울 동대문구, 서울 중랑구"
2025,11290,성북구,13300,정릉동,1,대지,398,5,효성아트빌(2차),20251229,20000,60.18,37,3,,,2010,연립다세대,직거래,
2025,11650,서초구,10800,서초동,1,대지,1455,9,경남아너스빌,20251229,230000,136.224,0,11,,,2005,아파트,중개거래,서울 서초구
2025,11215,광진구,10700,화양동,,,,,,20251229,165000,178.62,112,,,,1988,단독다가구,직거래,
2025,11590,동작구,10100,노량진동,,,,,,20251229,250000,57.75,116,,,,1963,단독다가구,중개거래,"서울 동작구, 서울 성동구"
2025,11560,영등포구,12600,양평동2가,1,대지,1,3,힘멜하임,20251229,14500,18.84,44.51,6,,,2014,오피스텔,중개거래,서울 영등포구
2025,11740,강동구,10700,암사동,1,대지,675,0,힐스테이트 강동 리버뷰,20251229,159000,84.997,0,20,,,2019,아파트,중개거래,서울 강동구
2025,11440,마포구,12300,망원동,1,대지,509,0,휴먼빌,20251229,89600,59.955,0,15,,,2004,아파트,중개거래,서울 마포구
2025,11710,송파구,10300,풍납동,1,대지,413,1,현대1,20251229,174000,83.02,0,18,,,1995,아파트,중개거래,서울 송파구
2025,11500,강서구,10400,가양동,1,대지,1490,0,가양도시개발9-2단지,20251229,60000,39.6,0,8,,,1993,아파트,중개거래,서울 강서구
2025,11740,강동구,10200,고덕동,1,대지,210,1,고덕센트럴푸르지오,20251229,147000,59.09,0,33,,,2020,아파트,중개거래,서울 강동구
2025,11410,서대문구,11800,홍은동,1,대지,455,0,홍은동벽산,20251229,60000,58.64,0,13,,,1997,아파트,중개거래,서울 서대문구
2025,11305,강북구,10300,수유동,1,대지,286,1,가온팰리스,20251229,31500,45.71,31,4,,,2017,연립다세대,중개거래,서울 강북구
2025,11260,중랑구,10400,묵동,1,대지,238,48,레몬트리지움,20251229,14700,29.85,19,5,,20260223,2012,연립다세대,중개거래,서울 중랑구
2025,11410,서대문구,11800,홍은동,1,대지,455,0,홍은동벽산,20251229,61000,58.64,0,12,,,1997,아파트,중개거래,서울 서대문구
2025,11470,양천구,10200,목동,1,대지,714,10,(714-10),20251229,18000,36.69,27,-1,,,1991,연립다세대,중개거래,서울 양천구
2025,11740,강동구,10100,명일동,1,대지,46,2,고덕역 효성해링턴 타워 더퍼스트,20251229,29500,26.403,40.6133,5,,,2020,오피스텔,직거래,
2025,11230,동대문구,10100,신설동,1,대지,91,244,(91-244),20251229,34000,37.19,29,1,,,1980,연립다세대,직거래,
2025,11560,영등포구,13300,대림동,1,대지,785,1,현대1,20251229,80000,84.75,0,11,,,1992,아파트,중개거래,서울 영등포구
2025,11440,마포구,10100,아현동,1,대지,437,3,고려아카데미텔,20251229,12500,19.6,23.05,13,,,1987,오피스텔,직거래,
2025,11500,강서구,10100,염창동,1,대지,288,0,현대1,20251229,107800,84.96,0,9,,,1994,아파트,중개거래,서울 강서구
2025,11440,마포구,10100,아현동,1,대지,437,3,고려아카데미텔,20251229,24000,39.2,46.11,17,,,1987,오피스텔,직거래,
2025,11530,구로구,10700,개봉동,1,대지,480,0,현대홈타운,20251229,82000,84.915,0,27,,,2001,아파트,중개거래,서울 구로구
2025,11500,강서구,10400,가양동,1,대지,1485,0,가양6단지,20251229,95000,49.5,0,14,,,1992,아파트,중개거래,"서울 강서구, 서울 서초구"
2025,11710,송파구,10800,문정동,1,대지,104,0,현대,20251229,97500,84.03,0,3,,,1991,아파트,중개거래,서울 송파구
2025,11710,송파구,10800,문정동,1,대지,88,18,TheVILLEⅡ,20251229,30500,27.43,16,3,,,2017,연립다세대,중개거래,서울 송파구
2025,11620,관악구,10100,봉천동,1,대지,1000,0,현대(관악),20251229,92800,68.8,0,14,,,1992,아파트,중개거래,"서울 관악구, 서울 동작구"
2025,11215,광진구,10700,화양동,1,대지,174,0,건대 트레비앙 오피스텔,20251229,25000,17.462,30.3256,8,,,2023,오피스텔,직거래,
2025,11260,중랑구,10600,신내동,1,대지,785,0,건영2차,20251229,51900,57.3,0,1,,,1996,아파트,중개거래,서울 중랑구
2025,11290,성북구,13300,정릉동,1,대지,412,33,헤밍웨이하우스,20251229,32500,59.68,38,3,,,2019,연립다세대,중개거래,서울 성북구
2025,11215,광진구,10200,능동,1,대지,240,10,가온누리,20251229,42000,26.59,21,3,,,2015,연립다세대,중개거래,서울 중랑구
2025,11470,양천구,10100,신정동,1,대지,329,0,목동신시가지14,20251229,183000,55.02,0,9,,,1987,아파트,중개거래,서울 양천구
2025,11620,관악구,10200,신림동,1,대지,478,3,로엘리스,20251229,33550,28.39,21,2,,,2025,연립다세대,직거래,
2025,11620,관악구,10200,신림동,1,대지,478,3,로엘리스,20251229,34100,28.17,21,3,,,2025,연립다세대,직거래,
2025,11620,관악구,10200,신림동,1,대지,478,3,로엘리스,20251229,33800,28.17,21,2,,,2025,연립다세대,직거래,
2025,11230,동대문구,10600,장안동,1,대지,329,3,래미안장안2차,20251229,106300,81.05,0,2,,,2007,아파트,중개거래,서울 동대문구
2025,11230,동대문구,10600,장안동,1,대지,354,2,래미안장안,20251229,108500,84.774,0,5,,,2003,아파트,중개거래,서울 동대문구
2025,11230,동대문구,10500,답십리동,1,대지,1003,0,래미안위브,20251229,149800,84.98,0,1,,,2014,아파트,중개거래,서울 동대문구
2025,11590,동작구,10200,상도동,1,대지,431,0,래미안상도3차,20251229,171000,84.96,0,11,,,2004,아파트,중개거래,"서울 동작구, 서울 용산구"
2025,11560,영등포구,11100,당산동1가,1,대지,256,76,드림캐슬,20251229,42000,42.95,52.61,4,,,2023,오피스텔,직거래,
2025,11470,양천구,10200,목동,1,대지,901,0,목동신시가지1,20251229,227000,65.34,0,3,,,1985,아파트,중개거래,서울 양천구
2025,11500,강서구,10900,방화동,1,대지,814,0,방화5,20251229,62500,49.77,0,2,,,1994,아파트,중개거래,서울 강서구
2025,11650,서초구,10100,방배동,1,대지,169,24,방배한화,20251229,235000,124.39,0,8,,,2001,아파트,중개거래,서울 서초구
2025,11620,관악구,10200,신림동,1,대지,478,3,로엘리스,20251229,33900,28.39,21,4,,,2025,연립다세대,직거래,
2025,11620,관악구,10200,신림동,1,대지,478,3,로엘리스,20251229,33900,28.39,21,5,,,2025,연립다세대,직거래,
2025,11620,관악구,10200,신림동,1,대지,478,3,로엘리스,20251229,33900,28.39,21,3,,,2025,연립다세대,직거래,
2025,11620,관악구,10200,신림동,1,대지,478,3,로엘리스,20251229,36350,29.62,22,3,,,2025,연립다세대,직거래,
2025,11620,관악구,10200,신림동,1,대지,478,3,로엘리스,20251229,36350,29.62,22,4,,,2025,연립다세대,직거래,
2025,11620,관악구,10200,신림동,1,대지,478,3,로엘리스,20251229,36350,29.62,22,5,,,2025,연립다세대,직거래,
2025,11620,관악구,10200,신림동,1,대지,478,3,로엘리스,20251229,36000,29.62,22,2,,,2025,연립다세대,직거래,
2025,11620,관악구,10200,신림동,1,대지,478,3,로엘리스,20251229,35800,29.98,23,4,,,2025,연립다세대,직거래,
2025,11620,관악구,10200,신림동,1,대지,478,3,로엘리스,20251229,35450,29.98,23,2,,,2025,연립다세대,직거래,
2025,11620,관악구,10200,신림동,1,대지,478,3,로엘리스,20251229,35800,29.98,23,5,,,2025,연립다세대,직거래,
2025,11620,관악구,10200,신림동,1,대지,478,3,로엘리스,20251229,35800,29.98,23,3,,,2025,연립다세대,직거래,
2025,11620,관악구,10200,신림동,1,대지,478,3,로엘리스,20251229,34750,30.21,23,2,,,2025,연립다세대,직거래,
2025,11620,관악구,10200,신림동,1,대지,478,3,로엘리스,20251229,35050,30.21,23,3,,,2025,연립다세대,직거래,
2025,11470,양천구,10100,신정동,1,대지,337,0,목동우성2,20251229,112000,84.96,0,15,,,2000,아파트,중개거래,서울 양천구
2025,11620,관악구,10200,신림동,1,대지,478,3,로엘리스,20251229,40650,32.42,25,4,,,2025,연립다세대,직거래,
2025,11620,관악구,10200,신림동,1,대지,478,3,로엘리스,20251229,36750,32.42,25,5,,,2025,연립다세대,직거래,
2025,11560,영등포구,11800,도림동,1,대지,141,141,로즈힐,20251229,55000,29.71,21,4,,,2023,연립다세대,중개거래,서울 성북구
2025,11350,노원구,10600,중계동,1,대지,505,0,롯데(505),20251229,54500,54.48,0,13,,,1989,아파트,중개거래,서울 노원구
2025,11590,동작구,10900,신대방동,1,대지,713,0,롯데낙천대,20251229,104000,55.456,0,6,,,2003,아파트,중개거래,서울 동작구
2025,11410,서대문구,11100,홍제동,1,대지,463,0,문화촌현대,20251229,61000,59.94,0,1,,,2002,아파트,중개거래,서울 서대문구
2025,11590,동작구,10700,사당동,1,대지,1132,0,롯데캐슬,20251229,95500,117.68,0,9,,,2003,아파트,직거래,
2025,11560,영등포구,12800,양평동4가,1,대지,281,0,르네상스 한강 오피스텔,20251229,38700,37.66,51.04,8,,,2004,오피스텔,중개거래,서울 영등포구
2025,11560,영등포구,13200,신길동,1,대지,187,5,미광빌라,20251229,16000,31.79,10,2,,,2001,연립다세대,중개거래,서울 영등포구
2025,11470,양천구,10200,목동,1,대지,904,0,목동신시가지4,20251229,235000,65.34,0,2,,,1986,아파트,중개거래,서울 양천구
2025,11470,양천구,10200,목동,1,대지,558,0,부림주택,20251229,30000,60.83,30,4,,,1994,연립다세대,중개거래,"서울 강서구, 서울 양천구"
2025,11470,양천구,10200,목동,1,대지,904,0,목동신시가지4,20251229,195000,47.25,0,18,,,1986,아파트,중개거래,서울 양천구
2025,11440,마포구,12300,망원동,1,대지,521,0,마포한강아이파크,20251229,142000,59.388,0,13,,,2019,아파트,중개거래,서울 마포구
2025,11620,관악구,10100,봉천동,1,대지,1718,0,벽산블루밍,20251229,93500,59.99,0,18,,,2005,아파트,중개거래,"서울 강남구, 서울 관악구"
2025,11350,노원구,10200,월계동,1,대지,13,0,미성,20251229,62400,33.28,0,5,,,1986,아파트,중개거래,서울 노원구
2025,11680,강남구,11400,일원동,1,대지,659,8,다세대주택,20251229,74000,50.12,33,1,,20260316,1986,연립다세대,중개거래,서울 강남구
2025,11380,은평구,10700,응암동,1,대지,768,0,백련산해모로,20251229,84000,59.92,0,3,,,2020,아파트,중개거래,"경기 광명시, 서울 은평구"
2025,11530,구로구,10100,신도림동,1,대지,643,0,동아1,20251229,124000,59.978,0,26,,,1999,아파트,중개거래,서울 구로구
2025,11680,강남구,11800,도곡동,1,대지,199,4,도곡지웰카운티101동,20251229,201000,107.11,0,1,,,2010,아파트,중개거래,서울 강남구
2025,11560,영등포구,13200,신길동,1,대지,4974,0,더샵파크프레스티지,20251229,138000,59.687,0,7,,,2022,아파트,중개거래,서울 영등포구
2025,11620,관악구,10100,봉천동,1,대지,1659,4,동림오피스텔,20251229,17000,25.19,35.51,11,,,2004,오피스텔,직거래,
2025,11260,중랑구,10600,신내동,1,대지,797,0,동성7,20251229,51000,59.34,0,8,,,1999,아파트,중개거래,서울 중랑구
2025,11500,강서구,10900,방화동,1,대지,817,0,동성,20251229,84400,84.95,0,7,,,1993,아파트,중개거래,서울 강서구
2025,11710,송파구,11100,방이동,1,대지,22,0,대우유토피아오피스텔,20251229,16000,27.69,41.45,21,,,1999,오피스텔,중개거래,서울 송파구
2025,11200,성동구,11200,금호동4가,1,대지,800,0,대우,20251229,217000,114.6,0,15,,,2001,아파트,중개거래,서울 성동구
2025,11740,강동구,10200,고덕동,1,대지,470,0,대우,20251229,137300,96,0,8,,,1986,아파트,중개거래,서울 강동구
2025,11230,동대문구,10800,회기동,1,대지,65,0,신현대,20251229,77000,60.48,0,8,,20251230,1989,아파트,중개거래,서울 동대문구
2025,11350,노원구,10200,월계동,1,대지,18,0,한진한화그랑빌,20251229,98700,84.97,0,23,,,2002,아파트,중개거래,서울 노원구
2025,11530,구로구,10100,신도림동,1,대지,644,0,동아2,20251229,142000,84.908,0,24,,,2000,아파트,중개거래,서울 구로구
2025,11200,성동구,10800,응봉동,1,대지,15,0,대림강변타운,20251229,174000,59.76,0,14,,,2001,아파트,중개거래,서울 성동구
2025,11320,도봉구,10800,도봉동,1,대지,613,21,동일맨션(613-21),20251229,10000,41.7,20,5,,,2002,연립다세대,직거래,
2025,11230,동대문구,11000,이문동,1,대지,225,0,대림e-편한세상,20251229,108000,114.937,0,3,,,2003,아파트,중개거래,서울 동대문구
2025,11110,종로구,17400,창신동,1,대지,232,0,두산,20251229,98000,84.9,0,1,,,1999,아파트,중개거래,서울 종로구
2025,11530,구로구,11200,항동,1,대지,241,0,한양수자인에듀힐즈,20251229,80250,76.951,0,9,,,2019,아파트,중개거래,서울 구로구
2025,11230,동대문구,10400,전농동,1,대지,597,11,전농동복합시설(청량리역DUO196),20251229,14500,21.41,30.93,4,,,2015,오피스텔,중개거래,서울 동대문구
2025,11560,영등포구,11500,당산동5가,1,대지,42,0,당산삼성래미안4차,20251229,266700,115.78,0,14,,,2003,아파트,중개거래,서울 영등포구
2025,11470,양천구,10200,목동,1,대지,718,20,정안빌라,20251229,17000,52.32,25,5,,,2003,연립다세대,중개거래,서울 강남구
2025,11530,구로구,11000,온수동,1,대지,157,0,다청림시티,20251229,26500,41.16,0,5,,,2015,아파트,중개거래,서울 구로구
2025,11320,도봉구,10800,도봉동,1,대지,30,1,한신,20251229,64000,84.94,0,11,,,1995,아파트,중개거래,서울 도봉구
2025,11320,도봉구,10800,도봉동,1,대지,30,1,한신,20251229,62600,84.94,0,5,,,1995,아파트,중개거래,서울 도봉구
2025,11230,동대문구,10600,장안동,1,대지,327,0,정은스카이빌101동,20251229,69500,81.17,0,4,,,2004,아파트,중개거래,서울 동대문구
2025,11590,동작구,10100,노량진동,1,대지,232,9,정호아트빌라,20251229,210000,64.44,36,2,,,1995,연립다세대,중개거래,"서울 동작구, 서울 성동구"
2025,11320,도봉구,10700,창동,1,대지,38,0,주공17단지,20251229,32000,36.16,0,9,,,1989,아파트,중개거래,서울 도봉구
2025,11680,강남구,11400,일원동,1,대지,659,8,다세대주택,20251229,74000,50.12,33,1,,,1986,연립다세대,중개거래,서울 강남구
2025,11590,동작구,10700,사당동,1,대지,316,261,한백리츠빌7차,20251229,34000,41.73,23,5,,,2012,연립다세대,중개거래,서울 동작구
2025,11410,서대문구,12000,남가좌동,1,대지,376,0,남가좌동현대,20251229,77000,59.4,0,2,,,1999,아파트,중개거래,서울 서대문구
2025,11305,강북구,10300,수유동,1,대지,252,44,금호맨션(252-44),20251229,23200,56.76,27,2,,,2003,연립다세대,중개거래,서울 강북구
2025,11305,강북구,10200,번동,1,대지,242,0,주공1단지,20251229,44000,41.3,0,14,,,1991,아파트,중개거래,서울 강북구
2025,11350,노원구,10600,중계동,1,대지,369,0,주공2,20251229,35500,44.52,0,14,,,1992,아파트,중개거래,서울 노원구
2025,11470,양천구,10200,목동,1,대지,315,34,준하이빌,20251229,34000,90.3,53,3,,,2002,연립다세대,중개거래,서울 양천구
2025,11260,중랑구,10500,망우동,1,대지,583,0,중랑숲리가,20251229,60000,59.978,0,9,,,2012,아파트,중개거래,서울 중랑구
2025,11380,은평구,10400,갈현동,1,대지,327,51,금강블루(327-51),20251229,25000,39.11,29,2,,,2014,연립다세대,중개거래,서울 은평구
2025,11350,노원구,10500,상계동,1,대지,387,10,중앙프라자,20251229,9000,13.36,9,2,,,2013,연립다세대,중개거래,서울 노원구
2025,11215,광진구,10500,자양동,1,대지,791,0,금강KCC,20251229,170000,84.98,0,7,,,2002,아파트,중개거래,서울 광진구
2025,11200,성동구,10100,상왕십리동,1,대지,811,0,텐즈힐(2단지),20251229,215000,84.92,0,7,,,2014,아파트,중개거래,"서울 성동구, 서울 성북구"
2025,11290,성북구,13300,정릉동,1,대지,435,0,중앙하이츠빌2단지,20251229,65000,59.978,0,9,,,2005,아파트,중개거래,서울 성북구
2025,11590,동작구,10900,신대방동,1,대지,395,73,캐릭터 그린빌,20251229,26000,51.59,75.57,11,,,2000,오피스텔,중개거래,서울 동작구
2025,11530,구로구,10200,구로동,1,대지,1259,0,구일우성,20251229,54000,59.44,0,16,,,1998,아파트,중개거래,서울 구로구
2025,11620,관악구,10200,신림동,1,대지,1612,24,에덴(가동),20251229,29000,53.13,40,1,,20260128,1989,연립다세대,중개거래,"경기 안양시 동안구, 서울 관악구"
2025,11710,송파구,11400,마천동,1,대지,607,0,송파파크데일2단지,20251229,132000,114.81,0,2,,,2011,아파트,중개거래,"경기 하남시, 서울 송파구"
2025,11530,구로구,10200,구로동,1,대지,108,2,새솔금호,20251229,63000,84.89,0,24,,,1996,아파트,중개거래,서울 구로구
2025,11680,강남구,11800,도곡동,1,대지,542,7,상원가동,20251229,28800,48.21,37,-1,,,1987,연립다세대,직거래,
2025,11470,양천구,10200,목동,1,대지,523,17,세교예지안3차,20251229,57200,33.9,27,3,,,2015,연립다세대,중개거래,서울 서대문구
2025,11710,송파구,10900,장지동,1,대지,879,0,송파더센트레,20251229,144000,51.77,0,13,,,2013,아파트,중개거래,서울 송파구
2025,11650,서초구,10800,서초동,1,대지,1442,6,스마트빌,20251229,17800,19.82,12,3,,,2015,연립다세대,중개거래,서울 강남구
2025,11290,성북구,13600,하월곡동,1,대지,90,1466,성훈빌리지,20251229,41000,48.81,34,3,,,2015,연립다세대,중개거래,"서울 도봉구, 서울 성북구"
2025,11350,노원구,10300,공릉동,1,대지,707,0,시영2단지(라이프)아파트,20251229,49000,49.5,0,12,,,1994,아파트,중개거래,서울 노원구
2025,11230,동대문구,10500,답십리동,1,대지,645,8,신답경남,20251229,62800,59.24,0,10,,,1991,아파트,중개거래,서울 동대문구
2025,11350,노원구,10600,중계동,1,대지,580,0,성원1,20251229,72000,59.75,0,13,,,1996,아파트,중개거래,"서울 강서구, 서울 노원구"
2025,11560,영등포구,12500,양평동1가,1,대지,245,0,삼환,20251229,66000,59.76,0,9,,,1994,아파트,중개거래,서울 영등포구
2025,11380,은평구,10900,신사동,1,대지,277,2,뉴서울(277-2),20251229,42000,60.88,0,4,,20260225,2003,아파트,중개거래,서울 은평구
2025,11560,영등포구,10900,영등포동8가,1,대지,76,1,삼환,20251229,155000,84.87,0,9,,,1999,아파트,중개거래,서울 영등포구
2025,11530,구로구,10600,고척동,1,대지,320,0,센츄리,20251229,65000,84.56,0,8,,,1994,아파트,중개거래,서울 구로구
2025,11350,노원구,10300,공릉동,1,대지,81,0,태강아파트(아이파크),20251229,53700,49.6,0,10,,20260122,1999,아파트,중개거래,서울 노원구
2025,11350,노원구,10200,월계동,1,대지,85,7,서울원 아이파크,20251229,145490,84.317,0,41,분양권,,0,아파트,중개거래,"부산 수영구, 서울 동대문구"
2025,11350,노원구,10600,중계동,1,대지,593,0,삼성,20251229,54000,59.9,0,9,,,1999,아파트,중개거래,서울 노원구
2025,11305,강북구,10100,미아동,1,대지,1357,0,삼각산아이원,20251229,71900,84.705,0,10,,,2003,아파트,중개거래,"서울 강북구, 서울 성북구"
2025,11560,영등포구,12700,양평동3가,1,대지,24,0,삼천리,20251229,108000,84.94,0,18,,,2000,아파트,중개거래,서울 영등포구
2025,11590,동작구,10700,사당동,1,대지,105,0,사당우성2,20251229,147000,59.89,0,1,,,1993,아파트,중개거래,서울 동작구
2025,11350,노원구,10500,상계동,1,대지,637,0,상계주공13(고층),20251229,38000,45.55,0,10,,,1989,아파트,중개거래,서울 노원구
2025,11170,용산구,10800,서계동,1,대지,219,17,서울역풍림아이원플러스,20251229,25000,25.38,36.44,2,,,2004,오피스텔,중개거래,서울 용산구
2025,11545,금천구,10100,가산동,1,대지,140,36,비즈트위트바이올렛5차,20251229,8500,12.19,0,10,,,2014,아파트,중개거래,서울 구로구
2025,11545,금천구,10100,가산동,1,대지,234,46,삼익,20251229,55000,84.69,0,11,,,1998,아파트,중개거래,"서울 관악구, 서울 금천구"
2025,11440,마포구,12700,상암동,1,대지,1734,0,상암 한화 오벨리스크,20251229,11900,24.22,31.39,8,,,2013,오피스텔,중개거래,서울 마포구
2025,11710,송파구,10800,문정동,1,대지,624,0,송파 아이파크,20251229,64000,49.7,71.217,4,,,2015,오피스텔,중개거래,서울 송파구
2025,11440,마포구,12700,상암동,1,대지,1637,0,상암월드컵파크2단지,20251229,118000,59.92,0,17,,,2003,아파트,중개거래,서울 마포구
2025,11215,광진구,10300,구의동,1,대지,668,0,래미안파크스위트,20251228,200000,84.98,0,12,,,2018,아파트,중개거래,서울 광진구
2025,11410,서대문구,11700,연희동,1,대지,520,36,연희궁빌라6차(520-36),20251228,30000,59.85,17,4,,,2001,연립다세대,중개거래,서울 서대문구
2025,11230,동대문구,10200,용두동,1,대지,791,0,용두두산위브,20251228,128000,105.6,0,4,,,2009,아파트,중개거래,서울 동대문구
2025,11290,성북구,10300,돈암동,1,대지,636,0,이수브라운스톤돈암,20251228,80500,59.99,0,19,,,2004,아파트,중개거래,서울 성북구
2025,11290,성북구,10300,돈암동,1,대지,609,1,한진(609-1),20251228,95000,113.67,0,15,,,1998,아파트,중개거래,서울 성북구
2025,11290,성북구,10300,돈암동,1,대지,609,1,한신,20251228,79000,68.13,0,14,,,1998,아파트,중개거래,서울 성북구
2025,11260,중랑구,10100,면목동,1,대지,190,17,한성네오빌(190-17),20251228,27000,57.57,36,2,,,2003,연립다세대,중개거래,서울 중랑구
2025,11305,강북구,10300,수유동,1,대지,58,54,하늘미소,20251228,26300,36.06,35,3,,,2018,연립다세대,중개거래,서울 강북구
2025,11305,강북구,10100,미아동,1,대지,1369,0,꿈의숲해링턴플레이스,20251228,93500,84.67,0,9,,,2019,아파트,중개거래,서울 강북구
2025,11470,양천구,10200,목동,1,대지,624,5,태청,20251228,44000,84.78,0,3,,,1999,아파트,중개거래,서울 양천구
2025,11620,관악구,10100,봉천동,1,대지,881,30,청룡2오피스텔,20251228,5900,11.4,16.32,7,,,2004,오피스텔,중개거래,서울 관악구
2025,11290,성북구,13900,석관동,1,대지,10,0,두산,20251228,71500,59.97,0,2,,,1998,아파트,중개거래,서울 성북구
2025,11410,서대문구,10500,냉천동,1,대지,261,0,돈의문센트레빌,20251228,149500,59.98,0,15,,,2011,아파트,중개거래,서울 서대문구
2025,11320,도봉구,10800,도봉동,1,대지,62,3,도봉 투웨니퍼스트 1단지,20251228,17450,29.66,38.77,7,,,2017,오피스텔,중개거래,서울 도봉구
2025,11530,구로구,10100,신도림동,1,대지,649,0,대림e-편한세상7,20251228,158000,84.928,0,20,,,2004,아파트,중개거래,서울 구로구
2025,11290,성북구,13400,길음동,1,대지,1284,0,길음뉴타운8단지(래미안),20251228,103000,59.99,0,13,,,2010,아파트,중개거래,서울 성북구
2025,11560,영등포구,13200,신길동,,,,,,20251228,154000,144.04,96,,,,1993,단독다가구,중개거래,서울 영등포구
2025,11215,광진구,10300,구의동,1,대지,33,83,가람과뫼,20251228,37000,23.46,18,1,,,2011,연립다세대,중개거래,서울 광진구
2025,11320,도봉구,10700,창동,1,대지,603,3,힐트리움-603,20251228,30800,52.17,25,3,,,2015,연립다세대,중개거래,서울 도봉구
2025,11140,중구,16200,신당동,1,대지,432,1657,뉴-남산빌B동,20251228,50000,57.4,39,4,,20260219,2008,연립다세대,중개거래,서울 중구
2025,11590,동작구,10400,본동,1,대지,492,0,삼성래미안,20251228,147000,84.226,0,3,,,2004,아파트,중개거래,서울 동작구
2025,11560,영등포구,13200,신길동,1,대지,4938,0,신길자이,20251228,117500,84.94,0,9,,,2011,아파트,중개거래,서울 영등포구
2025,11590,동작구,10200,상도동,1,대지,408,0,상도동삼호아파트,20251228,107500,114.63,0,10,,,1994,아파트,중개거래,"서울 동작구, 서울 서초구"
2025,11530,구로구,10800,오류동,1,대지,14,480,성화스위트빌(B동),20251228,24500,72.02,40,3,,,2003,연립다세대,중개거래,서울 구로구
2025,11590,동작구,10200,상도동,1,대지,904,0,상도역롯데캐슬파크엘,20251228,183500,59.985,0,11,,,2021,아파트,중개거래,"서울 관악구, 서울 동작구"
2025,11380,은평구,10900,신사동,1,대지,170,12,새절역두산위브트레지움,20251228,110800,84.99,0,15,분양권,,0,아파트,중개거래,서울 은평구
2025,11290,성북구,13300,정릉동,1,대지,1035,0,정릉2차e-편한세상,20251227,81200,59.37,0,11,,,2009,아파트,중개거래,서울 성북구
2025,11290,성북구,13300,정릉동,1,대지,1035,0,정릉2차e-편한세상,20251227,80900,59.37,0,11,,,2009,아파트,중개거래,서울 성북구
2025,11740,강동구,10200,고덕동,1,대지,486,0,아남1,20251227,95500,50.2,0,7,,,1996,아파트,중개거래,서울 강동구
2025,11230,동대문구,10400,전농동,1,대지,10,0,전농SK,20251227,89500,59.34,0,16,,,2000,아파트,중개거래,"서울 동대문구, 서울 성동구"
2025,11710,송파구,10200,신천동,1,대지,11,10,잠실아이스페이스,20251227,127000,67.11,0,22,,,2001,아파트,중개거래,서울 송파구
2025,11440,마포구,10100,아현동,1,대지,327,10,아현시티,20251227,45000,36.89,47.66,8,,,2020,오피스텔,중개거래,서울 서대문구
2025,11740,강동구,10700,암사동,1,대지,442,0,암사라인,20251227,59000,59.34,0,1,,,1996,아파트,중개거래,서울 강동구
2025,11410,서대문구,11100,홍제동,1,대지,460,0,인왕산현대,20251227,94200,84.9,0,18,,,2000,아파트,중개거래,서울 서대문구
2025,11410,서대문구,11100,홍제동,1,대지,454,0,유원하나,20251227,67000,82.35,0,6,,20260323,1996,아파트,중개거래,서울 서대문구
2025,11470,양천구,10100,신정동,1,대지,1316,0,이펜하우스3단지,20251227,68000,59.93,0,12,,,2011,아파트,중개거래,서울 양천구
2025,11200,성동구,10200,하왕십리동,1,대지,1061,0,왕십리풍림아이원,20251227,165000,114.928,0,16,,,2004,아파트,중개거래,서울 성동구
2025,11380,은평구,10200,녹번동,1,대지,144,35,양지스카이뷰,20251227,21490,29.69,9,8,,,2019,연립다세대,직거래,
2025,11740,강동구,10500,길동,1,대지,388,2,에스아이팰리스강동센텀I,20251227,40688,31.84,0,13,,,2023,아파트,직거래,
2025,11410,서대문구,11100,홍제동,1,대지,454,0,유원하나,20251227,67000,82.35,0,6,,,1996,아파트,중개거래,서울 서대문구
2025,11710,송파구,11100,방이동,1,대지,89,0,올림픽선수기자촌2단지,20251227,325000,100.82,0,3,,,1988,아파트,중개거래,서울 송파구
2025,11470,양천구,10200,목동,1,대지,318,245,에스엠피렌체,20251227,34000,39,29,5,,,2016,연립다세대,중개거래,서울 양천구
2025,11740,강동구,10900,천호동,1,대지,287,9,유원아파트,20251227,81000,84.78,0,1,,,1997,아파트,중개거래,서울 강동구
2025,11350,노원구,10200,월계동,1,대지,951,0,월계센트럴아이파크,20251227,105000,84.99,0,9,,,2020,아파트,중개거래,서울 노원구
2025,11170,용산구,12500,한강로2가,1,대지,420,0,용산푸르지오써밋,20251227,45000,27.642,43.351,24,,,2017,오피스텔,중개거래,"경기 부천시 원미구, 서울 용산구"
2025,11620,관악구,10100,봉천동,1,대지,1658,16,에스타워,20251227,27300,18.75,28.1697,6,,,2020,오피스텔,중개거래,서울 관악구
2025,11260,중랑구,10200,상봉동,1,대지,484,0,"엘지,쌍용아파트",20251227,63900,68.12,0,8,,,1996,아파트,중개거래,서울 중랑구
2025,11350,노원구,10600,중계동,1,대지,445,0,염광,20251227,57000,59.34,0,12,,,1996,아파트,중개거래,서울 노원구
2025,11500,강서구,10300,화곡동,1,대지,1159,0,"우장산아이파크,이편한세상",20251227,149500,101.65,0,10,,,2008,아파트,중개거래,"강원 원주시, 서울 강서구"
2025,11410,서대문구,11200,대현동,1,대지,37,32,영타운 지웰 에스테이트,20251227,18250,20.27,31.4407,2,,,2017,오피스텔,중개거래,서울 서대문구
2025,11530,구로구,11000,온수동,1,대지,155,0,온수힐스테이트,20251227,110000,162.16,0,2,,,2010,아파트,중개거래,서울 구로구
2025,11680,강남구,10300,개포동,1,대지,1225,0,양지빌라,20251227,66700,59.9,25,4,,,1999,연립다세대,중개거래,서울 강남구
2025,11200,성동구,10200,하왕십리동,1,대지,1061,0,왕십리풍림아이원,20251227,165000,114.928,0,16,,20251230,2004,아파트,중개거래,서울 성동구
2025,11470,양천구,10100,신정동,1,대지,1277,0,신트리4,20251227,62000,49.5,0,9,,,2000,아파트,중개거래,서울 양천구
2025,11200,성동구,10200,하왕십리동,1,대지,1061,0,왕십리풍림아이원,20251227,138000,59.936,0,3,,,2004,아파트,중개거래,서울 성동구
2025,11710,송파구,10700,가락동,1,대지,29,16,쌍용노블래스,20251227,67000,67.74,0,7,,,2003,아파트,중개거래,서울 송파구
2025,11710,송파구,10800,문정동,1,대지,35,1,정인빌,20251227,26900,35.026,20,4,,,2014,연립다세대,중개거래,서울 송파구
2025,11500,강서구,10100,염창동,1,대지,276,1,우성,20251227,62800,55.68,48,2,,,1983,연립다세대,중개거래,서울 강서구
2025,11740,강동구,11000,강일동,1,대지,717,0,고덕리엔파크2단지,20251227,110000,59.83,0,7,,,2011,아파트,중개거래,서울 강동구
2025,11260,중랑구,10200,상봉동,1,대지,499,0,건영캐스빌,20251227,83500,84.647,0,4,,,2006,아파트,중개거래,서울 중랑구
2025,11710,송파구,11300,거여동,1,대지,563,10,거여팰리스,20251227,30000,35.34,43.66,6,,,2019,오피스텔,중개거래,서울 송파구
2025,11560,영등포구,10900,영등포동8가,1,대지,91,0,당산푸르지오,20251227,165500,114.51,0,3,,,2004,아파트,중개거래,서울 영등포구
2025,11590,동작구,10700,사당동,1,대지,105,0,극동(105),20251227,150000,84.32,0,7,,,1993,아파트,중개거래,서울 동작구
2025,11530,구로구,10100,신도림동,1,대지,644,0,동아2,20251227,112000,59.595,0,16,,,2000,아파트,중개거래,서울 구로구
2025,11650,서초구,10600,잠원동,1,대지,157,0,동아,20251227,344000,84.91,0,1,,,2002,아파트,중개거래,서울 서초구
2025,11530,구로구,10200,구로동,1,대지,1256,0,구로현대,20251227,74000,84.57,0,15,,,1992,아파트,중개거래,서울 구로구
2025,11500,강서구,10300,화곡동,1,대지,164,4,동도하이츠,20251227,20500,53.08,27,2,,,2002,연립다세대,중개거래,서울 강서구
2025,11140,중구,16300,흥인동,1,대지,119,0,동대문와이즈캐슬,20251227,15000,15.55,0,9,,,2014,아파트,중개거래,서울 중구
2025,11545,금천구,10200,독산동,1,대지,1147,0,금천롯데캐슬골드파크1차,20251227,113000,84.396,0,16,,,2016,아파트,중개거래,"경기 용인시 수지구, 서울 금천구"
2025,11410,서대문구,10500,냉천동,1,대지,261,0,돈의문센트레빌,20251227,175000,84.99,0,5,,,2011,아파트,중개거래,서울 서대문구
2025,11545,금천구,10200,독산동,1,대지,1150,0,금천롯데캐슬골드파크2차201동202동,20251227,89000,59.98,0,5,,,2017,아파트,중개거래,서울 금천구
2025,11110,종로구,11500,사직동,1,대지,9,0,광화문 스페이스본,20251227,43000,39.54,53.52,12,,,2008,오피스텔,중개거래,서울 종로구
2025,11200,성동구,11200,금호동4가,1,대지,800,0,대우,20251227,178500,59.97,0,15,,,2001,아파트,중개거래,서울 성동구
2025,11620,관악구,10100,봉천동,1,대지,1717,0,관악푸르지오,20251227,119800,84.2,0,7,,,2004,아파트,중개거래,서울 관악구
2025,11350,노원구,10600,중계동,1,대지,363,0,대림벽산(363),20251227,120000,114.39,0,4,,,1993,아파트,중개거래,서울 노원구
2025,11620,관악구,10100,봉천동,1,대지,1728,0,관악파크푸르지오,20251227,89900,80.12,0,3,,,2014,아파트,중개거래,서울 관악구
2025,11620,관악구,10200,신림동,1,대지,1735,0,관악산휴먼시아2단지,20251227,73000,84.97,0,13,,,2008,아파트,중개거래,서울 관악구
2025,11290,성북구,13400,길음동,1,대지,1281,0,길음뉴타운4단지(e편한세상),20251227,129000,114.88,0,14,,,2005,아파트,중개거래,서울 성북구
2025,11290,성북구,13400,길음동,1,대지,1283,0,길음뉴타운6단지(래미안),20251227,119300,59.373,0,11,,,2007,아파트,중개거래,서울 성북구
2025,11290,성북구,13400,길음동,1,대지,1284,0,길음뉴타운8단지(래미안),20251227,115000,84.82,0,2,,,2010,아파트,중개거래,서울 성북구
2025,11290,성북구,13400,길음동,1,대지,635,168,길음뉴타운신안파크아파트,20251227,42800,68.14,0,1,,,1988,아파트,중개거래,서울 성북구
2025,11620,관악구,10100,봉천동,1,대지,179,58,낙성대현대아파트,20251227,69800,61.74,0,8,,,1988,아파트,중개거래,서울 관악구
2025,11620,관악구,10200,신림동,1,대지,1735,0,관악산휴먼시아2단지,20251227,59000,59.99,0,3,,,2008,아파트,중개거래,서울 관악구
2025,11200,성동구,11300,옥수동,1,대지,436,0,극동그린,20251227,175000,114.32,0,11,,,1997,아파트,중개거래,서울 성동구
2025,11410,서대문구,10200,충정로3가,1,대지,32,10,글로리,20251227,135000,121.27,0,1,,,2001,아파트,중개거래,서울 서대문구
2025,11620,관악구,10300,남현동,1,대지,1072,40,남현푸른채,20251227,44000,56.6,32,3,,,2019,연립다세대,중개거래,서울 관악구
2025,11380,은평구,10700,응암동,1,대지,760,0,백련산힐스테이트2차,20251227,86700,84.49,0,12,,20260115,2011,아파트,중개거래,서울 은평구
2025,11620,관악구,10100,봉천동,1,대지,1712,0,관악드림(삼성),20251227,98000,59.83,0,20,,,2003,아파트,중개거래,서울 관악구
2025,11215,광진구,10500,자양동,1,대지,784,1,대동,20251227,145000,84.65,0,8,,,1999,아파트,중개거래,서울 광진구
2025,11380,은평구,10700,응암동,1,대지,769,0,녹번역e편한세상캐슬,20251227,144000,84.98,0,18,,,2021,아파트,중개거래,"서울 마포구, 서울 은평구"
2025,11590,동작구,10700,사당동,1,대지,1134,0,경남아너스빌1차,20251227,109000,84.98,0,8,,,1997,아파트,중개거래,서울 동작구
2025,11440,마포구,10300,신공덕동,1,대지,3,3,블루마리오피스텔,20251227,16500,18.02,34.4351,17,,,2017,오피스텔,중개거래,서울 마포구
2025,11590,동작구,10700,사당동,1,대지,105,0,사당우성3,20251227,118000,46.75,0,5,,,1993,아파트,중개거래,서울 동작구
2025,11710,송파구,11200,오금동,1,대지,160,0,삼성,20251227,115000,73.59,0,4,,,1989,아파트,중개거래,서울 송파구
2025,11260,중랑구,10100,면목동,1,대지,96,4,브라운캐슬,20251227,53700,40.92,25,4,,,2012,연립다세대,중개거래,서울 중랑구
2025,11740,강동구,10100,명일동,1,대지,270,0,삼익가든,20251227,136500,66.87,0,2,,,1984,아파트,중개거래,서울 강동구
2025,11170,용산구,13100,한남동,1,대지,1,349,시범,20251227,104000,59.5,0,5,,,1970,아파트,중개거래,서울 성동구
2025,11620,관악구,10100,봉천동,1,대지,1591,2,서울대입구삼성,20251227,71000,59.78,0,1,,,1999,아파트,중개거래,서울 관악구
2025,11710,송파구,10800,문정동,1,대지,13,6,삼성파크빌라,20251227,34000,63.55,31,4,,,2001,연립다세대,중개거래,서울 송파구
2025,11620,관악구,10200,신림동,1,대지,551,9,신림2차현대,20251227,71000,84.6,0,9,,,1996,아파트,중개거래,서울 관악구
2025,11290,성북구,13900,석관동,1,대지,408,0,신동아파밀리에,20251227,83000,84.92,0,14,,,2011,아파트,중개거래,서울 성북구
2025,11650,서초구,10800,서초동,1,대지,1757,0,서초그랑자이,20251227,440000,100.31,0,21,,,2021,아파트,중개거래,서울 서초구
2025,11590,동작구,10700,사당동,1,대지,105,0,사당우성3,20251227,108000,46.75,0,1,,,1993,아파트,중개거래,"서울 동작구, 서울 서초구"
2025,11320,도봉구,10700,창동,1,대지,373,0,창동주공4단지,20251227,36800,41.3,0,6,,20260106,1991,아파트,중개거래,"경기 성남시 수정구, 서울 도봉구"
2025,11470,양천구,10200,목동,1,대지,324,121,수펠리스,20251227,36000,57.435,32,5,,,2014,연립다세대,중개거래,서울 양천구
2025,11740,강동구,10700,암사동,1,대지,455,20,스타팰리스,20251227,24500,27.83,17,5,,,2016,연립다세대,중개거래,서울 강동구
2025,11650,서초구,10800,서초동,1,대지,1612,2,서초힐하우스,20251227,124500,111.92,0,1,,,2002,아파트,중개거래,서울 서초구
2025,11560,영등포구,10900,영등포동8가,1,대지,76,1,삼환,20251227,128000,59.91,0,19,,,1999,아파트,중개거래,서울 영등포구
2025,11380,은평구,10300,불광동,1,대지,641,0,북한산현대힐스테이트3차아파트,20251227,83700,59.99,0,6,,,2010,아파트,중개거래,"서울 노원구, 서울 은평구"
2025,11350,노원구,10500,상계동,1,대지,720,0,상계주공6(고층),20251227,52500,41.3,0,7,,,1988,아파트,중개거래,서울 노원구
2025,11380,은평구,10300,불광동,1,대지,641,0,북한산현대힐스테이트3차아파트,20251227,82000,59.99,0,4,,,2010,아파트,중개거래,서울 은평구
2025,11710,송파구,10900,장지동,1,대지,855,0,송파파인타운12단지,20251227,180000,84.9,0,7,,,2011,아파트,중개거래,"서울 서초구, 서울 송파구"
2025,11260,중랑구,10600,신내동,1,대지,783,0,성원,20251227,68000,84.32,0,6,,,1994,아파트,중개거래,서울 중랑구
2025,11590,동작구,10700,사당동,1,대지,105,0,사당우성2,20251227,108700,46.75,0,1,,,1993,아파트,중개거래,서울 동작구
2025,11680,강남구,10300,개포동,1,대지,12,0,성원대치2단지아파트,20251227,227000,49.86,0,8,,,1992,아파트,중개거래,서울 강남구
2025,11350,노원구,10600,중계동,1,대지,366,0,신동아(366),20251227,120000,115.35,0,4,,,1993,아파트,중개거래,서울 노원구
2025,11620,관악구,10100,봉천동,1,대지,148,149,송이연립가동,20251227,33000,73.55,54,1,,,1982,연립다세대,중개거래,서울 관악구
2025,11380,은평구,10300,불광동,1,대지,641,0,북한산현대힐스테이트3차아파트,20251227,94000,84.98,0,10,,,2010,아파트,중개거래,서울 은평구
2025,11260,중랑구,10600,신내동,1,대지,650,0,신내6대주,20251227,52000,49.77,0,6,,,1996,아파트,중개거래,서울 중랑구
2025,11350,노원구,10300,공릉동,1,대지,404,9,청화주택(404-9),20251227,21500,47.22,22,4,,,2002,연립다세대,중개거래,서울 노원구
2025,11590,동작구,10100,노량진동,1,대지,205,20,RIVERSIDE205,20251227,48000,27.28,17,5,,,2025,연립다세대,중개거래,서울 동작구
2025,11260,중랑구,10100,면목동,1,대지,177,196,TheH(101동),20251227,35900,41.43,29,2,,,2019,연립다세대,중개거래,서울 중랑구
2025,11350,노원구,10600,중계동,1,대지,360,2,청구3,20251227,129000,84.77,0,7,,,1996,아파트,중개거래,서울 노원구
2025,11320,도봉구,10700,창동,1,대지,373,0,창동주공4단지,20251227,44300,49.94,0,3,,,1991,아파트,중개거래,서울 도봉구
2025,11470,양천구,10100,신정동,1,대지,951,22,준펠리체,20251227,35000,35.81,19,4,,,2016,연립다세대,중개거래,서울 양천구
2025,11710,송파구,10400,송파동,1,대지,166,0,가락삼익맨숀,20251227,269000,108.338,0,2,,,1984,아파트,중개거래,서울 송파구
2025,11350,노원구,10600,중계동,1,대지,359,1,주공5,20251227,75500,58.46,0,9,,,1992,아파트,중개거래,"서울 강북구, 서울 노원구"
2025,11410,서대문구,10600,천연동,1,대지,145,0,천연뜨란채,20251227,97500,55.85,0,5,,,2006,아파트,중개거래,서울 서대문구
2025,11200,성동구,10700,행당동,1,대지,364,0,행당브라운스톤,20251227,176000,84.94,0,7,,,2005,아파트,중개거래,서울 성동구
2025,11305,강북구,10100,미아동,1,대지,705,1,한화포레나미아,20251227,100846,80.848,0,26,분양권,,0,아파트,중개거래,서울 강북구
2025,11410,서대문구,11100,홍제동,1,대지,474,0,홍제역해링턴플레이스,20251227,155000,84.95,0,7,,,2024,아파트,중개거래,서울 서대문구
2025,11305,강북구,10100,미아동,1,대지,705,1,한화포레나미아,20251227,70000,53.985,0,9,분양권,,0,아파트,중개거래,서울 강북구
2025,11680,강남구,10100,역삼동,1,대지,713,7,래미안펜타빌,20251227,390000,158.58,0,5,,20260309,2007,아파트,중개거래,서울 강남구
2025,11350,노원구,10200,월계동,1,대지,18,0,한진한화그랑빌,20251227,96000,84.97,0,4,,,2002,아파트,중개거래,서울 노원구
2025,11680,강남구,10100,역삼동,1,대지,837,13,강남역 와이즈 플레이스,20251227,20000,23.87,34.89,13,,,2013,오피스텔,중개거래,서울 서초구
2025,11500,강서구,10300,화곡동,1,대지,1159,0,"우장산아이파크,이편한세상",20251227,149500,101.65,0,10,,20260325,2008,아파트,중개거래,"강원 원주시, 서울 강서구"
2025,11590,동작구,10700,사당동,1,대지,451,12,청구맨션빌라D,20251227,66000,93.72,66,1,,,1992,연립다세대,중개거래,서울 동작구
2025,11740,강동구,10300,상일동,1,대지,28,0,강동리엔파크14단지,20251227,92000,59.94,0,11,,,2021,아파트,중개거래,서울 강동구
2025,11740,강동구,10900,천호동,1,대지,168,6,현대아파트,20251227,83250,60.76,0,7,,,1990,아파트,중개거래,서울 강동구
2025,11350,노원구,10200,월계동,1,대지,18,0,한진한화그랑빌,20251227,84700,59.94,0,23,,,2002,아파트,중개거래,서울 노원구
2025,11740,강동구,11000,강일동,1,대지,695,0,강일리버파크10단지,20251227,114000,84.53,0,8,,,2009,아파트,중개거래,서울 강동구
2025,11590,동작구,10700,사당동,1,대지,175,37,한진타운8차,20251227,69500,69.01,31,2,,,2003,연립다세대,중개거래,서울 동작구
2025,11290,성북구,13300,정릉동,1,대지,266,497,타워빌라(266-497),20251227,19500,52.11,26,4,,,2002,연립다세대,중개거래,서울 성북구
2025,11710,송파구,11100,방이동,1,대지,212,8,코오롱아파트,20251227,205000,84.95,0,8,,,1991,아파트,중개거래,서울 송파구
2025,11320,도봉구,10700,창동,1,대지,316,0,창동주공2단지,20251227,44000,41.3,0,11,,,1990,아파트,중개거래,서울 도봉구
2025,11740,강동구,10300,상일동,1,대지,476,0,중앙하이츠,20251227,92500,52.74,0,6,,,1992,아파트,중개거래,서울 강동구
2025,11470,양천구,10200,목동,1,대지,318,152,현대빌라(파크빌),20251227,33000,64.74,31,1,,,2001,연립다세대,중개거래,서울 양천구
2025,11260,중랑구,10500,망우동,1,대지,495,0,한일써너스빌리젠시 2단지,20251227,38000,84.48,107.05,9,,,2008,오피스텔,중개거래,서울 중랑구
2025,11740,강동구,10600,둔촌동,1,대지,89,0,현대4,20251227,127500,84.94,0,17,,,1996,아파트,중개거래,서울 강동구
2025,11140,중구,17100,중림동,1,대지,399,2,(399-2),20251227,97000,43.65,26,2,,,1987,연립다세대,중개거래,서울 중구
2025,11260,중랑구,10100,면목동,1,대지,1543,0,한양수자인사가정파크,20251227,35000,23.107,0,4,,,2019,아파트,중개거래,서울 중랑구
2025,11530,구로구,10200,구로동,1,대지,1280,0,한신휴플러스(1280-0),20251227,63700,50.17,0,15,,,2007,아파트,중개거래,서울 구로구
2025,11260,중랑구,10300,중화동,1,대지,450,0,한신아파트상가동유치원동(103~109),20251227,71000,59.76,0,11,,,1997,아파트,중개거래,서울 중랑구
2025,11350,노원구,10600,중계동,1,대지,512,0,중계무지개,20251227,51900,49.54,0,2,,,1991,아파트,중개거래,"서울 강남구, 서울 노원구"
2025,11740,강동구,10700,암사동,1,대지,400,0,현대홈타운,20251227,148500,59.97,0,12,,,2004,아파트,중개거래,서울 강동구
2025,11230,동대문구,10700,청량리동,1,대지,60,0,한신,20251227,88000,84.92,0,8,,,1997,아파트,중개거래,서울 동대문구
2025,11410,서대문구,11800,홍은동,1,대지,455,0,홍은동벽산,20251227,61800,58.64,0,13,,,1997,아파트,중개거래,서울 서대문구
2025,11380,은평구,10100,수색동,1,대지,417,0,DMC롯데캐슬더퍼스트,20251227,64000,39.83,0,4,,,2021,아파트,중개거래,서울 은평구
2025,11290,성북구,13300,정릉동,1,대지,640,21,한본빌라,20251227,13700,34.01,32,-1,,,1992,연립다세대,직거래,
2025,11380,은평구,10100,수색동,1,대지,417,0,DMC롯데캐슬더퍼스트,20251227,110000,59.96,0,10,,,2021,아파트,중개거래,"서울 동대문구, 서울 은평구"
2025,11380,은평구,10100,수색동,1,대지,431,0,DMC파인시티자이,20251227,138000,84.98,0,8,,,2025,아파트,중개거래,서울 은평구
2025,11215,광진구,10100,중곡동,1,대지,232,40,(232-40),20251227,19500,24.34,17,4,,,2002,연립다세대,중개거래,서울 광진구
2025,11710,송파구,10700,가락동,1,대지,55,0,현대(6차),20251227,146000,84.8,0,1,,,1991,아파트,중개거래,서울 송파구
2025,11350,노원구,10600,중계동,1,대지,359,1,주공5,20251227,47500,44.94,0,7,,,1992,아파트,중개거래,서울 노원구
2025,11215,광진구,10500,자양동,1,대지,779,0,타워더모스트광진아크로텔,20251227,20500,22.76,32.68,22,,,2014,오피스텔,중개거래,서울 광진구
2025,11530,구로구,10700,개봉동,1,대지,476,0,한마을,20251227,80000,59.57,0,17,,,1999,아파트,중개거래,서울 구로구
2025,11740,강동구,10900,천호동,1,대지,425,3,천호역 한강 푸르지오시티,20251227,17200,26.61,37.86,20,,,2015,오피스텔,중개거래,"서울 강동구, 서울 송파구"
2025,11170,용산구,12900,이촌동,1,대지,404,0,한가람,20251227,162000,59.88,0,21,,,1998,아파트,중개거래,서울 용산구
2025,11620,관악구,10200,신림동,1,대지,1703,1,LIG대학마을(건영아파트3차),20251227,56000,58.9,0,10,,,1996,아파트,중개거래,서울 관악구
2025,11620,관악구,10100,봉천동,1,대지,1718,0,벽산블루밍,20251227,93000,101.95,0,16,,,2005,아파트,중개거래,서울 관악구
2025,11290,성북구,13900,석관동,1,대지,10,0,두산,20251227,75800,59.97,0,3,,,1998,아파트,중개거래,"서울 노원구, 서울 성북구"
2025,11260,중랑구,10100,면목동,1,대지,1522,0,두산4,20251227,84000,84.86,0,23,,,2000,아파트,중개거래,서울 중랑구
2025,11620,관악구,10100,봉천동,1,대지,1718,0,벽산블루밍,20251227,110000,114.99,0,4,,,2005,아파트,중개거래,서울 관악구
2025,11380,은평구,10200,녹번동,1,대지,283,0,래미안베라힐즈,20251227,100000,59.99,0,1,,,2019,아파트,직거래,
2025,11650,서초구,10800,서초동,1,대지,1445,4,래미안서초유니빌,20251227,58000,45.253,0,19,,,2003,아파트,중개거래,서울 서초구
2025,11290,성북구,13600,하월곡동,1,대지,225,0,래미안월곡,20251227,83000,59.754,0,2,,,2006,아파트,중개거래,서울 성북구
2025,11230,동대문구,11000,이문동,1,대지,311,0,래미안이문2차,20251227,147000,141.77,0,11,,,2004,아파트,중개거래,서울 동대문구
2025,11710,송파구,10700,가락동,1,대지,165,0,래미안파크팰리스,20251227,249000,114.756,0,7,,,2007,아파트,중개거래,서울 송파구
2025,11680,강남구,10100,역삼동,1,대지,713,7,래미안펜타빌,20251227,390000,158.58,0,5,,,2007,아파트,중개거래,서울 강남구
2025,11140,중구,16500,황학동,1,대지,2545,0,롯데캐슬,20251227,88400,59.94,0,18,,,2008,아파트,중개거래,서울 중구
2025,11230,동대문구,10900,휘경동,1,대지,106,0,휘경미소지움,20251227,82800,84.87,0,12,,,1999,아파트,중개거래,"서울 동대문구, 서울 영등포구"
2025,11290,성북구,13400,길음동,1,대지,1287,1,롯데캐슬골든힐스,20251227,103000,84.932,0,9,,,2019,아파트,중개거래,서울 성북구
2025,11470,양천구,10200,목동,1,대지,956,0,롯데캐슬위너,20251227,134000,84.94,0,5,,,2005,아파트,중개거래,서울 양천구
2025,11710,송파구,10100,잠실동,1,대지,22,0,리센츠,20251227,170000,27.68,0,11,,,2008,아파트,중개거래,서울 송파구
2025,11500,강서구,10500,마곡동,1,대지,760,0,마곡나루역보타닉푸르지오시티,20251227,37000,32.88,46.89,10,,,2017,오피스텔,중개거래,서울 강서구
2025,11410,서대문구,11800,홍은동,1,대지,470,0,힐스테이트홍은포레스트,20251227,108000,72.79,0,11,,,2023,아파트,중개거래,"서울 강서구, 서울 서대문구"
2025,11380,은평구,10200,녹번동,1,대지,282,0,힐스테이트녹번,20251227,128000,84.9,0,11,,,2019,아파트,중개거래,"서울 서대문구, 서울 은평구"
2025,11500,강서구,10600,내발산동,1,대지,741,0,마곡수명산파크2단지,20251227,108000,84.75,0,1,,,2007,아파트,중개거래,서울 강서구
2025,11440,마포구,10100,아현동,1,대지,617,1,마포 에피트 어바닉,20251227,115540,46.243,0,5,분양권,,0,아파트,중개거래,서울 마포구
2025,11380,은평구,10600,대조동,1,대지,88,0,힐스테이트 메디알레,20251227,114140,59.91,0,8,입주권,,0,아파트,중개거래,서울 은평구
2025,11230,동대문구,10900,휘경동,1,대지,375,0,휘경해모로프레스티지,20251227,91000,59.77,0,8,,,2021,아파트,중개거래,"서울 강남구, 서울 동대문구"
2025,11230,동대문구,10300,제기동,1,대지,1158,50,메트로폴 스위트,20251227,31200,29.81,46.63,19,,,2021,오피스텔,중개거래,서울 동대문구
2025,11470,양천구,10100,신정동,1,대지,1323,0,목동힐스테이트,20251227,178000,59.95,0,7,,,2016,아파트,중개거래,서울 양천구
2025,11230,동대문구,10100,신설동,1,대지,89,191,민족통일빌,20251227,31000,13.23,10,4,,,2013,연립다세대,직거래,
2025,11380,은평구,10700,응암동,1,대지,759,0,백련산힐스테이트1차,20251227,74000,59.63,0,8,,,2011,아파트,중개거래,서울 은평구
2025,11230,동대문구,10900,휘경동,1,대지,365,0,휘경동일하이빌,20251227,79700,84.997,0,3,,,2005,아파트,중개거래,서울 동대문구
2025,11380,은평구,10700,응암동,1,대지,767,0,백련산에스케이뷰아이파크,20251227,92500,59.933,0,13,,,2020,아파트,중개거래,서울 은평구
2025,11620,관악구,10100,봉천동,1,대지,1591,2,서울대입구삼성,20251226,76500,59.78,0,16,,,1999,아파트,중개거래,서울 관악구
2025,11350,노원구,10500,상계동,1,대지,639,0,보람아파트,20251226,37500,44.33,0,10,,,1988,아파트,중개거래,서울 노원구
2025,11680,강남구,10500,삼성동,1,대지,16,2,삼성동힐스테이트 1단지,20251226,340000,84.236,0,2,,,2008,아파트,중개거래,서울 서초구
2025,11200,성동구,10800,응봉동,1,대지,276,0,서울숲리버그린동아아파트,20251226,135000,114.86,0,4,,,2003,아파트,직거래,
2025,11215,광진구,10300,구의동,1,대지,27,29,삼성베스트빌(27-29),20251226,25000,41.56,28,5,,,2007,연립다세대,중개거래,서울 광진구
2025,11170,용산구,12000,도원동,1,대지,23,0,삼성래미안,20251226,141000,59.94,0,16,,,2001,아파트,중개거래,서울 용산구
2025,11230,동대문구,10800,회기동,1,대지,67,3,민족통일MJ캠퍼스경희대,20251226,20900,23.16,0,12,,,2017,아파트,중개거래,서울 동대문구
2025,11305,강북구,10300,수유동,1,대지,540,3,인수빌라(540-3),20251226,10500,53.49,39,-1,,,1991,연립다세대,직거래,
2025,11380,은평구,10300,불광동,1,대지,641,0,북한산현대힐스테이트3차아파트,20251226,84000,59.99,0,9,,,2010,아파트,중개거래,서울 은평구
2025,11200,성동구,10200,하왕십리동,1,대지,992,0,무학현대,20251226,112500,84.675,0,15,,,1996,아파트,중개거래,서울 성동구
2025,11380,은평구,10700,응암동,1,대지,766,0,백련산파크자이,20251226,88000,59.905,0,13,,,2021,아파트,중개거래,"서울 서대문구, 서울 은평구"
2025,11590,동작구,10200,상도동,1,대지,299,42,상도더하임,20251226,58500,54.15,25,3,,,2022,연립다세대,중개거래,서울 동작구
2025,11350,노원구,10200,월계동,1,대지,85,7,서울원 아이파크,20251226,149932,91.77,0,24,분양권,,0,아파트,직거래,
2025,11350,노원구,10600,중계동,1,대지,505,0,상아,20251226,52800,51.29,0,5,,,1989,아파트,중개거래,서울 노원구
2025,11350,노원구,10500,상계동,1,대지,1320,0,미라보(성림),20251226,46000,84.5,0,2,,,2006,아파트,중개거래,서울 노원구
2025,11500,강서구,10500,마곡동,1,대지,429,0,벽산,20251226,84000,84.97,0,3,,,1999,아파트,중개거래,서울 강서구
2025,11620,관악구,10100,봉천동,1,대지,41,15,비건하우스2,20251226,27000,29.37,20,3,,,2017,연립다세대,중개거래,서울 강남구
2025,11350,노원구,10200,월계동,1,대지,85,7,서울원 아이파크,20251226,190883,120.646,0,34,분양권,,0,아파트,직거래,
2025,11710,송파구,10800,문정동,1,대지,652,5,문정 아이파크,20251226,21500,25.77,37.73,4,,,2017,오피스텔,직거래,
2025,11620,관악구,10100,봉천동,1,대지,910,26,삼우그린빌,20251226,50000,70.31,38,2,,,2004,연립다세대,중개거래,서울 관악구
2025,11350,노원구,10400,하계동,1,대지,271,3,벽산,20251226,85000,84.85,0,15,,,1988,아파트,중개거래,서울 노원구
2025,11650,서초구,10800,서초동,1,대지,1338,20,서초현대렉시온,20251226,30000,34,45.71,21,,,2005,오피스텔,중개거래,서울 강남구
2025,11710,송파구,10800,문정동,1,대지,145,0,문정시영,20251226,72800,35.46,0,6,,,1989,아파트,중개거래,서울 송파구
2025,11440,마포구,11000,노고산동,1,대지,129,0,빌리브디에이블,20251226,67000,38.39,0,10,분양권,,0,아파트,중개거래,"서울 마포구, 서울 용산구"
2025,11470,양천구,10200,목동,1,대지,523,17,세교예지안3차,20251226,53000,36.76,29,2,,,2015,연립다세대,중개거래,서울 양천구
2025,11650,서초구,10100,방배동,1,대지,977,1,황제맨숀(977-1),20251226,148000,62.25,35,4,,20251229,1991,연립다세대,중개거래,서울 서초구
2025,11230,동대문구,10700,청량리동,1,대지,235,1,미주,20251226,150000,152.17,0,6,,,1978,아파트,중개거래,서울 동대문구
2025,11200,성동구,10500,마장동,1,대지,817,0,삼성,20251226,137500,84.93,0,12,,,1996,아파트,중개거래,서울 성동구
2025,11380,은평구,10700,응암동,1,대지,764,0,백련산힐스테이트4차,20251226,86500,59.98,0,9,,,2018,아파트,중개거래,서울 은평구
2025,11200,성동구,10200,하왕십리동,1,대지,258,0,벽산,20251226,149000,84.94,0,21,,,1996,아파트,중개거래,서울 성동구
2025,11500,강서구,10200,등촌동,1,대지,691,3,부영,20251226,99000,80.64,0,7,,,1994,아파트,중개거래,서울 강서구
2025,11380,은평구,10700,응암동,1,대지,759,0,백련산힐스테이트1차,20251226,81500,84.21,0,5,,,2011,아파트,중개거래,서울 은평구
2025,11470,양천구,10300,신월동,1,대지,1042,0,삼익플라주,20251226,64000,84.736,0,9,,,2006,아파트,중개거래,서울 양천구
2025,11560,영등포구,12700,양평동3가,1,대지,66,0,삼호,20251226,96500,84.92,0,16,,,1998,아파트,중개거래,서울 영등포구
2025,11710,송파구,11100,방이동,1,대지,144,11,방이하이츠,20251226,50000,73.5,41,1,,,1995,연립다세대,중개거래,서울 송파구
2025,11350,노원구,10500,상계동,1,대지,730,2,상계주공3(고층),20251226,88000,73.94,0,11,,,1987,아파트,중개거래,서울 노원구
2025,11560,영등포구,12400,문래동6가,1,대지,38,1,문래베어스타운,20251226,94000,59.95,0,12,,,1997,아파트,중개거래,서울 영등포구
2025,11305,강북구,10100,미아동,1,대지,1354,0,벽산라이브파크,20251226,72000,114.68,0,15,,,2004,아파트,중개거래,서울 강북구
2025,11440,마포구,12700,상암동,1,대지,1734,0,상암 한화 오벨리스크,20251226,11900,24.22,31.39,9,,,2013,오피스텔,중개거래,서울 마포구
2025,11215,광진구,10700,화양동,1,대지,111,12,빌리브 인테라스,20251226,24800,16.875,29.8982,12,,,2021,오피스텔,중개거래,서울 광진구
2025,11380,은평구,10700,응암동,1,대지,760,0,백련산힐스테이트2차,20251226,74800,59.63,0,2,,,2011,아파트,중개거래,서울 은평구
2025,11440,마포구,12700,상암동,1,대지,1660,0,상암월드컵파크7단지,20251226,125000,84.74,0,12,,,2005,아파트,중개거래,"경기 성남시 수정구, 서울 마포구"
2025,11740,강동구,10700,암사동,1,대지,498,28,미래빌,20251226,29500,56.83,38,2,,,2006,연립다세대,중개거래,서울 강동구
2025,11410,서대문구,11900,북가좌동,1,대지,351,25,샤론그린빌라,20251226,12500,33.67,15,3,,,1992,연립다세대,중개거래,서울 서대문구
2025,11560,영등포구,13000,양평동6가,1,대지,101,0,선유도삼성홈타운,20251226,72500,69.41,0,7,,,2015,아파트,중개거래,서울 영등포구
2025,11410,서대문구,11800,홍은동,1,대지,265,151,성원빌라,20251226,16000,55.08,24,3,,,1992,연립다세대,중개거래,서울 서대문구
2025,11350,노원구,10500,상계동,1,대지,720,0,상계주공6(고층),20251226,56500,58.01,0,9,,,1988,아파트,중개거래,서울 노원구
2025,11230,동대문구,10200,용두동,1,대지,795,0,이편한세상청계센트럴포레,20251226,154000,59.96,0,20,,,2021,아파트,중개거래,"서울 성동구, 서울 은평구"
2025,11470,양천구,10100,신정동,1,대지,337,0,목동우성2,20251226,120000,84.96,0,8,,,2000,아파트,중개거래,서울 양천구
2025,11215,광진구,10100,중곡동,1,대지,681,0,성원,20251226,54000,59.82,0,6,,,1998,아파트,중개거래,서울 중랑구
2025,11215,광진구,10100,중곡동,1,대지,239,54,미래하이츠(239-54),20251226,37000,29.85,19,4,,,2021,연립다세대,중개거래,서울 광진구
2025,11710,송파구,10800,문정동,1,대지,146,0,세양청마루,20251226,91000,59.91,0,2,,,2004,아파트,중개거래,서울 송파구
2025,11350,노원구,10400,하계동,1,대지,270,0,우성,20251226,130000,127.22,0,4,,,1988,아파트,중개거래,서울 노원구
2025,11260,중랑구,10400,묵동,1,대지,392,0,월드메르디앙,20251226,72000,83.8,0,2,,,2009,아파트,중개거래,서울 중랑구
2025,11500,강서구,10300,화곡동,1,대지,29,16,유니크빌,20251226,23300,69.07,38,2,,,2001,연립다세대,직거래,
2025,11710,송파구,11200,오금동,1,대지,67,0,송파더플래티넘,20251226,115000,52.6,0,13,,,2024,아파트,중개거래,서울 송파구
2025,11305,강북구,10200,번동,1,대지,204,0,신원,20251226,56000,84.6,0,19,,,2000,아파트,중개거래,"서울 강북구, 서울 성북구"
2025,11740,강동구,10900,천호동,1,대지,287,9,유원아파트,20251226,70000,55.98,0,1,,,1997,아파트,중개거래,서울 강동구
2025,11560,영등포구,11600,당산동6가,1,대지,336,4,유탑 유블레스2차,20251226,15000,18.78,27.5441,3,,,2012,오피스텔,직거래,
2025,11530,구로구,10100,신도림동,1,대지,639,0,우성2,20251226,92000,84.82,0,1,,,1996,아파트,중개거래,서울 구로구
2025,11200,성동구,11300,옥수동,1,대지,250,0,옥수삼성,20251226,198000,59.7,0,16,,,1999,아파트,중개거래,서울 성동구
2025,11740,강동구,10900,천호동,1,대지,19,1,우성,20251226,117000,84.93,0,7,,,1985,아파트,중개거래,서울 강동구
2025,11740,강동구,10800,성내동,1,대지,211,1,아름채,20251226,48500,48.17,28,6,,,2015,연립다세대,중개거래,서울 성동구
2025,11470,양천구,10200,목동,1,대지,131,31,아가도스3,20251226,36800,43.38,36,5,,,2016,연립다세대,중개거래,서울 양천구
2025,11350,노원구,10600,중계동,1,대지,588,0,양지마을(대림)2,20251226,94800,84.88,0,7,,,1999,아파트,중개거래,서울 노원구
2025,11230,동대문구,10200,용두동,1,대지,794,0,용두롯데캐슬리치,20251226,108000,59.827,0,6,,,2015,아파트,중개거래,서울 동대문구
2025,11410,서대문구,11200,대현동,1,대지,104,36,신촌자이엘라,20251226,27000,29.62,44.3674,8,,,2014,오피스텔,중개거래,서울 마포구
2025,11350,노원구,10300,공릉동,1,대지,748,0,신도1차아파트,20251226,83500,81.276,0,18,,,2002,아파트,중개거래,서울 노원구
2025,11230,동대문구,10500,답십리동,1,대지,989,1,우성그린,20251226,78000,84.98,0,16,,,1997,아파트,중개거래,서울 동대문구
2025,11440,마포구,12500,성산동,1,대지,111,6,우성그린맨션,20251226,43800,75.39,35,1,,,1997,연립다세대,중개거래,서울 마포구
2025,11140,중구,15400,오장동,1,대지,145,1,오렌지카운티을지로,20251226,14000,12.43,0,8,,,2020,아파트,중개거래,서울 중구
2025,11260,중랑구,10100,면목동,1,대지,1519,0,신성,20251226,52000,59.91,0,1,,,1998,아파트,중개거래,서울 중랑구
2025,11530,구로구,10200,구로동,1,대지,560,0,신도림현대,20251226,97000,80.01,0,20,,,1994,아파트,중개거래,"서울 강남구, 서울 구로구"
2025,11305,강북구,10300,수유동,1,대지,693,7,대성빌라트(693-7),20251226,12000,50.72,21,1,,20251231,2003,연립다세대,직거래,
2025,11380,은평구,10700,응암동,1,대지,111,1,송원하이본,20251226,12400,31.28,39.88,6,,,2003,오피스텔,중개거래,서울 은평구
2025,11500,강서구,10300,화곡동,1,대지,1173,0,우장산숲아이파크,20251226,145000,84.993,0,11,,,2022,아파트,중개거래,서울 강서구
2025,11200,성동구,10200,하왕십리동,1,대지,1070,0,센트라스,20251226,202000,59.94,0,11,,,2016,아파트,중개거래,서울 성동구
2025,11710,송파구,11200,오금동,1,대지,617,0,송파레미니스2단지,20251226,169000,84.99,0,18,,,2018,아파트,중개거래,서울 송파구
2025,11305,강북구,10100,미아동,1,대지,1353,0,에스케이북한산시티,20251226,72500,84.76,0,14,,,2004,아파트,중개거래,서울 강북구
2025,11200,성동구,10700,행당동,1,대지,302,1,에비뉴힐,20251226,100000,44.38,35,6,,,2019,연립다세대,중개거래,서울 성동구
2025,11710,송파구,10300,풍납동,1,대지,220,2,신동아파밀리에,20251226,94000,84.63,0,10,,,1993,아파트,중개거래,서울 송파구
2025,11560,영등포구,12700,양평동3가,1,대지,101,0,양평현대6차,20251226,113000,59.98,0,17,,,2000,아파트,중개거래,서울 영등포구
2025,11350,노원구,10600,중계동,1,대지,502,1,중계그린1단지,20251226,58000,49.85,0,14,,,1990,아파트,중개거래,서울 노원구
2025,11620,관악구,10200,신림동,1,대지,678,26,(678-26),20251226,14600,38.63,32,2,,,1971,연립다세대,직거래,
2025,11200,성동구,10700,행당동,1,대지,303,3,장미빌라,20251226,53000,64.22,20,4,,,2003,연립다세대,중개거래,강원 원주시
2025,11410,서대문구,11100,홍제동,1,대지,460,0,인왕산현대,20251226,95000,84.9,0,8,,,2000,아파트,중개거래,서울 서대문구
2025,11200,성동구,11400,성수동1가,1,대지,704,0,한진타운,20251226,216000,59.4,0,14,,,1994,아파트,중개거래,"서울 성동구, 서울 양천구"
2025,11545,금천구,10200,독산동,1,대지,1029,3,한준맨션,20251226,24500,29.9,18,3,,,2014,연립다세대,중개거래,서울 금천구
2025,11320,도봉구,10500,쌍문동,1,대지,59,0,한양2,20251226,23000,35.1,0,1,,,1988,아파트,중개거래,서울 도봉구
2025,11350,노원구,10500,상계동,1,대지,458,0,한신3차,20251226,57000,84.59,0,2,,,1990,아파트,중개거래,서울 노원구
2025,11110,종로구,18200,구기동,1,대지,81,48,한솔리더빌3차(A동),20251226,38500,57.21,24,4,,,2002,연립다세대,중개거래,서울 종로구
2025,11500,강서구,10300,화곡동,1,대지,915,6,한백e,20251226,30700,57.06,0,5,,,2002,아파트,중개거래,서울 강서구
2025,11170,용산구,13100,한남동,1,대지,828,0,한남아이파크애비뉴,20251226,66500,47.81,0,11,,,2017,아파트,중개거래,서울 용산구
2025,11170,용산구,12800,한강로3가,1,대지,16,85,한강자이에클라트,20251226,123000,79.73,0,19,,,2006,아파트,중개거래,서울 용산구
2025,11170,용산구,12800,한강로3가,1,대지,65,230,한강대우트럼프월드3,20251226,359000,143.59,0,23,,,2004,아파트,중개거래,서울 용산구
2025,11470,양천구,10100,신정동,1,대지,1293,0,학마을1단지,20251226,49000,49.99,0,2,,,2000,아파트,중개거래,서울 양천구
2025,11470,양천구,10100,신정동,1,대지,1293,0,학마을1단지,20251226,56500,49.98,0,6,,,2000,아파트,중개거래,서울 양천구
2025,11740,강동구,10600,둔촌동,1,대지,603,0,프라자,20251226,137000,109.07,0,10,,,1984,아파트,직거래,
2025,11380,은평구,11400,진관동,1,대지,140,0,폭포동4단지힐스테이트(408~422동)BL3-9,20251226,120000,134.87,0,12,,,2010,아파트,중개거래,서울 은평구
2025,11260,중랑구,10200,상봉동,1,대지,113,1,포시티,20251226,10500,14.855,0,3,,,2014,아파트,중개거래,서울 중랑구
2025,11215,광진구,10100,중곡동,1,대지,191,13,파크홈2차,20251226,40450,32.76,24,5,,,2016,연립다세대,중개거래,서울 광진구
2025,11710,송파구,10800,문정동,1,대지,618,0,파크하비오,20251226,45000,48.93,62.01,4,,,null,오피스텔,중개거래,서울 송파구
2025,11710,송파구,10200,신천동,1,대지,17,0,파크리오,20251226,286000,84.97,0,1,,,2008,아파트,중개거래,서울 송파구
2025,11710,송파구,10100,잠실동,1,대지,303,9,파랑새빌라,20251226,46500,28.92,18,3,,,2011,연립다세대,중개거래,서울 송파구
2025,11200,성동구,10200,하왕십리동,1,대지,1066,0,텐즈힐(1단지),20251226,260000,148.8,0,16,,,2015,아파트,중개거래,"서울 마포구, 서울 성동구"
2025,11500,강서구,10100,염창동,1,대지,263,0,태진한솔,20251226,98000,84.97,0,12,,,1994,아파트,중개거래,서울 강서구
2025,11620,관악구,10200,신림동,1,대지,1424,28,태영,20251226,49500,49.92,0,20,,,1997,아파트,중개거래,서울 관악구
2025,11260,중랑구,10200,상봉동,1,대지,127,18,청솔하이빌,20251226,27000,45.52,15,6,,,2016,연립다세대,중개거래,경기 화성시
2025,11350,노원구,10300,공릉동,1,대지,91,0,청솔아파트8,20251226,70000,84.65,0,2,,,2000,아파트,중개거래,서울 노원구
2025,11680,강남구,10300,개포동,1,대지,1255,2,청담빌라,20251226,34950,26.68,11,1,,,1993,연립다세대,중개거래,서울 강남구
2025,11740,강동구,10900,천호동,1,대지,528,0,천호동삼성아파트,20251226,120000,114.65,0,14,,,1997,아파트,중개거래,서울 강동구
2025,11200,성동구,11100,금호동3가,1,대지,1662,0,금호한신,20251226,150000,84.96,0,1,,20260120,2005,아파트,중개거래,서울 성동구
2025,11350,노원구,10600,중계동,1,대지,78,0,진로유통조합대림,20251226,68200,84.94,0,6,,,1992,아파트,중개거래,서울 노원구
2025,11215,광진구,10500,자양동,1,대지,861,0,자양호반써밋,20251226,108000,40.275,0,6,,,2021,아파트,중개거래,"서울 광진구, 서울 동대문구"
2025,11470,양천구,10300,신월동,1,대지,931,9,중앙(다동),20251226,24000,40.65,26,1,,,1986,연립다세대,중개거래,서울 양천구
2025,11350,노원구,10600,중계동,1,대지,502,1,중계그린1단지,20251226,66000,59.46,0,6,,,1990,아파트,중개거래,서울 노원구
2025,11320,도봉구,10700,창동,1,대지,27,0,주공19단지(창동리버타운),20251226,88500,68.86,0,11,,,1988,아파트,중개거래,서울 도봉구
2025,11710,송파구,10200,신천동,1,대지,7,14,잠실 더샵스타파크,20251226,126000,125.43,173.77,5,,,2008,오피스텔,중개거래,서울 송파구
2025,11590,동작구,10700,사당동,1,대지,1025,21,(1025-21),20251226,60000,29.96,19,2,,,2013,연립다세대,중개거래,서울 동작구
2025,11215,광진구,10300,구의동,1,대지,209,64,(209-64),20251226,48000,49.83,25,2,,,2002,연립다세대,중개거래,서울 광진구
2025,11710,송파구,11400,마천동,1,대지,277,3,(277-3),20251226,80000,39.51,29,1,,,1986,연립다세대,중개거래,서울 성동구
2025,11710,송파구,11400,마천동,1,대지,311,102,(311-102),20251226,94000,54.02,42,2,,,2000,연립다세대,중개거래,서울 송파구
2025,11230,동대문구,10900,휘경동,1,대지,57,0,주공1,20251226,83800,84.29,0,5,,,2001,아파트,중개거래,서울 동대문구
2025,11290,성북구,13300,정릉동,1,대지,1031,0,정릉힐스테이트3차,20251226,84000,84.97,0,6,,,2008,아파트,중개거래,서울 성북구
2025,11305,강북구,10100,미아동,1,대지,417,19,(417-19),20251226,48500,24.51,16,2,,,1992,연립다세대,중개거래,"서울 강북구, 서울 성북구"
2025,11290,성북구,13300,정릉동,1,대지,1020,0,정릉우성아파트 101~105동,20251226,46800,46.65,0,6,,,2000,아파트,중개거래,서울 성북구
2025,11140,중구,15100,을지로5가,1,대지,20,1,정건벨라지오오피스텔,20251226,11900,21.94,29.34,13,,,2003,오피스텔,중개거래,서울 중구
2025,11530,구로구,10700,개봉동,1,대지,322,4,마이빌7차,20251226,20000,29.94,18,4,,,2019,연립다세대,중개거래,서울 강남구
2025,11590,동작구,10800,대방동,1,대지,502,0,대방동현대,20251226,128000,84.96,0,4,,,1994,아파트,중개거래,서울 동작구
2025,11470,양천구,10200,목동,1,대지,903,0,목동신시가지3,20251226,277000,95.74,0,3,,,1986,아파트,중개거래,서울 양천구
2025,11440,마포구,11500,상수동,1,대지,93,45,로하스타워,20251226,34000,47.09,67.98,5,,,2007,오피스텔,중개거래,서울 마포구
2025,11170,용산구,12500,한강로2가,1,대지,422,0,래미안 용산 더 센트럴,20251226,145000,71.71,97.9964,7,,,null,오피스텔,중개거래,서울 용산구
2025,11290,성북구,13800,장위동,1,대지,320,0,래미안장위퍼스트하이,20251226,129000,101.72,0,17,,,2020,아파트,중개거래,서울 성북구
2025,11740,강동구,10700,암사동,1,대지,499,15,만민하늘애,20251226,36000,30,19,4,,,2020,연립다세대,중개거래,서울 강동구
2025,11260,중랑구,10300,중화동,1,대지,274,25,동영캐슬B동,20251226,24300,29.58,24,3,,,2016,연립다세대,중개거래,서울 중랑구
2025,11200,성동구,10700,행당동,1,대지,347,0,대림e-편한세상,20251226,173000,84.87,0,6,,,2000,아파트,중개거래,서울 성동구
2025,11440,마포구,12500,성산동,1,대지,200,305,명성카운티,20251226,33000,17.37,11,3,,,2013,연립다세대,중개거래,서울 마포구
2025,11470,양천구,10200,목동,1,대지,956,0,롯데캐슬위너,20251226,152500,127.65,0,19,,,2005,아파트,중개거래,"서울 강서구, 서울 양천구"
2025,11590,동작구,10200,상도동,1,대지,203,20,더그린3차,20251226,34500,33.22,20,2,,,2013,연립다세대,중개거래,서울 동작구
2025,11440,마포구,10100,아현동,1,대지,738,0,마포트라팰리스2차,20251226,148000,99.56,0,16,,,2008,아파트,중개거래,"서울 마포구, 서울 용산구"
2025,11500,강서구,10100,염창동,1,대지,292,0,동아,20251226,86000,59.97,0,7,,,1998,아파트,중개거래,서울 강서구
2025,11620,관악구,10100,봉천동,1,대지,1708,0,두산,20251226,110000,59.92,0,8,,,2000,아파트,중개거래,서울 관악구
2025,11440,마포구,10800,대흥동,1,대지,660,0,대흥동태영아파트,20251226,210000,84.77,0,10,,,1999,아파트,중개거래,서울 마포구
2025,11530,구로구,10700,개봉동,1,대지,472,0,두산,20251226,55000,59.69,0,8,,,1997,아파트,중개거래,서울 구로구
2025,11560,영등포구,11500,당산동5가,1,대지,8,0,데시앙루브 오피스텔,20251226,20000,28.24,39.53,15,,,2014,오피스텔,직거래,
2025,11410,서대문구,10800,영천동,1,대지,100,0,독립문삼호,20251226,126700,84.78,0,18,,,1995,아파트,중개거래,서울 서대문구
2025,11290,성북구,13800,장위동,1,대지,320,0,래미안장위퍼스트하이,20251226,122500,84.94,0,18,,,2020,아파트,중개거래,서울 성북구
2025,11440,마포구,10200,공덕동,1,대지,105,84,마포자이힐스테이트 라첼스,20251226,285000,84.994,0,11,분양권,,0,아파트,중개거래,"서울 마포구, 서울 서초구"
2025,11470,양천구,10200,목동,1,대지,901,0,목동신시가지1,20251226,270000,90.06,0,2,,,1985,아파트,중개거래,서울 양천구
2025,11230,동대문구,10600,장안동,1,대지,329,3,래미안장안2차,20251226,111500,81.05,0,8,,,2007,아파트,중개거래,서울 동대문구
2025,11380,은평구,10600,대조동,1,대지,49,45,등명아너스빌,20251226,25500,46.78,23,-1,,,2011,연립다세대,중개거래,서울 은평구
2025,11650,서초구,10800,서초동,1,대지,1445,4,래미안서초유니빌,20251226,51000,45.255,0,14,,,2003,아파트,중개거래,서울 서초구
2025,11260,중랑구,10600,신내동,1,대지,786,0,동성타워프라자,20251226,49000,84.21,0,12,,,1996,아파트,중개거래,"서울 노원구, 서울 중랑구"
2025,11215,광진구,10100,중곡동,1,대지,97,30,동서화운트빌(97-30),20251226,31000,44,21,5,,,2011,연립다세대,중개거래,서울 성동구
2025,11290,성북구,13400,길음동,1,대지,1288,0,래미안길음센터피스,20251226,161500,84.95,0,9,,,2019,아파트,중개거래,서울 성북구
2025,11470,양천구,10200,목동,1,대지,901,0,목동신시가지1,20251226,274000,96.9,0,1,,,1985,아파트,중개거래,서울 양천구
2025,11680,강남구,10500,삼성동,1,대지,103,22,래미안삼성1차(103-22),20251226,368000,114.12,0,6,,,2006,아파트,중개거래,서울 강남구
2025,11350,노원구,10500,상계동,1,대지,1285,0,동아불암,20251226,56500,84.9,0,1,,,1999,아파트,중개거래,서울 노원구
2025,11200,성동구,10500,마장동,1,대지,825,0,대성유니드,20251226,130000,84.71,0,14,,,2004,아파트,중개거래,서울 성동구
2025,11290,성북구,10300,돈암동,1,대지,603,0,돈암동더샵아파트,20251226,77500,84.817,0,9,,,2006,아파트,중개거래,서울 성북구
2025,11650,서초구,10700,반포동,1,대지,1343,0,디에이치반포라클라스,20251226,525000,115.943,0,6,,,2021,아파트,중개거래,서울 서초구
2025,11380,은평구,10800,역촌동,1,대지,60,46,만민하늘애,20251226,25500,44.24,25,4,,,2011,연립다세대,중개거래,서울 은평구
2025,11470,양천구,10200,목동,1,대지,318,81,리치빌,20251226,26000,49.82,33,2,,,2007,연립다세대,중개거래,서울 양천구
2025,11470,양천구,10100,신정동,,,,,,20251226,85000,187.02,111,,,,1993,단독다가구,중개거래,서울 양천구
2025,11740,강동구,10900,천호동,1,대지,82,27,(82-27),20251226,22000,43.25,36,4,,,2007,연립다세대,직거래,
2025,11740,강동구,10900,천호동,1,대지,82,27,(82-27),20251226,19500,37.61,29,2,,,2007,연립다세대,중개거래,서울 강동구
2025,11680,강남구,10100,역삼동,1,대지,775,14,경일역삼,20251226,135000,110.49,0,4,,,2002,아파트,중개거래,서울 강남구
2025,11350,노원구,10600,중계동,1,대지,577,0,현대1(4차),20251226,63500,84.99,0,5,,,1993,아파트,직거래,
2025,11530,구로구,10200,구로동,1,대지,1265,0,구로두산,20251226,55000,51.84,0,4,,,1998,아파트,중개거래,서울 구로구
2025,11710,송파구,11200,오금동,1,대지,43,0,현대(2-4차),20251226,182000,84.98,0,6,,,1984,아파트,직거래,
2025,11710,송파구,10700,가락동,1,대지,913,0,헬리오시티,20251226,325000,99.6,0,22,,,2018,아파트,중개거래,서울 송파구
2025,11410,서대문구,11100,홍제동,1,대지,459,0,홍제원현대(459-0),20251226,86000,59.93,0,13,,,2000,아파트,중개거래,서울 서대문구
2025,11620,관악구,10200,신림동,1,대지,1735,0,관악산휴먼시아2단지,20251226,57000,59.99,0,2,,,2008,아파트,중개거래,서울 관악구
2025,11530,구로구,10600,고척동,1,대지,340,0,고척LIG리가1차,20251226,83000,84.91,0,19,,,2009,아파트,중개거래,서울 구로구
2025,11650,서초구,10100,방배동,1,대지,977,1,황제맨숀(977-1),20251226,148000,62.25,35,4,,,1991,연립다세대,중개거래,서울 서초구
2025,11200,성동구,11800,송정동,1,대지,73,1081,화인리버빌,20251226,56000,55.06,33,6,,,2016,연립다세대,중개거래,서울 성동구
2025,11530,구로구,10100,신도림동,1,대지,642,0,대림2,20251226,113000,59.9,0,18,,,2001,아파트,중개거래,서울 구로구
2025,11560,영등포구,11300,당산동3가,1,대지,564,0,당산계룡리슈빌1단지,20251226,69000,39.986,0,2,,,2014,아파트,중개거래,서울 영등포구
2025,11380,은평구,10700,응암동,1,대지,770,0,힐스테이트녹번역,20251226,115000,76.99,0,4,,,2022,아파트,중개거래,서울 은평구
2025,11380,은평구,11000,증산동,1,대지,162,21,자선메르시안(162-21),20251226,84200,84.36,0,4,,,2002,아파트,중개거래,서울 은평구
2025,11620,관악구,10100,봉천동,1,대지,1712,0,관악드림(삼성),20251226,94500,59.85,0,27,,,2003,아파트,중개거래,서울 관악구
2025,11440,마포구,10200,공덕동,1,대지,43,0,공덕2삼성래미안,20251226,208000,84.94,0,15,,,2004,아파트,중개거래,"서울 노원구, 서울 마포구"
2025,11500,강서구,10300,화곡동,1,대지,899,27,GMValley,20251226,23200,25.94,0,11,,20260112,2018,아파트,중개거래,서울 강서구
2025,11620,관악구,10100,봉천동,1,대지,296,0,낙성대현대(296),20251226,105000,114.98,0,13,,,1998,아파트,중개거래,서울 관악구
2025,11230,동대문구,10400,전농동,1,대지,6,0,전농우성,20251226,54000,44.24,0,1,,20260105,1992,아파트,중개거래,"서울 마포구, 서울 중구"
2025,11290,성북구,13400,길음동,1,대지,1281,0,길음뉴타운4단지(e편한세상),20251226,90000,59.97,0,2,,,2005,아파트,중개거래,서울 성북구
2025,11290,성북구,13400,길음동,1,대지,1279,0,길음뉴타운1단지(래미안길음1차),20251226,110000,84.96,0,20,,,2003,아파트,중개거래,서울 성북구
2025,11545,금천구,10200,독산동,1,대지,711,2,금천현대,20251226,57500,59.82,0,15,,,2002,아파트,중개거래,서울 금천구
2025,11545,금천구,10200,독산동,1,대지,1147,0,금천롯데캐슬골드파크1차,20251226,108000,71.39,0,17,,,2016,아파트,중개거래,서울 금천구
2025,11500,강서구,10400,가양동,1,대지,1490,0,가양도시개발9-2단지,20251226,68500,39.6,0,8,,,1993,아파트,중개거래,"서울 강남구, 서울 강서구"
2025,11230,동대문구,10500,답십리동,1,대지,530,15,현대썬앤빌청계,20251226,16000,18.38,0,6,,,2016,아파트,직거래,
2025,11470,양천구,10200,목동,1,대지,721,10,현대빌라트,20251226,14000,22.96,23,5,,,2007,연립다세대,직거래,
2025,11710,송파구,10700,가락동,1,대지,21,6,가락쌍용(2차),20251226,184000,84.42,0,23,,,1999,아파트,중개거래,"서울 서초구, 서울 송파구"
2025,11710,송파구,10700,가락동,1,대지,140,0,가락(1차)쌍용아파트,20251226,188500,59.92,0,17,,,1997,아파트,중개거래,서울 송파구
2025,11410,서대문구,11100,홍제동,,,,,,20251226,100000,193.38,99,,,,1992,단독다가구,직거래,
2025,11620,관악구,10100,봉천동,1,대지,1730,1,e편한세상서울대입구2단지,20251226,143000,84.97,0,8,,,2019,아파트,중개거래,서울 관악구
2025,11590,동작구,10100,노량진동,,,,,,20251226,317000,214.2,149,,,,1989,단독다가구,중개거래,서울 동작구
2025,11500,강서구,10300,화곡동,,,,,,20251226,50000,239.49,165,,,,1990,단독다가구,중개거래,경기 용인시 처인구
2025,11380,은평구,10700,응암동,1,대지,771,0,e편한세상백련산,20251226,90000,84.72,0,9,,,2022,아파트,중개거래,서울 은평구
2025,11560,영등포구,11300,당산동3가,1,대지,558,3,THE PARK 365,20251226,39950,46.88,64.02,8,,,2007,오피스텔,중개거래,서울 영등포구
2025,11410,서대문구,11900,북가좌동,1,대지,481,0,DMC래미안e편한세상,20251226,121500,59.97,0,2,,,2012,아파트,중개거래,서울 서대문구
2025,11380,은평구,10100,수색동,1,대지,418,0,DMCSKVIEW,20251226,129000,59.986,0,4,,,2023,아파트,중개거래,"서울 구로구, 서울 은평구"
2025,11440,마포구,10200,공덕동,1,대지,478,0,공덕더샵,20251226,230000,84.959,0,19,,,2018,아파트,중개거래,서울 마포구
2025,11620,관악구,10100,봉천동,1,대지,1712,0,관악드림(동아),20251226,116000,84.96,0,22,,,2003,아파트,중개거래,서울 관악구
2025,11320,도봉구,10500,쌍문동,1,대지,721,0,극동아파트,20251226,51000,84.3,0,11,,,1996,아파트,중개거래,서울 도봉구
2025,11590,동작구,10700,사당동,1,대지,105,0,극동(105),20251226,150000,84.32,0,9,,,1993,아파트,중개거래,서울 동작구
2025,11350,노원구,10600,중계동,1,대지,360,15,건영3,20251226,125000,84.9,0,15,,,1995,아파트,중개거래,서울 노원구
2025,11500,강서구,10300,화곡동,1,대지,1095,0,그랜드아이파크,20251226,89000,112.46,0,9,,,2010,아파트,중개거래,서울 강서구
2025,11620,관악구,10200,신림동,1,대지,746,43,건영1,20251226,43000,41.04,0,4,,,1984,아파트,중개거래,서울 관악구
2025,11590,동작구,10200,상도동,,,,,,20251226,50000,71.4,136,,,,1968,단독다가구,중개거래,서울 동작구
2025,11230,동대문구,11000,이문동,,,,,,20251226,75000,134.6,83,,,,1993,단독다가구,중개거래,서울 동대문구
2025,11350,노원구,10600,중계동,1,대지,505,0,경남,20251226,72500,74.2,0,2,,,1989,아파트,중개거래,서울 노원구
2025,11170,용산구,13000,이태원동,,,,,,20251226,78000,58.31,79,,,,1961,단독다가구,중개거래,서울 용산구
2025,11560,영등포구,12800,양평동4가,1,대지,51,1,경남아너스빌,20251226,87500,59.84,0,3,,,2000,아파트,중개거래,서울 영등포구
2025,11530,구로구,10200,구로동,1,대지,804,4,구로아트빌라9,20251226,30000,59.89,0,2,,,1997,아파트,중개거래,서울 구로구
2025,11545,금천구,10300,시흥동,,,,,,20251226,45000,171.99,114,,,,1989,단독다가구,중개거래,서울 금천구
2025,11215,광진구,10400,광장동,1,대지,577,0,현대파크빌,20251226,183500,59.76,0,22,,,2000,아파트,중개거래,서울 광진구
2025,11530,구로구,10700,개봉동,1,대지,489,0,개봉동현대아이파크,20251226,88000,84.98,0,12,,,2006,아파트,중개거래,"서울 강남구, 서울 구로구"
2025,11740,강동구,11000,강일동,1,대지,695,0,강일리버파크10단지,20251226,123000,84.74,0,4,,,2009,아파트,중개거래,서울 강동구
2025,11740,강동구,10800,성내동,1,대지,454,6,그린하우스빌(454-6),20251226,34000,64.78,30,5,,,2002,연립다세대,중개거래,서울 강동구
2025,11230,동대문구,11000,이문동,1,대지,225,0,대림e-편한세상,20251225,104000,79.35,0,4,,,2003,아파트,중개거래,서울 동대문구
2025,11290,성북구,13900,석관동,1,대지,10,0,두산,20251225,69500,54.55,0,18,,,1998,아파트,중개거래,서울 성북구
2025,11260,중랑구,10600,신내동,1,대지,317,0,데시앙,20251225,92500,84.3,0,15,,,2010,아파트,중개거래,서울 중랑구
2025,11620,관악구,10100,봉천동,1,대지,1708,0,두산,20251225,119700,114.99,0,11,,,2000,아파트,중개거래,서울 관악구
2025,11260,중랑구,10100,면목동,1,대지,535,7,로얄파크빌,20251225,42000,27.04,16,5,,,2020,연립다세대,중개거래,서울 중랑구
2025,11440,마포구,10400,도화동,1,대지,357,0,도화동현대,20251225,177000,128.26,0,1,,,1996,아파트,중개거래,"서울 마포구, 서울 용산구"
2025,11290,성북구,10300,돈암동,1,대지,630,0,동소문현대,20251225,68500,84.72,0,4,,,1994,아파트,중개거래,서울 성북구
2025,11560,영등포구,11000,여의도동,1,대지,41,0,대교,20251225,297500,95.5,0,10,,,1975,아파트,중개거래,서울 영등포구
2025,11740,강동구,10300,상일동,1,대지,473,0,동아,20251225,77000,84.78,0,19,,,1997,아파트,중개거래,서울 강동구
2025,11230,동대문구,10200,용두동,1,대지,796,0,래미안엘리니티,20251225,128000,51.91,0,11,,,2022,아파트,중개거래,서울 동대문구
2025,11560,영등포구,11100,당산동1가,1,대지,256,76,드림캐슬,20251225,42000,42.95,52.61,3,,,2023,오피스텔,직거래,
2025,11470,양천구,10100,신정동,1,대지,938,7,동원데쟈뷰,20251225,55000,84.43,0,2,,,2002,아파트,중개거래,서울 양천구
2025,11560,영등포구,11400,당산동4가,1,대지,94,1,당산삼성2차,20251225,148500,84.93,0,22,,,1997,아파트,중개거래,서울 영등포구
2025,11740,강동구,10900,천호동,1,대지,237,0,한신아파트,20251225,40000,37.1,0,4,,,1991,아파트,중개거래,서울 강동구
2025,11740,강동구,10500,길동,1,대지,472,0,희훈리치파크1,20251225,79000,83.94,0,3,,,2002,아파트,중개거래,서울 강동구
2025,11530,구로구,10800,오류동,1,대지,335,0,금강,20251225,47000,84.96,0,11,,,1996,아파트,중개거래,서울 구로구
2025,11410,서대문구,11100,홍제동,1,대지,82,0,홍제한양,20251225,78000,60.06,0,11,,,1993,아파트,중개거래,서울 서대문구
2025,11500,강서구,10300,화곡동,1,대지,1067,13,DH팰리스102동,20251225,30000,29.56,15,3,,,2018,연립다세대,중개거래,서울 강서구
2025,11560,영등포구,13300,대림동,1,대지,887,1,한신휴1차,20251225,56000,59.89,0,17,,,1998,아파트,중개거래,서울 영등포구
2025,11350,노원구,10400,하계동,1,대지,270,0,현대,20251225,113900,84.96,0,5,,,1988,아파트,중개거래,서울 노원구
2025,11290,성북구,13400,길음동,1,대지,1286,0,길음뉴타운9단지(래미안),20251225,125500,84.95,0,19,,,2010,아파트,중개거래,서울 성북구
2025,11470,양천구,10100,신정동,1,대지,1293,0,학마을1단지,20251225,59000,49.99,0,10,,,2000,아파트,중개거래,서울 양천구
2025,11710,송파구,10900,장지동,1,대지,842,0,송파파인타운8단지,20251225,168000,59.97,0,20,,,2008,아파트,중개거래,서울 송파구
2025,11560,영등포구,10800,영등포동7가,1,대지,203,0,아크로타워스퀘어,20251225,204000,84.65,0,25,,,2017,아파트,중개거래,서울 영등포구
2025,11260,중랑구,10100,면목동,1,대지,1548,0,쌍용더플래티넘용마산,20251225,97000,75.058,0,4,,,2020,아파트,중개거래,서울 중랑구
2025,11530,구로구,10800,오류동,1,대지,346,0,오류동푸르지오,20251225,69000,61.257,0,6,,,2004,아파트,중개거래,"서울 구로구, 서울 양천구"
2025,11740,강동구,10600,둔촌동,1,대지,546,0,신성둔촌미소지움1,20251225,130000,59.78,0,17,,,1998,아파트,중개거래,"경기 수원시 장안구, 서울 강동구"
2025,11260,중랑구,10500,망우동,1,대지,584,0,신내역 프라디움 더 테라스,20251225,64000,84.261,117.4378,6,,,2023,오피스텔,중개거래,서울 중랑구
2025,11470,양천구,10200,목동,1,대지,718,18,소망빌라(가동),20251225,27750,44.86,36,2,,,1991,연립다세대,중개거래,서울 양천구
2025,11290,성북구,13800,장위동,1,대지,246,164,세종주택,20251225,74500,46.12,30,5,,,2020,연립다세대,중개거래,"서울 강북구, 서울 성북구"
2025,11260,중랑구,10500,망우동,1,대지,351,1,선경하이빌,20251225,34200,53.28,32,2,,,2016,연립다세대,중개거래,서울 중랑구
2025,11500,강서구,10400,가양동,1,대지,1480,1,이스타빌2차,20251225,14500,30.6,40.115,9,,,2003,오피스텔,중개거래,서울 강서구
2025,11410,서대문구,11100,홍제동,1,대지,460,0,인왕산현대,20251225,91750,84.9,0,2,,,2000,아파트,중개거래,서울 서대문구
2025,11320,도봉구,10500,쌍문동,1,대지,507,60,주함해븐빌,20251225,29000,51.39,30,2,,,2015,연립다세대,중개거래,"서울 강북구, 서울 도봉구"
2025,11290,성북구,13200,보문동3가,1,대지,230,0,이편한세상보문,20251225,105000,84.904,0,7,,,2013,아파트,중개거래,"서울 성북구, 서울 종로구"
2025,11470,양천구,10100,신정동,1,대지,1208,34,우성테마힐,20251225,68000,59.67,31,-1,,,2002,연립다세대,직거래,
2025,11260,중랑구,10600,신내동,1,대지,654,0,진로아파트,20251225,86000,101.86,0,10,,,1995,아파트,중개거래,서울 중랑구
2025,11710,송파구,11300,거여동,1,대지,356,0,우방1,20251225,82000,59.91,0,1,,,1999,아파트,중개거래,서울 송파구
2025,11440,마포구,12500,성산동,1,대지,24,5,유림빌라,20251225,43000,36.77,30,3,,,1987,연립다세대,중개거래,서울 마포구
2025,11740,강동구,10300,상일동,1,대지,476,0,중앙하이츠,20251225,100500,59.94,0,8,,,1992,아파트,중개거래,서울 강동구
2025,11350,노원구,10400,하계동,1,대지,274,0,청솔(시영7),20251225,55000,49.5,0,13,,,1989,아파트,중개거래,서울 노원구
2025,11620,관악구,10100,봉천동,1,대지,41,15,비건하우스2,20251225,25000,25.44,17,4,,,2017,연립다세대,중개거래,서울 관악구
2025,11560,영등포구,12700,양평동3가,1,대지,24,0,삼천리,20251225,105000,84.94,0,16,,,2000,아파트,중개거래,서울 영등포구
2025,11305,강북구,10100,미아동,1,대지,1354,0,벽산라이브파크,20251225,54900,60,0,1,,,2004,아파트,중개거래,서울 강북구
2025,11500,강서구,10100,염창동,1,대지,295,0,성원,20251225,80000,59.91,0,2,,20260108,2001,아파트,중개거래,서울 강서구
2025,11410,서대문구,11000,북아현동,1,대지,1,31,북아현동베스트빌,20251225,124400,55.71,33,2,,,2007,연립다세대,중개거래,서울 서대문구
2025,11320,도봉구,10600,방학동,1,대지,719,2,북한산현대렉시온오피스텔,20251225,14700,32.1,41.84,12,,,2004,오피스텔,중개거래,서울 도봉구
2025,11590,동작구,10100,노량진동,1,대지,57,1,메가스터디타워,20251225,24750,25.517,41.745,9,,,2015,오피스텔,중개거래,서울 동작구
2025,11560,영등포구,13200,신길동,1,대지,897,1,삼환,20251225,114500,84.83,0,25,,,1997,아파트,중개거래,"서울 강서구, 서울 영등포구"
2025,11350,노원구,10200,월계동,1,대지,13,0,삼호3,20251225,87800,59.22,0,2,,,1986,아파트,중개거래,서울 노원구
2025,11620,관악구,10100,봉천동,1,대지,1586,14,멜라,20251225,26000,27.42,22,3,,,2021,연립다세대,중개거래,서울 관악구
2025,11560,영등포구,12100,문래동3가,1,대지,54,0,문래자이,20251225,183000,84.98,0,15,,,2001,아파트,중개거래,서울 영등포구
2025,11440,마포구,12300,망원동,1,대지,522,0,마포한강제이스카이,20251225,63000,49.664,0,3,,,2019,아파트,중개거래,서울 마포구
2025,11305,강북구,10100,미아동,1,대지,1357,0,삼각산아이원,20251225,64900,59.758,0,16,,,2003,아파트,중개거래,서울 강북구
2025,11410,서대문구,11800,홍은동,1,대지,467,0,북한산두산위브,20251225,95000,84.98,0,3,,,2020,아파트,중개거래,서울 서대문구
2025,11500,강서구,10500,마곡동,1,대지,1525,0,마곡푸르지오,20251225,126000,84.99,0,11,,,2008,아파트,중개거래,서울 강서구
2025,11710,송파구,10800,문정동,1,대지,145,0,문정시영,20251225,89800,39.69,0,12,,,1989,아파트,중개거래,서울 송파구
2025,11110,종로구,18300,평창동,1,대지,596,0,삼성,20251225,80000,84.93,0,8,,,1998,아파트,중개거래,서울 종로구
2025,11380,은평구,11400,진관동,1,대지,5,0,상림마을6단지푸르지오(622~629동)BL1-5,20251225,62000,59.8,0,4,,,2008,아파트,중개거래,서울 은평구
2025,11560,영등포구,11300,당산동3가,1,대지,394,0,삼익,20251225,100000,82.65,0,4,,,1979,아파트,중개거래,서울 영등포구
2025,11350,노원구,10200,월계동,1,대지,13,0,미륭,20251225,80000,51.48,0,4,,,1986,아파트,중개거래,서울 노원구
2025,11500,강서구,10200,등촌동,1,대지,691,3,부영,20251225,95000,80.64,0,10,,,1994,아파트,중개거래,서울 강서구
2025,11470,양천구,10100,신정동,1,대지,922,12,미다스,20251224,42000,27.96,18,5,,,2016,연립다세대,중개거래,서울 양천구
2025,11110,종로구,18600,신영동,1,대지,150,6,삼성중앙빌라,20251224,59000,79.83,103,3,,,1987,연립다세대,중개거래,서울 종로구
2025,11710,송파구,10700,가락동,1,대지,176,0,삼환,20251224,200000,84.704,0,11,,,1984,아파트,중개거래,서울 송파구
2025,11470,양천구,10200,목동,1,대지,965,0,목동롯데캐슬마에스트로,20251224,135000,77.26,0,9,,,2019,아파트,중개거래,서울 양천구
2025,11470,양천구,10100,신정동,1,대지,318,10,삼성쉐르빌,20251224,175000,89.46,0,3,,,2003,아파트,중개거래,서울 양천구
2025,11470,양천구,10300,신월동,1,대지,1075,0,목동센트럴아이파크위브1단지,20251224,126500,84.97,0,13,,,2020,아파트,중개거래,"경기 안양시 동안구, 서울 양천구"
2025,11470,양천구,10200,목동,1,대지,901,0,목동신시가지1,20251224,230000,66,0,9,,,1985,아파트,중개거래,서울 양천구
2025,11470,양천구,10100,신정동,1,대지,311,0,목동신시가지10,20251224,192000,53.82,0,13,,,1987,아파트,중개거래,서울 양천구
2025,11470,양천구,10200,목동,1,대지,904,0,목동신시가지4,20251224,190000,47.25,0,4,,,1986,아파트,중개거래,서울 양천구
2025,11290,성북구,11200,삼선동2가,1,대지,420,0,삼선현대힐스테이트,20251224,82000,56.83,0,4,,,2009,아파트,중개거래,"서울 성북구, 서울 종로구"
2025,11740,강동구,10900,천호동,1,대지,26,14,명성하이츠빌라,20251224,27000,51.36,23,3,,,1991,연립다세대,중개거래,서울 송파구
2025,11470,양천구,10200,목동,1,대지,318,149,명성그랜드빌라,20251224,22000,35.1,19,4,,,2000,연립다세대,중개거래,서울 양천구
2025,11260,중랑구,10600,신내동,1,대지,437,0,벽산,20251224,49000,59.783,0,14,,,2000,아파트,중개거래,서울 중랑구
2025,11500,강서구,10500,마곡동,1,대지,734,0,마곡엠밸리1단지,20251224,143800,84.88,0,2,,,2014,아파트,중개거래,서울 강서구
2025,11470,양천구,10200,목동,1,대지,926,7,벽산,20251224,175000,84.71,0,7,,,1991,아파트,중개거래,서울 양천구
2025,11350,노원구,10500,상계동,1,대지,639,0,보람아파트,20251224,60000,79.25,0,14,,,1988,아파트,중개거래,서울 노원구
2025,11380,은평구,10300,불광동,1,대지,637,0,북한산래미안아파트(2단지),20251224,83000,59.993,0,9,,,2010,아파트,중개거래,서울 은평구
2025,11380,은평구,10200,녹번동,1,대지,281,0,북한산푸르지오,20251224,108500,84.99,0,12,,,2015,아파트,중개거래,서울 은평구
2025,11470,양천구,10200,목동,1,대지,902,0,목동신시가지2,20251224,238000,65.82,0,15,,,1986,아파트,중개거래,서울 양천구
2025,11470,양천구,10100,신정동,1,대지,325,0,목동신시가지11,20251224,183000,66.24,0,9,,,1988,아파트,중개거래,서울 양천구
2025,11260,중랑구,10100,면목동,1,대지,1545,0,사가정센트럴아이파크,20251224,128000,84.87,0,12,,,2020,아파트,중개거래,서울 중랑구
2025,11380,은평구,10200,녹번동,1,대지,281,0,북한산푸르지오,20251224,108500,84.99,0,20,,,2015,아파트,중개거래,서울 은평구
2025,11230,동대문구,10900,휘경동,1,대지,368,0,브라운스톤휘경,20251224,100000,84.91,0,10,,,2013,아파트,중개거래,서울 동대문구
2025,11380,은평구,10800,역촌동,1,대지,17,7,샹그리라,20251224,18000,40.98,48.42,4,,20260115,2015,오피스텔,중개거래,서울 은평구
2025,11380,은평구,10400,갈현동,1,대지,538,0,미미,20251224,56500,59.595,0,4,,,1997,아파트,중개거래,서울 마포구
2025,11305,강북구,10300,수유동,1,대지,486,280,미래주택,20251224,13000,34.08,18,1,,,1993,연립다세대,중개거래,서울 강북구
2025,11470,양천구,10200,목동,1,대지,929,0,목동청구한신아파트,20251224,198500,84.76,0,9,,,1997,아파트,중개거래,서울 양천구
2025,11560,영등포구,11800,도림동,1,대지,221,1,도림청구,20251224,84000,84.96,0,15,,20260126,1997,아파트,중개거래,서울 영등포구
2025,11530,구로구,10700,개봉동,1,대지,470,0,삼환,20251224,72500,114.48,0,14,,,1995,아파트,중개거래,"서울 구로구, 서울 마포구"
2025,11620,관악구,10200,신림동,1,대지,652,100,삼화빌라,20251224,18000,38.66,16,2,,,1991,연립다세대,중개거래,서울 관악구
2025,11740,강동구,10700,암사동,1,대지,414,2,롯데캐슬퍼스트,20251224,166000,59.99,0,10,,,2008,아파트,중개거래,서울 강동구
2025,11500,강서구,10200,등촌동,1,대지,630,3,우성,20251224,66000,66.9,0,11,,20260210,1992,아파트,중개거래,서울 강서구
2025,11470,양천구,10200,목동,1,대지,929,0,목동청구한신아파트,20251224,207000,84.77,0,5,,,1997,아파트,중개거래,서울 양천구
2025,11350,노원구,10500,상계동,1,대지,652,0,상계주공11(고층),20251224,83500,79.07,0,4,,,1988,아파트,중개거래,서울 노원구
2025,11590,동작구,10900,신대방동,1,대지,713,0,롯데낙천대,20251224,128000,80.242,0,17,,,2003,아파트,중개거래,서울 동작구
2025,11680,강남구,11000,압구정동,1,대지,433,0,신현대11차,20251224,650000,115.23,0,1,,,1983,아파트,중개거래,서울 강남구
2025,11470,양천구,10200,목동,1,대지,324,97,신한목동펠리스,20251224,33000,24.9,15,2,,,2022,연립다세대,중개거래,서울 강서구
2025,11440,마포구,11400,창전동,1,대지,439,0,신촌태영데시앙,20251224,150000,84.97,0,15,,,2003,아파트,중개거래,서울 마포구
2025,11320,도봉구,10600,방학동,1,대지,531,0,신동아아파트2,20251224,37700,84.82,0,5,,,1992,아파트,직거래,
2025,11590,동작구,10700,사당동,1,대지,105,0,신동아4,20251224,125000,46.75,0,6,,,1993,아파트,중개거래,서울 동작구
2025,11530,구로구,10200,구로동,1,대지,1267,0,신도림태영타운,20251224,126500,84.87,0,18,,,2000,아파트,중개거래,서울 구로구
2025,11110,종로구,17100,명륜2가,1,대지,4,0,아남1,20251224,112000,84.8,0,18,,,1995,아파트,중개거래,서울 종로구
2025,11440,마포구,12400,연남동,1,대지,487,123,아뜨리에,20251224,50000,68.07,44,2,,,2007,연립다세대,중개거래,서울 마포구
2025,11680,강남구,10300,개포동,1,대지,1231,8,아무르하우스,20251224,54500,42.63,25,6,,,2015,연립다세대,중개거래,서울 강남구
2025,11470,양천구,10300,신월동,1,대지,456,1,양천홈타운1차,20251224,35000,45.31,0,7,,,2019,아파트,중개거래,서울 양천구
2025,11140,중구,16500,황학동,1,대지,2484,0,신당역올리브2,20251224,12900,23.82,32.35,12,,,2004,오피스텔,중개거래,서울 중구
2025,11140,중구,16500,황학동,1,대지,1173,0,신당 큐브스테이트,20251224,22549,17.802,28.6189,3,,,2022,오피스텔,중개거래,서울 용산구
2025,11545,금천구,10200,독산동,1,대지,960,11,엘리체(960-11),20251224,11500,20.695,9,7,,,2012,연립다세대,중개거래,서울 금천구
2025,11650,서초구,10800,서초동,1,대지,1630,1,서초레이나2,20251224,44006,23.8,14,4,,,2024,연립다세대,직거래,
2025,11140,중구,16500,황학동,1,대지,1173,0,신당 큐브스테이트,20251224,22549,17.32,28.1009,4,,,2022,오피스텔,중개거래,서울 용산구
2025,11350,노원구,10500,상계동,1,대지,670,0,상계주공9(고층),20251224,39500,41.3,0,3,,,1988,아파트,중개거래,서울 노원구
2025,11350,노원구,10500,상계동,1,대지,670,0,상계주공9(고층),20251224,47400,49.94,0,3,,,1988,아파트,중개거래,서울 노원구
2025,11320,도봉구,10700,창동,1,대지,608,56,상록캐스빌(608-56),20251224,24500,43.77,24,5,,,2014,연립다세대,중개거래,서울 도봉구
2025,11215,광진구,10100,중곡동,1,대지,175,105,스타힐스,20251224,42000,56.76,40,2,,,2016,연립다세대,직거래,
2025,11350,노원구,10600,중계동,1,대지,505,0,상아,20251224,72900,72.73,0,1,,,1989,아파트,중개거래,서울 노원구
2025,11710,송파구,10800,문정동,1,대지,622,0,송파한화오벨리스크,20251224,22800,29.99,38.607,4,,,2013,오피스텔,중개거래,서울 송파구
2025,11170,용산구,12500,한강로2가,1,대지,422,0,래미안 용산 더 센트럴,20251224,74000,42.5,58.079,13,,20260112,null,오피스텔,중개거래,서울 용산구
2025,11440,마포구,12700,상암동,1,대지,1637,0,상암월드컵파크2단지,20251224,113500,59.92,0,11,,,2003,아파트,중개거래,"서울 마포구, 서울 은평구"
2025,11710,송파구,10900,장지동,1,대지,843,0,송파파인타운9단지,20251224,162500,59.93,0,4,,,2007,아파트,중개거래,서울 송파구
2025,11260,중랑구,10300,중화동,1,대지,148,112,소라빌라,20251224,46800,49.8,27,2,,,1991,연립다세대,중개거래,서울 중랑구
2025,11710,송파구,10800,문정동,1,대지,115,11,센트럴인,20251224,49500,40.5,29,2,,,2019,연립다세대,직거래,
2025,11680,강남구,11100,세곡동,1,대지,533,0,세곡푸르지오,20251224,185000,74.74,0,11,,,2012,아파트,중개거래,서울 강남구
2025,11650,서초구,10200,양재동,1,대지,402,10,새티스(402-10),20251224,37000,53.44,0,3,,,2001,아파트,직거래,
2025,11260,중랑구,10100,면목동,1,대지,634,43,성진쉐르빌,20251224,24000,38.75,48.33,6,,,2020,오피스텔,중개거래,광주 서구
2025,11380,은평구,10700,응암동,1,대지,769,0,녹번역e편한세상캐슬,20251224,117000,59.96,0,5,,20260128,2021,아파트,중개거래,서울 은평구
2025,11650,서초구,10800,서초동,1,대지,1490,5,서리풀월드메르디앙레브,20251224,114000,59.01,33,3,,,2017,연립다세대,중개거래,서울 서초구
2025,11650,서초구,10800,서초동,1,대지,1630,6,서초레이나1,20251224,43990,23.7,14,3,,,2024,연립다세대,직거래,
2025,11650,서초구,10800,서초동,1,대지,1630,6,서초레이나1,20251224,43990,23.7,14,4,,,2024,연립다세대,직거래,
2025,11650,서초구,10800,서초동,1,대지,1630,6,서초레이나1,20251224,43990,23.7,14,5,,,2024,연립다세대,직거래,
2025,11650,서초구,10800,서초동,1,대지,1630,6,서초레이나1,20251224,43990,23.7,14,6,,,2024,연립다세대,직거래,
2025,11560,영등포구,12800,양평동4가,1,대지,12,0,성원,20251224,109800,84.66,0,1,,,1993,아파트,중개거래,서울 영등포구
2025,11530,구로구,10700,개봉동,1,대지,60,82,거성푸르뫼2,20251224,40500,59.9,0,11,,20260114,1994,아파트,중개거래,서울 구로구
2025,11650,서초구,10800,서초동,1,대지,1630,6,서초레이나1,20251224,43430,23.7,14,2,,,2024,연립다세대,직거래,
2025,11440,마포구,12500,성산동,1,대지,601,0,성산월드타운대림,20251224,124500,117.898,0,12,,,2004,아파트,중개거래,서울 마포구
2025,11650,서초구,10800,서초동,1,대지,1630,6,서초레이나1,20251224,44163,24,14,4,,,2024,연립다세대,직거래,
2025,11440,마포구,12500,성산동,1,대지,601,0,성산월드타운대림,20251224,109000,84.689,0,17,,,2004,아파트,중개거래,서울 마포구
2025,11650,서초구,10800,서초동,1,대지,1630,6,서초레이나1,20251224,44163,24,14,5,,,2024,연립다세대,직거래,
2025,11650,서초구,10800,서초동,1,대지,1630,6,서초레이나1,20251224,44163,24,14,6,,,2024,연립다세대,직거래,
2025,11650,서초구,10800,서초동,1,대지,1630,6,서초레이나1,20251224,43683,24,14,2,,,2024,연립다세대,직거래,
2025,11650,서초구,10800,서초동,1,대지,1630,6,서초레이나1,20251224,44163,24,14,3,,,2024,연립다세대,직거래,
2025,11650,서초구,10800,서초동,1,대지,1630,6,서초레이나1,20251224,51292,27.75,17,3,,,2024,연립다세대,직거래,
2025,11650,서초구,10800,서초동,1,대지,1630,6,서초레이나1,20251224,51292,27.75,17,6,,,2024,연립다세대,직거래,
2025,11650,서초구,10800,서초동,1,대지,1630,6,서초레이나1,20251224,51292,27.75,17,5,,,2024,연립다세대,직거래,
2025,11650,서초구,10800,서초동,1,대지,1630,6,서초레이나1,20251224,50692,27.75,17,2,,,2024,연립다세대,직거래,
2025,11650,서초구,10800,서초동,1,대지,1630,6,서초레이나1,20251224,51292,27.75,17,4,,,2024,연립다세대,직거래,
2025,11650,서초구,10800,서초동,1,대지,1630,1,서초레이나2,20251224,51696,28.05,17,4,,,2024,연립다세대,직거래,
2025,11650,서초구,10800,서초동,1,대지,1630,6,서초레이나1,20251224,51866,28.05,17,5,,,2024,연립다세대,직거래,
2025,11650,서초구,10800,서초동,1,대지,1630,1,서초레이나2,20251224,51697,28.05,17,6,,,2024,연립다세대,직거래,
2025,11650,서초구,10800,서초동,1,대지,1630,6,서초레이나1,20251224,51226,28.05,17,2,,,2024,연립다세대,직거래,
2025,11650,서초구,10800,서초동,1,대지,1630,1,서초레이나2,20251224,51696,28.05,17,3,,,2024,연립다세대,직거래,
2025,11650,서초구,10800,서초동,1,대지,1630,1,서초레이나2,20251224,51016,28.05,17,2,,,2024,연립다세대,직거래,
2025,11650,서초구,10800,서초동,1,대지,1630,6,서초레이나1,20251224,51866,28.05,17,3,,,2024,연립다세대,직거래,
2025,11650,서초구,10800,서초동,1,대지,1630,1,서초레이나2,20251224,51696,28.05,17,5,,,2024,연립다세대,직거래,
2025,11650,서초구,10800,서초동,1,대지,1630,6,서초레이나1,20251224,51867,28.05,17,6,,,2024,연립다세대,직거래,
2025,11650,서초구,10800,서초동,1,대지,1630,6,서초레이나1,20251224,51866,28.05,17,4,,,2024,연립다세대,직거래,
2025,11650,서초구,10800,서초동,1,대지,1630,1,서초레이나2,20251224,44175,23.7,14,3,,,2024,연립다세대,직거래,
2025,11650,서초구,10800,서초동,1,대지,1630,1,서초레이나2,20251224,43655,23.7,14,2,,,2024,연립다세대,직거래,
2025,11650,서초구,10800,서초동,1,대지,1630,1,서초레이나2,20251224,51122,27.75,17,3,,,2024,연립다세대,직거래,
2025,11650,서초구,10800,서초동,1,대지,1630,1,서초레이나2,20251224,51122,27.75,17,4,,,2024,연립다세대,직거래,
2025,11650,서초구,10800,서초동,1,대지,1630,1,서초레이나2,20251224,50522,27.75,17,2,,,2024,연립다세대,직거래,
2025,11650,서초구,10800,서초동,1,대지,1630,1,서초레이나2,20251224,44175,23.7,14,6,,,2024,연립다세대,직거래,
2025,11650,서초구,10800,서초동,1,대지,1630,1,서초레이나2,20251224,44175,23.7,14,4,,,2024,연립다세대,직거래,
2025,11650,서초구,10800,서초동,1,대지,1630,1,서초레이나2,20251224,44175,23.7,14,5,,,2024,연립다세대,직거래,
2025,11650,서초구,10800,서초동,1,대지,1630,1,서초레이나2,20251224,43486,23.8,14,2,,,2024,연립다세대,직거래,
2025,11650,서초구,10800,서초동,1,대지,1630,1,서초레이나2,20251224,51122,27.75,17,6,,,2024,연립다세대,직거래,
2025,11650,서초구,10800,서초동,1,대지,1630,1,서초레이나2,20251224,51122,27.75,17,5,,,2024,연립다세대,직거래,
2025,11650,서초구,10800,서초동,1,대지,1630,1,서초레이나2,20251224,44006,23.8,14,6,,,2024,연립다세대,직거래,
2025,11650,서초구,10800,서초동,1,대지,1630,1,서초레이나2,20251224,44006,23.8,14,5,,,2024,연립다세대,직거래,
2025,11650,서초구,10800,서초동,1,대지,1630,1,서초레이나2,20251224,44006,23.8,14,3,,,2024,연립다세대,직거래,
2025,11260,중랑구,10500,망우동,1,대지,583,0,중랑숲리가,20251224,80300,110.944,0,1,,,2012,아파트,중개거래,서울 중랑구
2025,11470,양천구,10100,신정동,1,대지,879,8,국화빌라,20251224,45000,84.93,44,2,,,1996,연립다세대,중개거래,서울 양천구
2025,11215,광진구,10300,구의동,1,대지,611,0,구의현대2단지,20251224,222500,84.91,0,12,,,1996,아파트,중개거래,서울 광진구
2025,11560,영등포구,12700,양평동3가,1,대지,90,1,거성파스텔,20251224,132000,84.99,0,12,,,1999,아파트,중개거래,서울 영등포구
2025,11710,송파구,11300,거여동,1,대지,290,0,거여1단지,20251224,57400,49.8,0,7,,,1997,아파트,직거래,
2025,11620,관악구,10100,봉천동,1,대지,1712,0,관악드림(삼성),20251224,113500,84.96,0,11,,,2003,아파트,중개거래,"서울 강남구, 서울 관악구"
2025,11260,중랑구,10600,신내동,1,대지,785,0,건영2차,20251224,60000,57.3,0,22,,,1996,아파트,중개거래,서울 중랑구
2025,11380,은평구,10500,구산동,1,대지,308,145,초원렉스빌(308-145),20251224,19500,54.05,35,2,,,2008,연립다세대,중개거래,서울 은평구
2025,11410,서대문구,11800,홍은동,1,대지,189,2,청미빌라(B동),20251224,15000,44.79,34,1,,,1991,연립다세대,직거래,
2025,11620,관악구,10100,봉천동,1,대지,1628,21,(1628-21),20251224,16000,33.82,25,1,,,1987,연립다세대,직거래,
2025,11290,성북구,13400,길음동,1,대지,1279,0,길음뉴타운1단지(래미안길음1차),20251224,98000,84.96,0,1,,20260316,2003,아파트,중개거래,서울 성북구
2025,11380,은평구,10400,갈현동,1,대지,267,9,(267-9),20251224,33000,58.11,32,3,,,2012,연립다세대,중개거래,서울 은평구
2025,11380,은평구,10800,역촌동,1,대지,3,19,(3-19),20251224,12070,31.62,24,-1,,,1986,연립다세대,중개거래,서울 용산구
2025,11170,용산구,10200,용산동2가,1,대지,5,1470,(5-1470),20251224,25000,49.38,20,-1,,,2002,연립다세대,중개거래,서울 용산구
2025,11170,용산구,10400,갈월동,1,대지,7,68,(7-68),20251224,120000,57.42,28,2,,,2004,연립다세대,중개거래,서울 용산구
2025,11680,강남구,10800,논현동,1,대지,96,0,-96,20251224,12390,22.05,22.05,6,,,1987,오피스텔,중개거래,서울 강남구
2025,11680,강남구,10800,논현동,1,대지,96,0,-96,20251224,20370,36.99,36.99,6,,,1987,오피스텔,중개거래,서울 강남구
2025,11170,용산구,12200,문배동,1,대지,24,6,CJ나인파크,20251224,175000,84.98,0,27,,,2007,아파트,중개거래,서울 용산구
2025,11500,강서구,10300,화곡동,1,대지,1067,13,DH팰리스102동,20251224,28900,29.56,15,2,,,2018,연립다세대,중개거래,서울 강서구
2025,11380,은평구,10100,수색동,1,대지,416,1,DMC 진흥,20251224,70000,57.503,0,13,,,2003,아파트,중개거래,서울 은평구
2025,11380,은평구,10100,수색동,1,대지,419,0,DMCSK뷰아이파크포레,20251224,85000,49.92,0,8,,,2023,아파트,중개거래,서울 은평구
2025,11410,서대문구,11900,북가좌동,1,대지,481,0,DMC래미안e편한세상,20251224,167000,120.95,0,14,,,2012,아파트,중개거래,서울 서대문구
2025,11680,강남구,10500,삼성동,1,대지,142,3,LG선릉에클라트B,20251224,28500,40.11,49.9,3,,,2004,오피스텔,직거래,
2025,11350,노원구,10600,중계동,1,대지,502,1,중계그린1단지,20251224,64800,59.22,0,4,,,1990,아파트,중개거래,서울 노원구
2025,11320,도봉구,10700,창동,1,대지,27,0,주공19단지(창동리버타운),20251224,88500,68.86,0,11,,,1988,아파트,중개거래,서울 도봉구
2025,11500,강서구,10200,등촌동,1,대지,702,0,주공10,20251224,60000,58.14,0,13,,,1995,아파트,중개거래,서울 강서구
2025,11710,송파구,10700,가락동,1,대지,53,0,"가락3차쌍용스윗닷홈101동,102동",20251224,174500,84.82,0,13,,,2005,아파트,중개거래,서울 송파구
2025,11710,송파구,10600,삼전동,1,대지,57,8,제니하우스,20251224,36000,58.84,25,5,,,2008,연립다세대,중개거래,경기 구리시
2025,11290,성북구,13300,정릉동,1,대지,239,0,정릉풍림아이원,20251224,53000,59.88,0,15,,,2005,아파트,중개거래,서울 성북구
2025,11290,성북구,13300,정릉동,1,대지,1019,0,정릉성원상떼빌,20251224,50500,59.94,0,2,,,2000,아파트,직거래,
2025,11290,성북구,13300,정릉동,1,대지,1035,0,정릉2차e-편한세상,20251224,110000,114.35,0,14,,,2009,아파트,중개거래,서울 성북구
2025,11230,동대문구,10400,전농동,1,대지,6,0,전농우성,20251224,75000,84.84,0,12,,,1992,아파트,중개거래,서울 동대문구
2025,11350,노원구,10400,하계동,1,대지,273,0,장미(시영6),20251224,72000,59.22,0,15,,,1989,아파트,중개거래,서울 노원구
2025,11380,은평구,10700,응암동,1,대지,176,0,응암푸르지오,20251224,72300,84.2,0,4,,,2008,아파트,중개거래,서울 은평구
2025,11380,은평구,10900,신사동,1,대지,370,0,은평신사두산위브,20251224,76000,84.958,0,9,,,2006,아파트,중개거래,서울 은평구
2025,11350,노원구,10500,상계동,1,대지,1255,0,은빛1단지,20251224,42800,49.77,0,11,,,1998,아파트,중개거래,서울 노원구
2025,11710,송파구,10900,장지동,1,대지,897,0,위례중앙푸르지오1단지,20251224,215000,110.223,0,2,,,2016,아파트,중개거래,"경기 하남시, 서울 송파구"
2025,11290,성북구,13600,하월곡동,1,대지,222,0,월곡두산위브,20251224,89000,84.992,0,5,,,2003,아파트,중개거래,서울 성북구
2025,11680,강남구,10100,역삼동,1,대지,823,26,강남역두산위브센티움,20251224,21000,29.736,40.705,8,,,2004,오피스텔,중개거래,서울 강남구
2025,11170,용산구,11200,원효로1가,1,대지,41,0,용산더프라임,20251224,138000,55.325,0,6,,,2014,아파트,중개거래,서울 용산구
2025,11500,강서구,10400,가양동,1,대지,1475,0,강변,20251224,63000,34.44,0,5,,,1992,아파트,중개거래,서울 강서구
2025,11260,중랑구,10100,면목동,1,대지,494,0,용마금호타운,20251224,68300,84.9,0,12,,,1992,아파트,중개거래,서울 중랑구
2025,11200,성동구,11300,옥수동,1,대지,560,0,옥수어울림,20251224,230000,84.96,0,14,,,2011,아파트,중개거래,"대구 수성구, 서울 성동구"
2025,11530,구로구,10700,개봉동,1,대지,475,0,영화,20251224,60700,59.78,0,12,,,1998,아파트,중개거래,서울 구로구
2025,11560,영등포구,10100,영등포동,1,대지,647,0,영등포푸르지오,20251224,149500,84.84,0,23,,,2002,아파트,중개거래,서울 영등포구
2025,11560,영등포구,11800,도림동,1,대지,57,0,영광빌라,20251224,50000,24.6,26,2,,,2021,연립다세대,중개거래,서울 영등포구
2025,11560,영등포구,11000,여의도동,1,대지,47,0,여의도자이,20251224,375000,125.71,0,16,,,2008,아파트,중개거래,서울 영등포구
2025,11260,중랑구,10200,상봉동,1,대지,484,0,"엘지,쌍용아파트",20251224,60000,68.12,0,12,,,1996,아파트,중개거래,서울 중랑구
2025,11545,금천구,10200,독산동,1,대지,711,2,금천현대,20251224,57500,59.82,0,10,,,2002,아파트,중개거래,"서울 관악구, 서울 금천구"
2025,11545,금천구,10200,독산동,1,대지,711,2,금천현대,20251224,58000,59.82,0,8,,,2002,아파트,중개거래,"서울 관악구, 서울 금천구"
2025,11545,금천구,10200,독산동,1,대지,1156,0,금천 롯데캐슬 골드파크 4차,20251224,17450,24.21,38.1,33,,,2019,오피스텔,중개거래,서울 금천구
2025,11290,성북구,13500,종암동,1,대지,128,0,극동,20251224,75000,84.96,0,16,,,2000,아파트,중개거래,서울 성북구
2025,11290,성북구,13800,장위동,1,대지,246,149,그린빌라(246-149),20251224,66500,54.17,45,2,,,1994,연립다세대,중개거래,서울 성북구
2025,11410,서대문구,12000,남가좌동,1,대지,376,0,남가좌동현대,20251224,81000,59.4,0,13,,,1999,아파트,중개거래,서울 서대문구
2025,11230,동대문구,10400,전농동,1,대지,688,0,래미안아름숲,20251224,143000,114.9,0,6,,,2012,아파트,중개거래,서울 동대문구
2025,11110,종로구,17400,창신동,1,대지,232,0,두산,20251224,112900,84.9,0,12,,,1999,아파트,중개거래,서울 종로구
2025,11710,송파구,10400,송파동,1,대지,119,0,한양아파트,20251224,244000,119.68,0,10,,20260126,1983,아파트,중개거래,서울 송파구
2025,11470,양천구,10200,목동,1,대지,318,199,남경쉐르빌비동,20251224,18500,58.88,24,2,,,2001,연립다세대,중개거래,서울 강남구
2025,11380,은평구,10700,응암동,1,대지,769,0,녹번역e편한세상캐슬,20251224,134000,84.98,0,2,,,2021,아파트,중개거래,서울 은평구
2025,11470,양천구,10200,목동,1,대지,715,1,다나네스트빌(715-1),20251224,30500,58.12,34,4,,,2007,연립다세대,중개거래,서울 양천구
2025,11290,성북구,10300,돈암동,1,대지,633,0,동부센트레빌,20251224,90000,80.54,0,15,,,2003,아파트,중개거래,서울 성북구
2025,11680,강남구,10100,역삼동,1,대지,777,14,드림하우스,20251224,20000,27.36,14,1,,,2000,연립다세대,직거래,
2025,11740,강동구,10900,천호동,1,대지,167,102,다성 이즈빌,20251224,12500,17.81,26.74,4,,,2017,오피스텔,직거래,
2025,11320,도봉구,10700,창동,1,대지,808,0,동아청솔,20251224,103000,84.97,0,9,,,1997,아파트,중개거래,"서울 도봉구, 서울 성동구"
2025,11560,영등포구,11200,당산동2가,1,대지,164,0,당산2가현대홈타운,20251224,152500,82.77,0,7,,,1994,아파트,중개거래,서울 영등포구
2025,11710,송파구,11200,오금동,1,대지,45,4,동인트루빌오피스텔,20251224,16900,35.64,48.07,2,,,2003,오피스텔,중개거래,서울 송파구
2025,11710,송파구,10700,가락동,1,대지,70,19,대림,20251224,185000,99.38,0,11,,,1988,아파트,중개거래,서울 송파구
2025,11230,동대문구,11000,이문동,1,대지,225,0,대림e-편한세상,20251224,110500,114.937,0,16,,,2003,아파트,중개거래,서울 동대문구
2025,11500,강서구,10900,방화동,1,대지,874,0,대림e-편한세상,20251224,83500,84.67,0,8,,,2003,아파트,중개거래,서울 강서구
2025,11500,강서구,10400,가양동,1,대지,1479,8,동양 트레벨 스카이 오피스텔,20251224,9800,24.36,36.56,8,,,2003,오피스텔,중개거래,서울 강남구
2025,11680,강남구,11800,도곡동,1,대지,963,0,럭키(963),20251224,225000,84.97,0,11,,,1995,아파트,중개거래,서울 강남구
2025,11500,강서구,10100,염창동,1,대지,292,0,동아,20251224,110000,84.95,0,15,,,1998,아파트,중개거래,서울 강서구
2025,11620,관악구,10200,신림동,1,대지,524,8,대신아트빌2차,20251224,39500,75.57,38,2,,,2002,연립다세대,중개거래,서울 관악구
2025,11200,성동구,11200,금호동4가,1,대지,800,0,대우,20251224,185000,84.96,0,5,,,2001,아파트,중개거래,"서울 강남구, 서울 성동구"
2025,11500,강서구,10100,염창동,1,대지,292,0,동아,20251224,98000,84.95,0,1,,,1998,아파트,중개거래,서울 강서구
2025,11320,도봉구,10700,창동,1,대지,804,0,대우,20251224,70750,84.88,0,15,,,1995,아파트,중개거래,서울 도봉구
2025,11215,광진구,10300,구의동,1,대지,33,23,대호빌라,20251224,29300,68.88,35,2,,,2000,연립다세대,중개거래,서울 광진구
2025,11500,강서구,10200,등촌동,1,대지,628,0,등촌동노블리움오피스텔,20251224,37000,54.52,74.35,8,,,2005,오피스텔,중개거래,서울 강서구
2025,11290,성북구,13400,길음동,1,대지,1279,0,길음뉴타운1단지(래미안길음1차),20251224,105000,59.99,0,15,,,2003,아파트,중개거래,서울 성북구
2025,11290,성북구,13400,길음동,1,대지,1279,0,길음뉴타운1단지(래미안길음1차),20251224,98000,84.96,0,1,,,2003,아파트,중개거래,서울 성북구
2025,11590,동작구,10700,사당동,1,대지,1159,0,래미안로이파크,20251224,184000,59.98,0,17,,,2018,아파트,중개거래,서울 동작구
2025,11650,서초구,10200,양재동,1,대지,7,45,대흥,20251224,43550,56.65,0,2,,,2002,아파트,직거래,
2025,11320,도봉구,10800,도봉동,1,대지,95,0,도봉 금호어울림 리버파크,20251224,71670,59.891,0,3,분양권,,0,아파트,중개거래,"서울 도봉구, 서울 은평구"
2025,11545,금천구,10100,가산동,1,대지,769,0,두산,20251224,67500,59.84,0,7,,,1998,아파트,중개거래,서울 금천구
2025,11440,마포구,10400,도화동,1,대지,357,0,도화동현대,20251224,153000,79.83,0,5,,,1996,아파트,중개거래,서울 마포구
2025,11350,노원구,10600,중계동,1,대지,358,2,주공4,20251224,80000,76.51,0,5,,20260113,1991,아파트,중개거래,서울 노원구
2025,11380,은평구,10200,녹번동,1,대지,283,0,래미안베라힐즈,20251224,130000,84.98,0,12,,,2019,아파트,중개거래,서울 은평구
2025,11740,강동구,10200,고덕동,1,대지,688,0,래미안힐스테이트고덕,20251224,189500,59.35,0,12,,,2016,아파트,중개거래,"서울 강동구, 서울 송파구"
2025,11545,금천구,10200,독산동,1,대지,293,10,독산현대,20251224,61500,83.73,0,6,,,1999,아파트,중개거래,"서울 관악구, 서울 금천구"
2025,11500,강서구,10200,등촌동,1,대지,78,7,길훈엔트런스빌,20251224,14100,27.29,40.424,6,,,2004,오피스텔,중개거래,서울 강서구
2025,11620,관악구,10100,봉천동,1,대지,179,58,낙성대현대아파트,20251224,68500,61.74,0,6,,,1988,아파트,중개거래,서울 관악구
2025,11290,성북구,10300,돈암동,1,대지,639,0,돈암힐스테이트,20251224,89500,84.54,0,8,,,2007,아파트,중개거래,서울 성북구
2025,11560,영등포구,12900,양평동5가,1,대지,9,1,동보,20251224,119000,84.48,0,13,,,1998,아파트,중개거래,서울 영등포구
2025,11305,강북구,10100,미아동,1,대지,813,0,래미안트리베라1단지,20251224,85500,84.97,0,12,,,2010,아파트,중개거래,서울 강북구
2025,11545,금천구,10200,독산동,1,대지,1093,4,한신아파트,20251224,56000,89.46,0,1,,,1991,아파트,중개거래,서울 금천구
2025,11560,영등포구,12700,양평동3가,1,대지,78,20,포엠빌,20251224,31432,28.53,31.26,7,,,2023,오피스텔,중개거래,서울 마포구
2025,11590,동작구,10200,상도동,1,대지,521,0,포스코더샵,20251224,180000,84.995,0,3,,,2007,아파트,중개거래,서울 동작구
2025,11230,동대문구,10100,신설동,1,대지,100,26,포레스트힐시티,20251224,15000,18.57,29.42,14,,,2018,오피스텔,중개거래,대전 유성구
2025,11710,송파구,10800,문정동,1,대지,618,0,파크하비오,20251224,46000,48.93,62.01,3,,,null,오피스텔,중개거래,서울 송파구
2025,11560,영등포구,13200,신길동,1,대지,166,44,태양하이츠B,20251224,107700,52.21,30,-1,,,1991,연립다세대,중개거래,서울 영등포구
2025,11350,노원구,10300,공릉동,1,대지,81,0,태강아파트(아이파크),20251224,54500,49.6,0,11,,,1999,아파트,중개거래,서울 노원구
2025,11650,서초구,10800,서초동,1,대지,1679,1,코업레지던스/서초동,20251224,20500,24.16,34.6682,8,,,2004,오피스텔,중개거래,서울 서초구
2025,11380,은평구,11000,증산동,,,,,,20251224,120000,159.08,123,,,,2000,단독다가구,중개거래,서울 은평구
2025,11230,동대문구,10400,전농동,,,,,,20251224,85000,82.64,92,,,,2025,단독다가구,중개거래,서울 동대문구
2025,11230,동대문구,10700,청량리동,,,,,,20251224,112000,29.75,80,,,,1980,단독다가구,중개거래,서울 동대문구
2025,11590,동작구,10200,상도동,1,대지,531,0,힐스테이트 상도 센트럴파크,20251224,181500,84.783,0,7,,,2012,아파트,중개거래,"서울 마포구, 서울 성동구"
2025,11230,동대문구,10800,회기동,1,대지,351,0,회기힐스테이트,20251224,104000,84.99,0,16,,,2011,아파트,중개거래,서울 동대문구
2025,11740,강동구,10600,둔촌동,1,대지,484,13,화이트하이빌,20251224,70000,42.84,20,4,,,2004,연립다세대,중개거래,서울 강동구
2025,11215,광진구,10700,화양동,1,대지,116,2,화양동동도센트리움캠퍼스파크,20251224,18700,15.161,0,17,,,2019,아파트,중개거래,서울 광진구
2025,11500,강서구,10300,화곡동,1,대지,1091,0,화곡푸르지오,20251224,115500,103.92,0,14,,,2002,아파트,중개거래,서울 강서구
2025,11410,서대문구,11800,홍은동,1,대지,186,1,홍은미성,20251224,46500,83.61,0,1,,,1985,아파트,중개거래,"서울 강남구, 서울 서대문구"
2025,11680,강남구,10500,삼성동,1,대지,50,0,현대힐스테이트2단지,20251224,180000,40.553,0,14,,,2008,아파트,중개거래,서울 강남구
2025,11530,구로구,10700,개봉동,1,대지,480,0,현대홈타운,20251224,79500,84.915,0,25,,,2001,아파트,중개거래,서울 구로구
2025,11530,구로구,10700,개봉동,1,대지,480,0,현대홈타운,20251224,69500,59.49,0,11,,,2001,아파트,중개거래,서울 구로구
2025,11530,구로구,10700,개봉동,1,대지,480,0,현대홈타운,20251224,63000,59.49,0,2,,,2001,아파트,중개거래,"서울 강남구, 서울 구로구"
2025,11560,영등포구,11300,당산동3가,1,대지,395,37,현대하이츠,20251224,28700,25.94,12,4,,,2017,연립다세대,중개거래,서울 영등포구
2025,11440,마포구,12300,망원동,1,대지,502,0,함성월드빌,20251224,94000,84.7,0,9,,,2003,아파트,중개거래,서울 마포구
2025,11305,강북구,10100,미아동,1,대지,705,1,한화포레나미아,20251224,91087,74.967,0,25,분양권,,0,아파트,중개거래,서울 강북구
2025,11305,강북구,10100,미아동,1,대지,705,1,한화포레나미아,20251224,75494,53.985,0,10,분양권,,0,아파트,중개거래,서울 강북구
2025,11290,성북구,10300,돈암동,1,대지,609,1,한진(609-1),20251224,99000,113.67,0,20,,,1998,아파트,중개거래,서울 성북구
2025,11230,동대문구,10100,신설동,1,대지,100,26,포레스트힐시티,20251224,15000,18.57,29.42,14,,20260227,2018,오피스텔,중개거래,대전 유성구
2025,11530,구로구,10200,구로동,1,대지,1280,0,한신휴플러스(1280-0),20251224,71000,58.03,0,2,,,2007,아파트,중개거래,서울 구로구
2025,11200,성동구,11500,성수동2가,1,대지,442,0,한신한강,20251224,290000,59.95,0,2,,,2000,아파트,중개거래,서울 성동구
2025,11560,영등포구,12700,양평동3가,1,대지,78,20,포엠빌,20251224,31537,28.53,31.26,8,,,2023,오피스텔,중개거래,서울 마포구
2025,11290,성북구,10300,돈암동,1,대지,609,1,한신,20251224,91000,152.25,0,10,,,1998,아파트,중개거래,서울 성북구
2025,11350,노원구,10400,하계동,1,대지,354,0,학여울청구,20251224,60000,59.4,0,1,,,1999,아파트,중개거래,서울 노원구
2025,11560,영등포구,10700,영등포동6가,1,대지,42,0,에이클래스,20251224,30200,50.03,61.5,2,,20260102,null,오피스텔,중개거래,경남 창원시 성산구
2025,11530,구로구,10200,구로동,1,대지,92,0,하나세인스톤Ⅴ,20251224,10000,16.3,9,4,,,2013,연립다세대,직거래,
2025,11350,노원구,10400,하계동,1,대지,288,0,하계2현대,20251224,85000,84.896,0,2,,,1997,아파트,중개거래,서울 노원구
2025,11620,관악구,10300,남현동,1,대지,1059,6,프론티아 오피스텔,20251224,11000,20.3,27.19,7,,,2002,오피스텔,중개거래,서울 관악구
2025,11560,영등포구,12700,양평동3가,1,대지,78,20,포엠빌,20251224,32514,29.23,32.06,10,,,2023,오피스텔,중개거래,서울 마포구
2025,11560,영등포구,12700,양평동3가,1,대지,78,20,포엠빌,20251224,32514,29.23,32.06,11,,,2023,오피스텔,중개거래,서울 마포구
2025,11560,영등포구,12700,양평동3가,1,대지,78,20,포엠빌,20251224,32199,29.23,32.06,7,,,2023,오피스텔,중개거래,서울 마포구
2025,11560,영등포구,12700,양평동3가,1,대지,78,20,포엠빌,20251224,32747,29.19,31.91,17,,,2023,오피스텔,중개거래,서울 마포구
2025,11560,영등포구,12700,양평동3가,1,대지,78,20,포엠빌,20251224,32642,29.19,31.91,11,,,2023,오피스텔,중개거래,서울 마포구
2025,11560,영등포구,12700,양평동3가,1,대지,78,20,포엠빌,20251224,32257,29.19,31.91,7,,,2023,오피스텔,중개거래,서울 마포구
2025,11560,영등포구,12700,양평동3가,1,대지,78,20,포엠빌,20251224,32642,29.19,31.91,10,,,2023,오피스텔,중개거래,서울 마포구
2025,11560,영등포구,12700,양평동3가,1,대지,78,20,포엠빌,20251224,32133,28.89,31.61,10,,,2023,오피스텔,중개거래,서울 마포구
2025,11560,영등포구,12700,양평동3가,1,대지,78,20,포엠빌,20251224,31818,28.89,31.61,7,,,2023,오피스텔,중개거래,서울 마포구
2025,11560,영등포구,12700,양평동3가,1,대지,78,20,포엠빌,20251224,31992,28.53,31.26,17,,,2023,오피스텔,중개거래,서울 마포구
2025,11560,영등포구,12700,양평동3가,1,대지,78,20,포엠빌,20251224,31747,28.53,31.26,11,,,2023,오피스텔,중개거래,서울 마포구
2025,11560,영등포구,12700,양평동3가,1,대지,78,20,포엠빌,20251224,31747,28.53,31.26,10,,,2023,오피스텔,중개거래,서울 마포구
2025,11560,영등포구,12700,양평동3가,1,대지,78,20,포엠빌,20251224,31887,28.53,31.26,11,,,2023,오피스텔,중개거래,서울 마포구
2025,11560,영등포구,12700,양평동3가,1,대지,78,20,포엠빌,20251224,31537,28.53,31.26,7,,,2023,오피스텔,중개거래,서울 마포구
2025,11560,영등포구,12700,양평동3가,1,대지,78,20,포엠빌,20251224,31887,28.53,31.26,10,,,2023,오피스텔,중개거래,서울 마포구
2025,11560,영등포구,12700,양평동3가,1,대지,78,20,포엠빌,20251224,31537,28.53,31.26,9,,,2023,오피스텔,중개거래,서울 마포구
2025,11530,구로구,10700,개봉동,1,대지,476,0,한마을,20251223,85000,84.57,0,5,,,1999,아파트,중개거래,서울 구로구
2025,11350,노원구,10500,상계동,1,대지,1267,0,토마토파르코,20251223,15500,36.767,45.648,4,,,2005,오피스텔,중개거래,서울 노원구
2025,11305,강북구,10400,우이동,1,대지,72,159,한일주택,20251223,13600,36.24,15,1,,,1993,연립다세대,중개거래,서울 강북구
2025,11290,성북구,13800,장위동,1,대지,322,0,래미안포레카운티,20251223,104000,59.92,0,4,,20260331,2021,아파트,중개거래,서울 성북구
2025,11350,노원구,10600,중계동,1,대지,34,5,현대(6차),20251223,47000,59.84,0,2,,,2018,아파트,중개거래,서울 노원구
2025,11320,도봉구,10700,창동,1,대지,819,0,태영데시앙,20251223,70000,84.995,0,1,,,2003,아파트,중개거래,서울 도봉구
2025,11230,동대문구,10500,답십리동,1,대지,1014,0,답십리파크자이,20251223,114000,49.27,0,10,,20260120,2019,아파트,중개거래,"경기 용인시 기흥구, 서울 동대문구"
2025,11170,용산구,12800,한강로3가,1,대지,65,230,한강대우트럼프월드3,20251223,76000,49.66,69.3,9,,,2004,오피스텔,중개거래,서울 용산구
2025,11650,서초구,10800,서초동,1,대지,1508,15,한울터,20251223,64100,64.39,32,3,,,2003,연립다세대,중개거래,서울 서초구
2025,11500,강서구,10300,화곡동,1,대지,1046,0,화곡하이츠빌라,20251223,26000,40.8,22,3,,,1991,연립다세대,중개거래,서울 강서구
2025,11560,영등포구,11300,당산동3가,1,대지,395,37,현대하이츠,20251223,32600,29.16,13,5,,,2017,연립다세대,중개거래,서울 영등포구
2025,11440,마포구,12400,연남동,1,대지,573,0,코오롱,20251223,125000,102.158,0,11,,,2003,아파트,중개거래,"서울 마포구, 서울 서대문구"
2025,11290,성북구,10300,돈암동,1,대지,609,1,한신,20251223,93000,152.25,0,9,,,1998,아파트,중개거래,서울 성북구
2025,11500,강서구,10300,화곡동,1,대지,61,104,황금빌라(61-104),20251223,6400,31.32,16,-1,,,1993,연립다세대,중개거래,서울 강서구
2025,11470,양천구,10200,목동,1,대지,907,10,현대파리지앙,20251223,19450,33.88,43.24,7,,,2004,오피스텔,중개거래,서울 양천구
2025,11200,성동구,10700,행당동,1,대지,345,0,두산,20251223,110000,59.94,0,24,,20251231,1997,아파트,중개거래,서울 성동구
2025,11380,은평구,10900,신사동,1,대지,11,5,프라임하우스(11-5),20251223,25000,66.63,36,5,,,2010,연립다세대,직거래,
2025,11740,강동구,11000,강일동,1,대지,72,0,힐스테이트리슈빌강일,20251223,142000,84.732,0,8,,,2023,아파트,중개거래,서울 강동구
2025,11305,강북구,10100,미아동,1,대지,228,101,현대쉐르빌B동,20251223,21000,35.53,21,5,,,2013,연립다세대,중개거래,서울 강북구
2025,11710,송파구,10200,신천동,1,대지,11,9,한신잠실코아,20251223,138000,50.76,0,7,,,1988,아파트,중개거래,서울 송파구
2025,11620,관악구,10200,신림동,1,대지,412,121,한성빌라,20251223,28400,37.15,28,2,,,1990,연립다세대,중개거래,서울 관악구
2025,11305,강북구,10100,미아동,1,대지,129,4,행복빌라,20251223,37800,57.01,34,2,,,2016,연립다세대,중개거래,서울 강북구
2025,11140,중구,16500,황학동,1,대지,787,0,한양I-Class,20251223,12600,16.37,0,16,,,2013,아파트,중개거래,서울 중구
2025,11470,양천구,10200,목동,1,대지,917,9,현대41타워,20251223,91600,124.2,149.58,9,,,2001,오피스텔,직거래,
2025,11530,구로구,10100,신도림동,1,대지,400,1,(400-1),20251223,14400,35.49,43.4,4,,20260105,2002,오피스텔,중개거래,서울 구로구
2025,11560,영등포구,12900,양평동5가,1,대지,22,1,큐브스테이트,20251223,29500,31.68,38.46,5,,,2018,오피스텔,중개거래,서울 영등포구
2025,11560,영등포구,13200,신길동,1,대지,4969,0,힐스테이트클래시안,20251223,183000,84.86,0,3,,,2020,아파트,중개거래,서울 영등포구
2025,11560,영등포구,11100,당산동1가,1,대지,186,105,파비엥노블레스104동,20251223,29200,29.89,21,6,,,2018,연립다세대,중개거래,서울 영등포구
2025,11560,영등포구,12900,양평동5가,1,대지,94,0,한강프리젠,20251223,28400,29.94,40.49,3,,,null,오피스텔,중개거래,서울 영등포구
2025,11350,노원구,10300,공릉동,1,대지,408,23,한진아파트,20251223,48000,84.85,0,2,,,2007,아파트,중개거래,서울 노원구
2025,11290,성북구,10300,돈암동,1,대지,609,1,한진(609-1),20251223,61800,59.58,0,10,,,1998,아파트,중개거래,서울 성북구
2025,11350,노원구,10600,중계동,1,대지,578,0,현대2(4차),20251223,63000,84.87,0,2,,,1993,아파트,중개거래,서울 노원구
2025,11560,영등포구,12200,문래동4가,,,,,,20251223,137000,47.11,95,,,,1900,단독다가구,중개거래,서울 강남구
2025,11710,송파구,10700,가락동,1,대지,913,0,헬리오시티,20251223,319000,99.6,0,15,,,2018,아파트,중개거래,서울 송파구
2025,11530,구로구,10700,개봉동,1,대지,478,0,한진,20251223,66400,84.96,0,7,,,2000,아파트,중개거래,서울 구로구
2025,11650,서초구,11100,신원동,1,대지,659,0,해피트리앤,20251223,17000,21.238,29.282,3,,,2015,오피스텔,중개거래,서울 서초구
2025,11410,서대문구,11900,북가좌동,1,대지,295,37,한신갤러리시그니처,20251223,18000,29.71,19,5,,,2018,연립다세대,중개거래,서울 은평구
2025,11530,구로구,10700,개봉동,1,대지,478,0,한진,20251223,50000,59.95,0,1,,,2000,아파트,중개거래,서울 구로구
2025,11650,서초구,10600,잠원동,1,대지,71,12,킴스빌리지,20251223,110000,23.7,0,14,,,1996,아파트,중개거래,서울 서초구
2025,11530,구로구,10600,고척동,1,대지,337,0,한일유앤아이,20251223,56000,59.647,0,6,,,2005,아파트,중개거래,서울 구로구
2025,11560,영등포구,13300,대림동,1,대지,607,1,코오롱,20251223,90000,59.94,0,21,,,1998,아파트,중개거래,서울 영등포구
2025,11710,송파구,10700,가락동,1,대지,913,0,헬리오시티,20251223,278000,59.96,0,2,,,2018,아파트,중개거래,서울 송파구
2025,11305,강북구,10100,미아동,,,,,,20251223,84000,198.36,120,,,,2002,단독다가구,중개거래,서울 강북구
2025,11545,금천구,10200,독산동,1,대지,335,4,"공단연립(A,B,C)",20251223,33000,54.05,56,1,,20260210,1979,연립다세대,직거래,
2025,11590,동작구,10700,사당동,,,,,,20251223,100500,277.98,166,,,,1991,단독다가구,중개거래,서울 동작구
2025,11680,강남구,10500,삼성동,1,대지,4,6,삼성동한솔아파트,20251223,195000,58.57,0,16,,20260422,1998,아파트,중개거래,서울 강남구
2025,11740,강동구,10700,암사동,1,대지,499,15,만민하늘애,20251223,44700,41.24,26,5,,20260122,2020,연립다세대,중개거래,서울 강동구
2025,11230,동대문구,10200,용두동,1,대지,100,5,동대문 베네스트,20251223,43000,44.59,60.988,13,,20260223,2020,오피스텔,중개거래,서울 동대문구
2025,11560,영등포구,10400,영등포동3가,1,대지,1,1,여의도 하이엔드 퍼스트,20251223,33905,29.86,41.66,5,,,2025,오피스텔,중개거래,인천 연수구
2025,11215,광진구,10400,광장동,1,대지,566,0,청구,20251223,168000,59.95,0,16,,,1996,아파트,중개거래,서울 광진구
2025,11560,영등포구,12400,문래동6가,1,대지,16,0,문래파라곤 201동,20251223,70000,81.32,100.58,7,,,2005,오피스텔,중개거래,"서울 양천구, 서울 영등포구"
2025,11215,광진구,10400,광장동,1,대지,566,0,청구,20251223,196000,84.86,0,14,,,1996,아파트,중개거래,서울 광진구
2025,11350,노원구,10500,상계동,1,대지,765,0,상계주공1(저층),20251223,55000,71.89,0,5,,,1988,아파트,중개거래,"서울 노원구, 서울 도봉구"
2025,11260,중랑구,10400,묵동,1,대지,121,258,청담드림빌,20251223,25900,36.86,20,2,,,2015,연립다세대,중개거래,서울 중랑구
2025,11530,구로구,10700,개봉동,1,대지,470,0,삼환,20251223,69000,84.945,0,22,,,1995,아파트,중개거래,서울 구로구
2025,11560,영등포구,12400,문래동6가,1,대지,38,1,문래베어스타운,20251223,98000,84.82,0,16,,,1997,아파트,중개거래,"서울 금천구, 서울 영등포구"
2025,11560,영등포구,10900,영등포동8가,1,대지,76,1,삼환,20251223,127000,59.91,0,10,,,1999,아파트,중개거래,서울 영등포구
2025,11560,영등포구,12200,문래동4가,1,대지,43,0,문래동삼환,20251223,93500,59.85,0,13,,,2001,아파트,중개거래,서울 영등포구
2025,11410,서대문구,12000,남가좌동,1,대지,385,0,DMC파크뷰자이1단지,20251223,161000,84.974,0,12,,,2015,아파트,중개거래,서울 서대문구
2025,11680,강남구,10100,역삼동,1,대지,832,16,BIEL 106,20251223,38200,28.867,41.8049,7,,,2018,오피스텔,중개거래,서울 강남구
2025,11410,서대문구,11600,창천동,1,대지,510,2,3RU-City,20251223,11200,16.93,0,12,,,2013,아파트,직거래,
2025,11380,은평구,10100,수색동,1,대지,417,0,DMC롯데캐슬더퍼스트,20251223,128000,84.93,0,23,,,2021,아파트,중개거래,서울 은평구
2025,11230,동대문구,11000,이문동,1,대지,256,222,256-222,20251223,40000,29.95,19,2,,20260102,2015,연립다세대,직거래,
2025,11545,금천구,10200,독산동,1,대지,976,33,(두산빌라),20251223,20000,54.27,24,2,,,2000,연립다세대,중개거래,서울 금천구
2025,11680,강남구,10800,논현동,1,대지,205,2,논현동한화꿈에그린,20251223,127500,67.671,0,10,,20260309,2005,아파트,중개거래,서울 강남구
2025,11560,영등포구,11800,도림동,1,대지,141,141,로즈힐,20251223,55000,29.71,21,4,,,2023,연립다세대,중개거래,서울 성북구
2025,11410,서대문구,12000,남가좌동,1,대지,389,0,DMC에코자이,20251223,122000,59.79,0,7,,,2019,아파트,중개거래,서울 서대문구
2025,11470,양천구,10300,신월동,1,대지,1057,0,롯데캐슬(1057-0),20251223,69000,59.88,0,3,,,2010,아파트,중개거래,서울 양천구
2025,11590,동작구,10200,상도동,1,대지,198,47,루나포레30,20251223,58000,49.88,31,5,,,2022,연립다세대,중개거래,서울 동작구
2025,11650,서초구,10800,서초동,1,대지,1508,19,리라캐슬,20251223,43000,44.76,21,2,,,2002,연립다세대,직거래,
2025,11560,영등포구,12200,문래동4가,1,대지,67,0,리버뷰신안인스빌1단지,20251223,109500,84.995,0,14,,,2008,아파트,중개거래,서울 영등포구
2025,11170,용산구,11500,산천동,1,대지,193,0,리버힐삼성,20251223,180000,84.98,0,17,,,2001,아파트,중개거래,서울 용산구
2025,11710,송파구,10100,잠실동,1,대지,22,0,리센츠,20251223,359500,84.99,0,26,,,2008,아파트,중개거래,서울 송파구
2025,11500,강서구,10100,염창동,1,대지,266,1,리치웰강서101동,20251223,32000,43.03,20,5,,,2018,연립다세대,중개거래,서울 강서구
2025,11500,강서구,10500,마곡동,1,대지,748,0,마곡13단지힐스테이트마스터,20251223,138800,59.982,0,12,,,2017,아파트,중개거래,서울 강서구
2025,11500,강서구,10600,내발산동,1,대지,753,0,마곡수명산파크4단지,20251223,114500,84.96,0,7,,,2008,아파트,중개거래,서울 강서구
2025,11230,동대문구,11000,이문동,1,대지,255,182,이문동오피스텔,20251223,10500,23.52,29.71,10,,20251230,2006,오피스텔,직거래,
2025,11560,영등포구,10400,영등포동3가,1,대지,1,1,여의도 하이엔드 퍼스트,20251223,36258,29.86,41.66,17,,,2025,오피스텔,중개거래,인천 연수구
2025,11560,영등포구,10400,영등포동3가,1,대지,1,1,여의도 하이엔드 퍼스트,20251223,36258,29.86,41.66,18,,,2025,오피스텔,중개거래,인천 연수구
2025,11500,강서구,10200,등촌동,1,대지,630,3,우성,20251223,59900,47.38,0,14,,,1992,아파트,중개거래,서울 강서구
2025,11305,강북구,10100,미아동,1,대지,1357,0,삼각산아이원,20251223,66000,59.758,0,18,,,2003,아파트,중개거래,서울 강북구
2025,11710,송파구,10700,가락동,1,대지,96,1,우성,20251223,146000,43.79,0,11,,,1986,아파트,중개거래,서울 송파구
2025,11440,마포구,12200,합정동,1,대지,473,0,마포한강2차푸르지오,20251223,250000,110.88,0,8,,,2016,아파트,중개거래,서울 마포구
2025,11680,강남구,10500,삼성동,1,대지,4,6,삼성동한솔아파트,20251223,195000,58.57,0,16,,,1998,아파트,중개거래,서울 강남구
2025,11560,영등포구,10400,영등포동3가,1,대지,1,1,여의도 하이엔드 퍼스트,20251223,35999,29.86,41.66,18,,,2025,오피스텔,중개거래,인천 연수구
2025,11680,강남구,10500,삼성동,1,대지,16,2,삼성동힐스테이트 1단지,20251223,148500,31.402,0,9,,,2008,아파트,중개거래,"경기 고양시 일산동구, 서울 강남구"
2025,11560,영등포구,10400,영등포동3가,1,대지,1,1,여의도 하이엔드 퍼스트,20251223,36518,29.86,41.66,19,,,2025,오피스텔,중개거래,인천 연수구
2025,11470,양천구,10200,목동,1,대지,961,0,목동 현대 하이페리온2,20251223,207000,94.572,122.943,28,,,2006,오피스텔,중개거래,서울 양천구
2025,11470,양천구,10200,목동,1,대지,318,28,목동멤버스빌2차,20251223,24000,52.46,26,3,,,2003,연립다세대,중개거래,서울 양천구
2025,11560,영등포구,10400,영등포동3가,1,대지,1,1,여의도 하이엔드 퍼스트,20251223,36765,29.86,41.66,12,,,2025,오피스텔,중개거래,인천 연수구
2025,11305,강북구,10100,미아동,1,대지,812,0,삼성래미안트리베라2단지,20251223,110000,113.89,0,13,,,2010,아파트,중개거래,서울 강북구
2025,11470,양천구,10100,신정동,1,대지,1278,0,목동삼성,20251223,150000,84.77,0,19,,,1996,아파트,중개거래,서울 양천구
2025,11560,영등포구,10400,영등포동3가,1,대지,1,1,여의도 하이엔드 퍼스트,20251223,35089,29.86,41.66,10,,,2025,오피스텔,중개거래,인천 연수구
2025,11215,광진구,10300,구의동,1,대지,199,18,삼성쉐르빌,20251223,164000,144.51,0,11,,,2001,아파트,중개거래,서울 광진구
2025,11500,강서구,10600,내발산동,1,대지,657,0,우장산힐스테이트,20251223,160000,84.98,0,9,,,2005,아파트,중개거래,서울 강서구
2025,11560,영등포구,10400,영등포동3가,1,대지,1,1,여의도 하이엔드 퍼스트,20251223,36518,29.86,41.66,20,,,2025,오피스텔,중개거래,인천 연수구
2025,11560,영등포구,10400,영등포동3가,1,대지,1,1,여의도 하이엔드 퍼스트,20251223,35984,29.86,41.66,9,,,2025,오피스텔,중개거래,인천 연수구
2025,11650,서초구,10800,서초동,1,대지,1316,5,부띠크 모나코,20251223,275000,149.69,202.68,16,,,2008,오피스텔,중개거래,"서울 강남구, 서울 서초구"
2025,11710,송파구,10600,삼전동,1,대지,45,4,삼원빌아트,20251223,64500,58.62,28,2,,,2001,연립다세대,중개거래,서울 송파구
2025,11560,영등포구,10400,영등포동3가,1,대지,1,1,여의도 하이엔드 퍼스트,20251223,36243,29.86,41.66,9,,,2025,오피스텔,중개거래,인천 연수구
2025,11470,양천구,10200,목동,1,대지,324,166,보타닉목동,20251223,37000,23.88,18,6,,,2022,연립다세대,직거래,
2025,11380,은평구,10500,구산동,1,대지,9,20,"보성리엔빌(A,B동)",20251223,28900,29.97,21,5,,,2019,연립다세대,중개거래,서울 은평구
2025,11230,동대문구,11000,이문동,1,대지,73,0,삼익,20251223,72500,84.95,0,2,,,1997,아파트,중개거래,서울 동대문구
2025,11560,영등포구,10400,영등포동3가,1,대지,1,1,여의도 하이엔드 퍼스트,20251223,36765,29.86,41.66,13,,,2025,오피스텔,중개거래,인천 연수구
2025,11290,성북구,12800,보문동6가,1,대지,458,0,보문파크뷰자이,20251223,128000,84.99,0,2,,,2017,아파트,중개거래,서울 성북구
2025,11320,도봉구,10500,쌍문동,1,대지,56,0,삼익세라믹,20251223,31000,42.93,0,14,,,1988,아파트,중개거래,서울 도봉구
2025,11560,영등포구,10400,영등포동3가,1,대지,1,1,여의도 하이엔드 퍼스트,20251223,35855,29.86,41.66,8,,,2025,오피스텔,중개거래,인천 연수구
2025,11560,영등포구,10400,영등포동3가,1,대지,1,1,여의도 하이엔드 퍼스트,20251223,36114,29.86,41.66,8,,,2025,오피스텔,중개거래,인천 연수구
2025,11560,영등포구,10400,영등포동3가,1,대지,1,1,여의도 하이엔드 퍼스트,20251223,35478,29.86,41.66,11,,,2025,오피스텔,중개거래,인천 연수구
2025,11560,영등포구,10400,영등포동3가,1,대지,1,1,여의도 하이엔드 퍼스트,20251223,33267,29.86,41.66,7,,,2025,오피스텔,중개거래,인천 연수구
2025,11560,영등포구,10400,영등포동3가,1,대지,1,1,여의도 하이엔드 퍼스트,20251223,33530,29.86,41.66,7,,,2025,오피스텔,중개거래,인천 연수구
2025,11560,영등포구,10400,영등포동3가,1,대지,1,1,여의도 하이엔드 퍼스트,20251223,32749,29.86,41.66,4,,,2025,오피스텔,중개거래,인천 연수구
2025,11380,은평구,10800,역촌동,1,대지,17,17,위산엘리시움,20251223,48500,54.71,0,5,,,2018,아파트,중개거래,서울 은평구
2025,11560,영등포구,10400,영등포동3가,1,대지,1,1,여의도 하이엔드 퍼스트,20251223,35478,29.86,41.66,13,,,2025,오피스텔,중개거래,인천 연수구
2025,11560,영등포구,10400,영등포동3가,1,대지,1,1,여의도 하이엔드 퍼스트,20251223,36765,29.86,41.66,14,,,2025,오피스텔,중개거래,인천 연수구
2025,11230,동대문구,11000,이문동,1,대지,255,182,이문동오피스텔,20251223,10500,23.52,29.71,10,,,2006,오피스텔,직거래,
2025,11710,송파구,10300,풍납동,1,대지,281,4,이트리움송파(281-4),20251223,74195,73.45,0,2,,,2024,아파트,직거래,
2025,11560,영등포구,10400,영등포동3가,1,대지,1,1,여의도 하이엔드 퍼스트,20251223,36503,29.86,41.66,14,,,2025,오피스텔,중개거래,인천 연수구
2025,11530,구로구,11000,온수동,1,대지,155,0,온수힐스테이트,20251223,79000,84.97,0,10,,,2010,아파트,중개거래,서울 구로구
2025,11500,강서구,10100,염창동,1,대지,298,0,일신건영휴먼빌,20251223,89000,84.93,0,2,,,2004,아파트,중개거래,서울 강서구
2025,11440,마포구,10900,염리동,1,대지,520,0,염리삼성래미안,20251223,184000,84.96,0,6,,,2001,아파트,중개거래,서울 마포구
2025,11260,중랑구,10200,상봉동,1,대지,315,68,임창빌라라동,20251223,30000,59.87,29,1,,,1995,연립다세대,중개거래,서울 중랑구
2025,11560,영등포구,10100,영등포동,1,대지,647,0,영등포푸르지오,20251223,142000,73.133,0,7,,,2002,아파트,중개거래,서울 영등포구
2025,11560,영등포구,10400,영등포동3가,1,대지,1,1,여의도 하이엔드 퍼스트,20251223,33513,29.86,41.66,4,,,2025,오피스텔,중개거래,인천 연수구
2025,11560,영등포구,10400,영등포동3가,1,대지,1,1,여의도 하이엔드 퍼스트,20251223,37024,29.86,41.66,15,,,2025,오피스텔,중개거래,인천 연수구
2025,11560,영등포구,12600,양평동2가,1,대지,37,3,오목교투웨니퍼스트,20251223,27600,28.63,37.02,6,,,2017,오피스텔,중개거래,서울 영등포구
2025,11530,구로구,10800,오류동,1,대지,33,33,예성 라온팰리스,20251223,53000,102.24,135.53,20,,,2007,오피스텔,중개거래,"서울 강서구, 서울 구로구"
2025,11560,영등포구,10400,영등포동3가,1,대지,1,1,여의도 하이엔드 퍼스트,20251223,36895,29.86,41.66,16,,,2025,오피스텔,중개거래,인천 연수구
2025,11560,영등포구,10400,영등포동3가,1,대지,1,1,여의도 하이엔드 퍼스트,20251223,36765,29.86,41.66,11,,,2025,오피스텔,중개거래,인천 연수구
2025,11560,영등포구,10400,영등포동3가,1,대지,1,1,여의도 하이엔드 퍼스트,20251223,33138,29.86,41.66,6,,,2025,오피스텔,중개거래,인천 연수구
2025,11470,양천구,10100,신정동,1,대지,873,17,영진빌라(873-17),20251223,17000,37.96,16,1,,,1991,연립다세대,직거래,
2025,11560,영등포구,10400,영등포동3가,1,대지,1,1,여의도 하이엔드 퍼스트,20251223,33398,29.86,41.66,6,,,2025,오피스텔,중개거래,인천 연수구
2025,11500,강서구,10300,화곡동,1,대지,475,9,광명그린맨션13차,20251223,20200,62.33,28,2,,20260113,1996,연립다세대,중개거래,서울 강서구
2025,11560,영등포구,13200,신길동,1,대지,4497,0,보라매두산위브,20251223,116000,136.74,0,2,,,2005,아파트,중개거래,서울 영등포구
2025,11560,영등포구,10400,영등포동3가,1,대지,1,1,여의도 하이엔드 퍼스트,20251223,36765,29.86,41.66,15,,,2025,오피스텔,중개거래,인천 연수구
2025,11470,양천구,10300,신월동,1,대지,68,4,미래팰리스,20251223,23350,38.19,24,5,,,2016,연립다세대,중개거래,서울 강서구
2025,11560,영등포구,10400,영등포동3가,1,대지,1,1,여의도 하이엔드 퍼스트,20251223,33138,29.86,41.66,5,,,2025,오피스텔,중개거래,인천 연수구
2025,11560,영등포구,10400,영등포동3가,1,대지,1,1,여의도 하이엔드 퍼스트,20251223,37154,29.86,41.66,16,,,2025,오피스텔,중개거래,인천 연수구
2025,11230,동대문구,10500,답십리동,1,대지,530,4,보광타워,20251223,13800,14.69,0,11,,,2019,아파트,중개거래,서울 동대문구
2025,11500,강서구,10900,방화동,1,대지,849,0,벽산에어트리움,20251223,10300,26.53,35.34,8,,,2003,오피스텔,직거래,
2025,11470,양천구,10100,신정동,1,대지,325,0,목동신시가지11,20251223,168300,51.48,0,13,,,1988,아파트,중개거래,서울 양천구
2025,11350,노원구,10500,상계동,1,대지,173,1,벽산,20251223,37500,46.8,0,15,,,1989,아파트,중개거래,서울 노원구
2025,11560,영등포구,10400,영등포동3가,1,대지,1,1,여의도 하이엔드 퍼스트,20251223,36261,29.86,41.66,20,,,2025,오피스텔,중개거래,인천 연수구
2025,11290,성북구,13300,정릉동,1,대지,226,2,정릉쉐르빌,20251223,22000,64.54,30,2,,,2002,연립다세대,중개거래,경기 수원시 권선구
2025,11290,성북구,13300,정릉동,1,대지,1020,0,정릉우성아파트 101~105동,20251223,60000,59.97,0,14,,,2000,아파트,중개거래,서울 성북구
2025,11560,영등포구,10400,영등포동3가,1,대지,1,1,여의도 하이엔드 퍼스트,20251223,37292,29.66,41.7,19,,,2025,오피스텔,중개거래,인천 연수구
2025,11290,성북구,13300,정릉동,1,대지,239,0,정릉풍림아이원,20251223,53900,59.88,0,5,,,2005,아파트,중개거래,서울 성북구
2025,11290,성북구,13300,정릉동,1,대지,239,0,정릉풍림아이원,20251223,49000,59.88,0,2,,,2005,아파트,중개거래,서울 성북구
2025,11620,관악구,10200,신림동,1,대지,652,93,정승빌라(652-93),20251223,16000,50.79,23,-1,,,1991,연립다세대,중개거래,서울 관악구
2025,11470,양천구,10300,신월동,1,대지,231,29,정인빌라A,20251223,9500,36.91,30,-1,,,1991,연립다세대,직거래,
2025,11620,관악구,10100,봉천동,1,대지,924,7,백촌빌라,20251223,10500,29.02,12,1,,,2002,연립다세대,직거래,
2025,11260,중랑구,10500,망우동,1,대지,474,25,조은빌리지,20251223,47000,48.67,26,5,,,2024,연립다세대,중개거래,서울 중랑구
2025,11350,노원구,10600,중계동,1,대지,369,0,주공2,20251223,37500,44.52,0,4,,,1992,아파트,중개거래,서울 노원구
2025,11560,영등포구,10400,영등포동3가,1,대지,1,1,여의도 하이엔드 퍼스트,20251223,33546,29.66,41.7,4,,,2025,오피스텔,중개거래,인천 연수구
2025,11350,노원구,10200,월계동,1,대지,556,0,주공2,20251223,51500,58.65,0,15,,,1992,아파트,중개거래,서울 노원구
2025,11560,영등포구,10400,영등포동3가,1,대지,1,1,여의도 하이엔드 퍼스트,20251223,36274,29.66,41.7,20,,,2025,오피스텔,중개거래,인천 연수구
2025,11560,영등포구,10400,영등포동3가,1,대지,1,1,여의도 하이엔드 퍼스트,20251223,33305,29.66,41.7,7,,,2025,오피스텔,중개거래,인천 연수구
2025,11560,영등포구,10400,영등포동3가,1,대지,1,1,여의도 하이엔드 퍼스트,20251223,35872,29.66,41.7,8,,,2025,오피스텔,중개거래,인천 연수구
2025,11440,마포구,12300,망원동,1,대지,412,9,중앙빌라,20251223,26000,41.08,29,-1,,,1986,연립다세대,직거래,
2025,11380,은평구,10700,응암동,1,대지,759,0,백련산힐스테이트1차,20251223,84500,84.59,0,9,,,2011,아파트,중개거래,서울 은평구
2025,11560,영등포구,10400,영등포동3가,1,대지,1,1,여의도 하이엔드 퍼스트,20251223,34983,29.66,41.7,9,,,2025,오피스텔,중개거래,인천 연수구
2025,11470,양천구,10200,목동,1,대지,904,0,목동신시가지4,20251223,190000,48.69,0,14,,,1986,아파트,중개거래,서울 양천구
2025,11470,양천구,10200,목동,1,대지,925,0,목동신시가지7,20251223,251000,64.4,0,1,,,1986,아파트,중개거래,서울 양천구
2025,11560,영등포구,10400,영등포동3가,1,대지,1,1,여의도 하이엔드 퍼스트,20251223,36518,29.66,41.7,11,,,2025,오피스텔,중개거래,인천 연수구
2025,11470,양천구,10200,목동,1,대지,905,22,목동트윈빌,20251223,170000,112.73,0,15,,,2000,아파트,중개거래,"서울 서대문구, 서울 양천구"
2025,11470,양천구,10200,목동,1,대지,932,0,목동현대1,20251223,170000,59.9,0,9,,,1997,아파트,중개거래,서울 양천구
2025,11560,영등포구,10400,영등포동3가,1,대지,1,1,여의도 하이엔드 퍼스트,20251223,36518,29.66,41.7,12,,,2025,오피스텔,중개거래,인천 연수구
2025,11560,영등포구,10400,영등포동3가,1,대지,1,1,여의도 하이엔드 퍼스트,20251223,33933,29.66,41.7,5,,,2025,오피스텔,중개거래,인천 연수구
2025,11650,서초구,10100,방배동,1,대지,1031,2,방배홈스텔,20251223,35000,44.12,56.621,5,,,2002,오피스텔,중개거래,서울 서초구
2025,11650,서초구,10100,방배동,1,대지,1021,22,방배아트빌,20251223,36500,29.88,21,2,,,2016,연립다세대,중개거래,서울 서초구
2025,11110,종로구,14900,원서동,1,대지,86,16,진주빌라,20251223,49500,70.32,29,1,,,2003,연립다세대,중개거래,서울 종로구
2025,11680,강남구,11400,일원동,1,대지,716,0,목련타운,20251223,167000,99.79,0,3,,,1993,아파트,직거래,
2025,11560,영등포구,10400,영등포동3가,1,대지,1,1,여의도 하이엔드 퍼스트,20251223,35499,29.66,41.7,13,,,2025,오피스텔,중개거래,인천 연수구
2025,11560,영등포구,10400,영등포동3가,1,대지,1,1,여의도 하이엔드 퍼스트,20251223,35499,29.66,41.7,14,,,2025,오피스텔,중개거래,인천 연수구
2025,11560,영등포구,11000,여의도동,1,대지,17,0,여의도 the？ 아일랜드 파크,20251223,94000,88.7,113.64,3,,,2006,오피스텔,직거래,
2025,11410,서대문구,10600,천연동,1,대지,145,0,천연뜨란채,20251223,96500,55.82,0,5,,,2006,아파트,중개거래,"경기 김포시, 서울 서대문구, 울산 중구"
2025,11740,강동구,10900,천호동,1,대지,425,3,천호역 한강 푸르지오시티,20251223,19300,27.44,39.04,35,,,2015,오피스텔,중개거래,서울 강동구
2025,11560,영등포구,12700,양평동3가,1,대지,24,0,삼천리,20251223,107000,84.94,0,17,,,2000,아파트,중개거래,서울 영등포구
2025,11500,강서구,10500,마곡동,1,대지,776,4,엠코지니어스타,20251223,14100,22.95,32.14,7,,,2015,오피스텔,중개거래,서울 강서구
2025,11500,강서구,10300,화곡동,1,대지,102,309,청송평화하이맨션(102-309),20251223,21500,38.86,24,3,,,2014,연립다세대,중개거래,서울 강서구
2025,11230,동대문구,10500,답십리동,1,대지,497,23,청계 푸르지오시티,20251223,12500,20.62,27.28,4,,,2015,오피스텔,중개거래,서울 동대문구
2025,11350,노원구,10200,월계동,1,대지,13,0,미성,20251223,63000,33.28,0,3,,,1986,아파트,중개거래,서울 노원구
2025,11560,영등포구,12700,양평동3가,1,대지,24,0,삼천리,20251223,126000,123.58,0,12,,,2000,아파트,중개거래,서울 영등포구
2025,11500,강서구,10200,등촌동,1,대지,530,24,SK파크리움(530-24),20251223,24900,21.82,13,3,,,2020,연립다세대,직거래,
2025,11560,영등포구,13200,신길동,1,대지,1274,0,더엘퍼스트,20251223,32543,23.48,18,3,,,2025,연립다세대,직거래,
2025,11560,영등포구,13200,신길동,1,대지,1274,0,더엘퍼스트,20251223,32698,23.48,18,5,,,2025,연립다세대,직거래,
2025,11545,금천구,10200,독산동,1,대지,1155,0,금천롯데캐슬골드파크3차,20251223,95000,59.968,0,41,,,2018,아파트,중개거래,서울 금천구
2025,11560,영등포구,13200,신길동,1,대지,1274,0,더엘퍼스트,20251223,32218,23.48,18,2,,,2025,연립다세대,직거래,
2025,11740,강동구,10900,천호동,1,대지,326,7,신안아트빌(B동),20251223,27000,29.32,17,3,,,2011,연립다세대,중개거래,서울 강동구
2025,11320,도봉구,10500,쌍문동,1,대지,726,0,신일라이프,20251223,50700,81.68,0,12,,,2002,아파트,중개거래,서울 도봉구
2025,11560,영등포구,13200,신길동,1,대지,1274,0,더엘퍼스트,20251223,32218,23.48,18,2,,,2025,연립다세대,직거래,
2025,11140,중구,16500,황학동,1,대지,836,0,아미인,20251223,14800,16.88,4,10,,,2014,연립다세대,중개거래,서울 중구
2025,11380,은평구,11400,진관동,1,대지,100,3,아이파크 포레스트 게이트,20251223,13100,24.91,35.78,23,,,2013,오피스텔,중개거래,서울 은평구
2025,11560,영등포구,13200,신길동,1,대지,1274,0,더엘퍼스트,20251223,34175,23.14,17,4,,,2025,연립다세대,직거래,
2025,11470,양천구,10300,신월동,1,대지,1027,0,양천벽산블루밍2단지,20251223,68700,84.63,0,2,,,2006,아파트,중개거래,서울 양천구
2025,11530,구로구,10200,구로동,1,대지,650,4,SK 허브수 ,20251223,38300,59.12,73.08,13,,,2005,오피스텔,중개거래,서울 구로구
2025,11320,도봉구,10700,창동,1,대지,823,0,금호어울림,20251223,79700,84.99,0,10,,,2004,아파트,중개거래,서울 도봉구
2025,11680,강남구,11800,도곡동,1,대지,168,0,에스케이리더스뷰,20251223,334000,163.05,209.07,14,,,2005,오피스텔,중개거래,서울 강남구
2025,11560,영등포구,13200,신길동,1,대지,1274,0,더엘퍼스트,20251223,33534,23.14,17,5,,,2025,연립다세대,직거래,
2025,11290,성북구,13300,정릉동,1,대지,1015,0,길음뉴타운경남아너스빌,20251223,68500,59.59,0,13,,,1999,아파트,중개거래,서울 성북구
2025,11545,금천구,10200,독산동,1,대지,335,4,"공단연립(A,B,C)",20251223,33000,54.05,56,1,,,1979,연립다세대,직거래,
2025,11560,영등포구,13200,신길동,1,대지,1274,0,더엘퍼스트,20251223,33869,23.14,17,4,,,2025,연립다세대,직거래,
2025,11290,성북구,13400,길음동,1,대지,1281,0,길음뉴타운4단지(e편한세상),20251223,120000,84.64,0,14,,,2005,아파트,중개거래,서울 성북구
2025,11170,용산구,10200,용산동2가,1,대지,36,1,(36-1),20251223,57000,38.48,18,-1,,,1986,연립다세대,중개거래,서울 용산구
2025,11200,성동구,10700,행당동,1,대지,347,0,대림e-편한세상,20251223,198000,114.94,0,8,,,2000,아파트,중개거래,서울 성동구
2025,11560,영등포구,13200,신길동,1,대지,1274,0,더엘퍼스트,20251223,33200,23.14,17,5,,,2025,연립다세대,직거래,
2025,11560,영등포구,13200,신길동,1,대지,1274,0,더엘퍼스트,20251223,29773,21.16,16,2,,,2025,연립다세대,직거래,
2025,11500,강서구,10800,공항동,1,대지,1398,0,더트루엘마곡HQ,20251223,64600,48.329,0,9,,,2024,아파트,직거래,
2025,11740,강동구,10300,상일동,1,대지,515,0,고덕숲아이파크,20251223,153000,84.85,0,8,,,2018,아파트,중개거래,경기 화성병점구
2025,11440,마포구,12600,중동,1,대지,393,0,건영월드컵,20251223,84000,78.39,0,12,,,2002,아파트,중개거래,서울 마포구
2025,11380,은평구,10300,불광동,1,대지,445,125,(445-125),20251223,17000,39.36,16,3,,,1993,연립다세대,직거래,
2025,11320,도봉구,10700,창동,1,대지,804,0,대우,20251223,56500,59.71,0,7,,,1995,아파트,중개거래,서울 도봉구
2025,11215,광진구,10300,구의동,1,대지,209,64,(209-64),20251223,48200,53.33,27,2,,,2002,연립다세대,중개거래,서울 광진구
2025,11290,성북구,11200,삼선동2가,1,대지,425,0,삼선푸르지오,20251223,82500,59.95,0,4,,20260212,2008,아파트,중개거래,"서울 성북구, 서울 종로구"
2025,11560,영등포구,13200,신길동,1,대지,1274,0,더엘퍼스트,20251223,30079,21.16,16,3,,,2025,연립다세대,직거래,
2025,11560,영등포구,13200,신길동,1,대지,1274,0,더엘퍼스트,20251223,30079,21.16,16,3,,,2025,연립다세대,직거래,
2025,11380,은평구,10700,응암동,1,대지,769,0,녹번역e편한세상캐슬,20251223,139000,84.92,0,5,,,2021,아파트,중개거래,서울 은평구
2025,11680,강남구,10800,논현동,1,대지,205,2,논현동한화꿈에그린,20251223,127500,67.671,0,10,,,2005,아파트,중개거래,서울 강남구
2025,11740,강동구,10600,둔촌동,1,대지,545,0,둔촌하이츠,20251223,107000,59.79,0,11,,,1998,아파트,중개거래,서울 강동구
2025,11530,구로구,10700,개봉동,1,대지,472,0,두산,20251223,61700,84.96,0,17,,,1997,아파트,중개거래,"서울 강남구, 서울 구로구"
2025,11290,성북구,13500,종암동,1,대지,134,0,래미안라센트,20251223,124000,84.99,0,11,,,2011,아파트,중개거래,서울 성북구
2025,11350,노원구,10500,상계동,1,대지,1355,0,노원센트럴푸르지오,20251223,85000,59.996,0,10,,,2021,아파트,중개거래,서울 노원구
2025,11200,성동구,10700,행당동,1,대지,345,0,두산,20251223,110000,59.94,0,24,,,1997,아파트,중개거래,서울 성동구
2025,11290,성북구,13900,석관동,1,대지,10,0,두산,20251223,76000,59.97,0,15,,,1998,아파트,중개거래,서울 성북구
2025,11620,관악구,10100,봉천동,1,대지,635,142,(635-142),20251223,13000,33.57,24,2,,,1988,연립다세대,중개거래,서울 관악구
2025,11380,은평구,10900,신사동,1,대지,184,65,동익그린빌라(184-65),20251223,26000,55.32,33,3,,,1995,연립다세대,직거래,
2025,11230,동대문구,10500,답십리동,1,대지,10,0,동아,20251223,83800,59.88,0,6,,,2001,아파트,중개거래,서울 동대문구
2025,11290,성북구,13500,종암동,1,대지,133,0,래미안세레니티,20251223,113000,84.99,0,20,,,2009,아파트,중개거래,"서울 동대문구, 서울 성북구"
2025,11230,동대문구,10600,장안동,1,대지,318,9,동성네스트(318-9),20251223,37200,56.105,33,2,,,2015,연립다세대,중개거래,서울 동대문구
2025,11290,성북구,13800,장위동,1,대지,322,0,래미안포레카운티,20251223,104000,59.92,0,4,,,2021,아파트,중개거래,서울 성북구
2025,11290,성북구,13300,정릉동,1,대지,1018,0,길음뉴타운데시앙,20251223,57000,59.42,0,4,,,1999,아파트,중개거래,서울 성북구
2025,11350,노원구,10500,상계동,1,대지,740,0,상계주공2(고층),20251223,33700,32.39,0,9,,,1987,아파트,중개거래,서울 노원구
2025,11350,노원구,10500,상계동,1,대지,720,0,상계주공6(고층),20251223,50500,41.3,0,8,,,1988,아파트,중개거래,서울 노원구
2025,11560,영등포구,12900,양평동5가,1,대지,9,1,동보,20251223,85000,59.4,0,1,,,1998,아파트,중개거래,서울 영등포구
2025,11350,노원구,10500,상계동,1,대지,691,0,상계주공7(고층),20251223,56000,41.3,0,12,,,1988,아파트,중개거래,서울 노원구
2025,11410,서대문구,11800,홍은동,1,대지,186,22,서강1차(1동),20251223,44800,71.53,0,6,,,1988,아파트,중개거래,"서울 서대문구, 서울 은평구"
2025,11710,송파구,11200,오금동,1,대지,130,0,다빈치힐,20251223,26000,29.7,15,3,,20251223,2019,연립다세대,직거래,
2025,11230,동대문구,10200,용두동,1,대지,104,3,동대문 푸르지오시티,20251223,18340,23.47,31.87,22,,,null,오피스텔,중개거래,서울 동대문구
2025,11230,동대문구,10200,용두동,1,대지,100,5,동대문 베네스트,20251223,43000,44.59,60.988,13,,,2020,오피스텔,중개거래,서울 동대문구
2025,11440,마포구,11500,상수동,1,대지,353,25,그레이25,20251223,20000,12.01,9,3,,,2014,연립다세대,중개거래,서울 용산구
2025,11500,강서구,10100,염창동,1,대지,246,23,극동,20251223,78500,59.9,0,10,,,2000,아파트,중개거래,서울 강서구
2025,11215,광진구,10300,구의동,1,대지,205,13,구의빌라(205-13),20251223,59500,90.64,68,3,,,1985,연립다세대,중개거래,서울 광진구
2025,11320,도봉구,10800,도봉동,1,대지,555,0,서울가든,20251223,44000,75.33,0,12,,,1987,아파트,중개거래,서울 도봉구
2025,11500,강서구,10400,가양동,1,대지,1485,0,가양6단지,20251223,92500,49.5,0,6,,,1992,아파트,중개거래,서울 강서구
2025,11590,동작구,10700,사당동,1,대지,105,0,극동(105),20251223,154500,119.5,0,6,,,1993,아파트,중개거래,서울 동작구
2025,11200,성동구,11800,송정동,1,대지,104,0,서울숲아이파크,20251223,124000,84.88,0,4,,,2009,아파트,중개거래,"서울 강동구, 서울 성동구"
2025,11650,서초구,10900,내곡동,1,대지,411,0,서초더샵포레,20251223,184000,101.34,0,1,,,2014,아파트,중개거래,서울 서초구
2025,11320,도봉구,10500,쌍문동,1,대지,53,0,성원,20251223,44700,71.78,0,12,,,1989,아파트,중개거래,서울 도봉구
2025,11560,영등포구,11200,당산동2가,1,대지,164,0,당산2가현대홈타운,20251223,154000,82.77,0,20,,,1994,아파트,중개거래,서울 영등포구
2025,11500,강서구,10500,마곡동,1,대지,12,2,세종보타닉1차,20251223,19000,23.69,9,13,,,2020,연립다세대,중개거래,서울 강서구
2025,11500,강서구,10400,가양동,1,대지,1474,0,대림경동아파트,20251223,145000,131.4,0,10,,,1993,아파트,중개거래,서울 강서구
2025,11500,강서구,10500,마곡동,1,대지,12,2,세종보타닉1차,20251223,19000,23.69,9,13,,,2020,연립다세대,중개거래,서울 강서구
2025,11305,강북구,10300,수유동,1,대지,560,47,세현웰빙빌,20251223,28200,63.63,36,2,,,2005,연립다세대,중개거래,서울 강북구
2025,11710,송파구,11300,거여동,1,대지,654,0,송파위례리슈빌,20251223,215000,111.535,0,13,,,2021,아파트,중개거래,서울 송파구
2025,11560,영등포구,13200,신길동,1,대지,1274,0,더엘퍼스트,20251223,29773,21.16,16,2,,,2025,연립다세대,직거래,
2025,11710,송파구,10900,장지동,1,대지,833,0,송파파인타운1단지,20251223,155000,84.95,0,2,,,2010,아파트,중개거래,서울 송파구
2025,11500,강서구,10800,공항동,1,대지,1398,0,더트루엘마곡HQ,20251223,49200,36.675,0,5,,,2024,아파트,직거래,
2025,11500,강서구,10300,화곡동,1,대지,857,19,더클래식(857-19),20251223,29000,32.89,20,5,,,2018,연립다세대,중개거래,"서울 강서구, 서울 양천구"
2025,11530,구로구,10200,구로동,1,대지,1265,0,구로두산,20251223,59000,51.84,0,12,,,1998,아파트,중개거래,서울 구로구
2025,11380,은평구,10700,응암동,1,대지,578,60,더스타일,20251223,41000,48.31,34,5,,,2016,연립다세대,중개거래,서울 서대문구
2025,11470,양천구,10300,신월동,1,대지,12,4,수명,20251223,34000,67.52,0,4,,,1998,아파트,중개거래,서울 양천구
2025,11500,강서구,10400,가양동,1,대지,1485,0,가양6단지,20251223,92000,49.5,0,13,,,1992,아파트,중개거래,서울 강서구
2025,11710,송파구,10700,가락동,1,대지,120,4,가락우성2,20251223,114000,59.99,0,5,,,2000,아파트,중개거래,서울 송파구
2025,11560,영등포구,13200,신길동,1,대지,1274,0,더엘퍼스트,20251223,34849,23.81,18,3,,,2025,연립다세대,직거래,
2025,11560,영등포구,13200,신길동,1,대지,1274,0,더엘퍼스트,20251223,34849,23.81,18,2,,,2025,연립다세대,직거래,
2025,11590,동작구,10600,동작동,1,대지,331,0,금강KCC,20251223,120000,59.72,0,9,,,2003,아파트,중개거래,서울 동작구
2025,11200,성동구,10900,금호동1가,1,대지,1823,0,e편한세상신금호파크힐스,20251223,243000,84.932,0,10,,,2019,아파트,중개거래,서울 성동구
2025,11440,마포구,12600,중동,1,대지,393,0,건영월드컵,20251223,83000,79.58,0,6,,,2002,아파트,중개거래,서울 마포구
2025,11290,성북구,13800,장위동,1,대지,230,150,신궁전맨션5차,20251223,34000,57.77,30,1,,,1997,연립다세대,중개거래,서울 성북구
2025,11560,영등포구,13200,신길동,1,대지,261,22,신길레전드힐스,20251223,9800,13.74,0,7,,,2013,아파트,중개거래,서울 영등포구
2025,11560,영등포구,13200,신길동,1,대지,1274,0,더엘퍼스트,20251223,34333,23.81,18,2,,,2025,연립다세대,직거래,
2025,11680,강남구,10300,개포동,1,대지,1265,3,꿈꾸지오,20251223,47500,29.66,24,5,,,2015,연립다세대,중개거래,서울 강남구
2025,11290,성북구,13600,하월곡동,1,대지,229,0,길음서희스타힐스,20251223,85000,84.96,0,10,,,2011,아파트,중개거래,"서울 강북구, 서울 성북구"
2025,11620,관악구,10200,신림동,1,대지,1735,0,관악산휴먼시아2단지,20251223,63000,59.99,0,17,,,2008,아파트,중개거래,서울 관악구
2025,11680,강남구,11200,자곡동,1,대지,618,0,강남브리즈힐,20251223,105000,74.44,0,1,,,2014,아파트,중개거래,서울 강남구
2025,11560,영등포구,13200,신길동,1,대지,261,22,신길레전드힐스,20251223,9800,13.74,0,6,,,2013,아파트,중개거래,서울 영등포구
2025,11560,영등포구,13200,신길동,1,대지,261,22,신길레전드힐스,20251223,9400,13.74,0,5,,,2013,아파트,중개거래,서울 영등포구
2025,11560,영등포구,13200,신길동,1,대지,261,22,신길레전드힐스,20251223,9900,13.74,0,6,,,2013,아파트,중개거래,서울 영등포구
2025,11740,강동구,11000,강일동,1,대지,699,0,강일리버파크9단지,20251223,116000,84.74,0,2,,,2009,아파트,중개거래,서울 강동구
2025,11620,관악구,10100,봉천동,1,대지,1730,1,e편한세상서울대입구2단지,20251223,133500,84.92,0,12,,,2019,아파트,중개거래,서울 관악구
2025,11560,영등포구,13200,신길동,1,대지,261,22,신길레전드힐스,20251223,9950,13.74,0,14,,,2013,아파트,중개거래,서울 영등포구
2025,11650,서초구,10100,방배동,1,대지,928,22,FoEMHOUSE,20251223,98000,44.64,33,2,,,2014,연립다세대,중개거래,서울 서초구
2025,11560,영등포구,13200,신길동,1,대지,1274,0,더엘퍼스트,20251223,35165,23.81,18,3,,,2025,연립다세대,직거래,
2025,11560,영등포구,13200,신길동,1,대지,1274,0,더엘퍼스트,20251223,32868,23.48,18,5,,,2025,연립다세대,직거래,
2025,11260,중랑구,10400,묵동,1,대지,13,0,신내,20251223,53500,59.76,0,4,,,1996,아파트,중개거래,"서울 도봉구, 서울 중랑구"
2025,11740,강동구,10900,천호동,1,대지,450,0,강동상떼빌,20251223,109900,119.7,0,16,,,2007,아파트,중개거래,서울 강동구
2025,11560,영등포구,13200,신길동,1,대지,1274,0,더엘퍼스트,20251223,32387,23.48,18,3,,,2025,연립다세대,직거래,
2025,11110,종로구,17400,창신동,1,대지,629,36,(629-36),20251223,32900,28.8,14,-1,,,1993,연립다세대,중개거래,"서울 용산구, 서울 종로구"
2025,11590,동작구,10600,동작동,1,대지,108,3,강림파크빌라,20251223,55000,58.5,45,2,,,1991,연립다세대,중개거래,서울 동작구
2025,11560,영등포구,13200,신길동,1,대지,1274,0,더엘퍼스트,20251223,32543,23.48,18,4,,,2025,연립다세대,직거래,
2025,11560,영등포구,13200,신길동,1,대지,1274,0,더엘퍼스트,20251223,32387,23.48,18,4,,,2025,연립다세대,직거래,
2025,11620,관악구,10100,봉천동,1,대지,858,6,WD세븐스,20251223,24400,17.56,24.13,12,,,2020,오피스텔,중개거래,서울 관악구
2025,11500,강서구,10400,가양동,1,대지,1475,0,강변,20251223,60000,34.44,0,1,,,1992,아파트,중개거래,서울 강서구
2025,11140,중구,16200,신당동,1,대지,846,0,신당동파라다이스,20251223,75500,59.9,0,7,,,2000,아파트,중개거래,서울 중구
2025,11560,영등포구,13300,대림동,1,대지,1124,0,신대림신동아파밀리에,20251223,74500,59.975,0,10,,,2013,아파트,중개거래,서울 영등포구
2025,11305,강북구,10100,미아동,1,대지,1356,0,경남아너스빌(1356-0),20251223,80000,84.873,0,6,,,2003,아파트,중개거래,서울 강북구
2025,11260,중랑구,10400,묵동,1,대지,169,10,신도브래뉴,20251223,49600,51.86,0,13,,,2004,아파트,중개거래,서울 중랑구
2025,11710,송파구,11400,마천동,1,대지,20,0,신동아,20251223,63700,59.88,0,5,,,2001,아파트,중개거래,서울 송파구
2025,11440,마포구,10100,아현동,1,대지,701,3,(701-3),20251223,73000,84.96,33,-1,,,1985,연립다세대,중개거래,서울 마포구
2025,11620,관악구,10100,봉천동,1,대지,1712,0,관악드림(동아),20251223,117500,114.75,0,5,,,2003,아파트,중개거래,서울 관악구
2025,11215,광진구,10300,구의동,1,대지,24,12,삼성파크빌라,20251222,34800,57.27,23,3,,,1996,연립다세대,중개거래,"경기 고양시 덕양구, 서울 광진구"
2025,11560,영등포구,11800,도림동,1,대지,205,14,노블레스(205-14),20251222,50000,76.44,37,3,,,2004,연립다세대,중개거래,서울 영등포구
2025,11320,도봉구,10700,창동,1,대지,621,4,노블캐슬오피스텔,20251222,10000,24.68,33.12,8,,,2003,오피스텔,중개거래,서울 강북구
2025,11320,도봉구,10700,창동,1,대지,621,4,노블캐슬오피스텔,20251222,10000,24.68,33.12,8,,,2003,오피스텔,중개거래,서울 강북구
2025,11320,도봉구,10700,창동,1,대지,621,4,노블캐슬오피스텔,20251222,10000,26.46,35.49,7,,,2003,오피스텔,중개거래,서울 강북구
2025,11620,관악구,10100,봉천동,1,대지,179,58,낙성대현대아파트,20251222,66900,61.74,0,1,,,1988,아파트,중개거래,서울 관악구
2025,11710,송파구,10600,삼전동,1,대지,13,1,다명하이츠,20251222,78000,77.03,39,2,,,2001,연립다세대,중개거래,서울 송파구
2025,11650,서초구,10800,서초동,1,대지,1508,11,다올,20251222,76000,29.61,20,4,,,2023,연립다세대,중개거래,서울 서초구
2025,11470,양천구,10200,목동,1,대지,721,12,다원샤인빌,20251222,15000,19.4,14,4,,,2007,연립다세대,중개거래,서울 양천구
2025,11560,영등포구,11200,당산동2가,1,대지,164,0,당산2가현대홈타운,20251222,150000,82.77,0,12,,,1994,아파트,중개거래,서울 영등포구
2025,11560,영등포구,11500,당산동5가,1,대지,11,32,당산역리버뷰한강,20251222,29000,16.78,25.64,11,,,2021,오피스텔,직거래,
2025,11530,구로구,10100,신도림동,1,대지,642,0,대림2,20251222,106800,59.93,0,17,,,2001,아파트,중개거래,서울 구로구
2025,11410,서대문구,11700,연희동,1,대지,739,0,대우푸르지오,20251222,86500,59.584,0,16,,,2002,아파트,중개거래,서울 서대문구
2025,11560,영등포구,12400,문래동6가,1,대지,47,1,대원,20251222,70000,59.99,0,1,,,1998,아파트,중개거래,서울 영등포구
2025,11470,양천구,10200,목동,1,대지,528,25,더엘세컨드,20251222,26916,20.8,14,5,,,2025,연립다세대,직거래,
2025,11470,양천구,10200,목동,1,대지,528,25,더엘세컨드,20251222,26510,20.8,14,3,,,2025,연립다세대,직거래,
2025,11470,양천구,10200,목동,1,대지,528,25,더엘세컨드,20251222,26641,20.8,14,4,,,2025,연립다세대,직거래,
2025,11470,양천구,10200,목동,1,대지,528,25,더엘세컨드,20251222,26378,20.8,14,2,,,2025,연립다세대,직거래,
2025,11470,양천구,10200,목동,1,대지,528,25,더엘세컨드,20251222,27116,21.94,15,4,,,2025,연립다세대,직거래,
2025,11470,양천구,10200,목동,1,대지,528,25,더엘세컨드,20251222,26977,21.94,15,3,,,2025,연립다세대,직거래,
2025,11470,양천구,10200,목동,1,대지,528,25,더엘세컨드,20251222,27394,21.94,15,5,,,2025,연립다세대,직거래,
2025,11470,양천구,10200,목동,1,대지,528,25,더엘세컨드,20251222,26838,21.94,15,2,,,2025,연립다세대,직거래,
2025,11470,양천구,10200,목동,1,대지,528,25,더엘세컨드,20251222,28103,22.16,15,4,,,2025,연립다세대,직거래,
2025,11470,양천구,10200,목동,1,대지,528,25,더엘세컨드,20251222,28383,22.16,15,5,,,2025,연립다세대,직거래,
2025,11470,양천구,10200,목동,1,대지,528,25,더엘세컨드,20251222,27822,22.16,15,2,,,2025,연립다세대,직거래,
2025,11470,양천구,10200,목동,1,대지,528,25,더엘세컨드,20251222,27962,22.16,15,3,,,2025,연립다세대,직거래,
2025,11470,양천구,10200,목동,1,대지,528,25,더엘세컨드,20251222,26905,22.47,16,2,,,2025,연립다세대,직거래,
2025,11470,양천구,10200,목동,1,대지,528,25,더엘세컨드,20251222,26693,22.47,16,3,,,2025,연립다세대,직거래,
2025,11470,양천구,10200,목동,1,대지,528,25,더엘세컨드,20251222,29563,24.69,17,2,,,2025,연립다세대,직거래,
2025,11470,양천구,10200,목동,1,대지,528,25,더엘세컨드,20251222,29720,24.69,17,3,,,2025,연립다세대,직거래,
2025,11560,영등포구,13200,신길동,1,대지,4934,0,삼성래미안,20251222,99000,59.33,0,14,,,2001,아파트,중개거래,서울 영등포구
2025,11680,강남구,10500,삼성동,1,대지,126,0,삼성파크,20251222,220000,107.38,0,1,,,2001,아파트,중개거래,서울 강남구
2025,11215,광진구,10500,자양동,,,,,,20251222,234000,190.67,185,,,,1976,단독다가구,중개거래,서울 광진구
2025,11500,강서구,10100,염창동,1,대지,244,2,삼성한마음,20251222,96000,84.87,0,8,,,1995,아파트,중개거래,서울 강서구
2025,11740,강동구,10500,길동,1,대지,325,15,삼우주택(BC동),20251222,28000,43.44,25,2,,,1991,연립다세대,중개거래,서울 강동구
2025,11290,성북구,13600,하월곡동,1,대지,88,510,삼전솔하임3차,20251222,11300,15.54,0,4,,,2013,아파트,중개거래,서울 성북구
2025,11590,동작구,10200,상도동,,,,,,20251222,120000,159.3,112,,,,1989,단독다가구,중개거래,서울 동작구
2025,11350,노원구,10500,상계동,1,대지,749,5,상계주공4(고층),20251222,59500,59.39,0,3,,,1988,아파트,직거래,
2025,11350,노원구,10500,상계동,1,대지,721,0,상계주공5(저층),20251222,69000,31.98,0,1,,,1987,아파트,중개거래,서울 노원구
2025,11350,노원구,10500,상계동,1,대지,720,0,상계주공6(고층),20251222,53000,41.3,0,8,,,1988,아파트,중개거래,서울 노원구
2025,11530,구로구,10300,가리봉동,,,,,,20251222,76000,143.8,125,,,,1974,단독다가구,중개거래,서울 구로구
2025,11260,중랑구,10200,상봉동,1,대지,50,49,상봉연립,20251222,23100,65.26,70,2,,,1978,연립다세대,직거래,
2025,11590,동작구,10100,노량진동,,,,,,20251222,230000,100.44,83,,,,1992,단독다가구,중개거래,서울 동작구
2025,11440,마포구,12700,상암동,1,대지,1748,0,상암 오벨리스크 2차,20251222,16500,24.2,31.49,6,,,2014,오피스텔,중개거래,서울 은평구
2025,11440,마포구,12500,성산동,1,대지,592,5,상암 우남퍼스트빌스타,20251222,13600,16.687,26.4887,9,,,2017,오피스텔,중개거래,서울 마포구
2025,11440,마포구,12700,상암동,1,대지,1734,0,상암 한화 오벨리스크,20251222,9700,19.93,25.83,2,,,2013,오피스텔,중개거래,서울 마포구
2025,11440,마포구,12700,상암동,1,대지,1734,0,상암 한화 오벨리스크,20251222,10000,19.93,25.83,10,,,2013,오피스텔,중개거래,서울 마포구
2025,11290,성북구,13600,하월곡동,,,,,,20251222,44500,57.48,66,,,,1971,단독다가구,중개거래,서울 성북구
2025,11110,종로구,17500,숭인동,,,,,,20251222,18500,16.28,31,,,,1985,단독다가구,중개거래,서울 종로구
2025,11500,강서구,10500,마곡동,1,대지,773,3,힐스테이트에코동익,20251222,39000,44.04,62.742,3,,,2017,오피스텔,중개거래,서울 강서구
2025,11560,영등포구,13200,신길동,1,대지,1,11,(1-11),20251222,48300,55.77,35,4,,,2009,연립다세대,직거래,
2025,11140,중구,15600,입정동,1,대지,277,0,힐스테이트세운센트럴1단지,20251222,160000,59.707,0,23,,,2023,아파트,중개거래,"경기 과천시, 서울 중구"
2025,11650,서초구,10800,서초동,1,대지,1675,11,서초대우아이빌,20251222,31000,35.307,0,10,,,2003,아파트,직거래,
2025,11140,중구,13600,묵정동,1,대지,35,0,힐스테이트남산,20251222,80500,46.65,0,4,,,2024,아파트,중개거래,서울 중구
2025,11500,강서구,10500,마곡동,1,대지,773,0,힐스테이트 에코 마곡역,20251222,17300,19.868,29.243,7,,,2017,오피스텔,중개거래,서울 강서구
2025,11560,영등포구,10800,영등포동7가,1,대지,94,99,휴젠느,20251222,29000,42.61,59.29,2,,,2018,오피스텔,중개거래,서울 영등포구
2025,11500,강서구,10400,가양동,1,대지,1479,9,휴먼빌,20251222,10450,25.64,37.62,4,,,2004,오피스텔,중개거래,서울 강서구
2025,11410,서대문구,11100,홍제동,1,대지,82,0,홍제한양,20251222,77000,60.06,0,2,,,1993,아파트,중개거래,"서울 마포구, 서울 서대문구"
2025,11410,서대문구,11100,홍제동,1,대지,331,0,홍제현대,20251222,86700,75.15,0,2,,,1992,아파트,중개거래,서울 서대문구
2025,11560,영등포구,13200,신길동,1,대지,4950,0,래미안에스티움,20251222,164500,59.98,0,12,,,2017,아파트,중개거래,"경기 광명시, 서울 영등포구"
2025,11620,관악구,10100,봉천동,1,대지,1000,0,현대(관악),20251222,115000,116.72,0,7,,,1992,아파트,중개거래,서울 관악구
2025,11680,강남구,10600,대치동,1,대지,943,24,신안메트로칸,20251222,23900,27.45,39.65,3,,,2004,오피스텔,중개거래,서울 강남구
2025,11470,양천구,10100,신정동,1,대지,970,7,스칼라,20251222,33314,24.14,17,2,,,2017,연립다세대,중개거래,서울 양천구
2025,11470,양천구,10300,신월동,1,대지,453,13,동주빌라,20251222,12000,36.92,32,-1,,,1990,연립다세대,중개거래,서울 양천구
2025,11350,노원구,10300,공릉동,1,대지,707,0,시영2단지(라이프)아파트,20251222,46400,49.5,0,3,,,1994,아파트,중개거래,서울 노원구
2025,11710,송파구,11400,마천동,1,대지,49,16,성우스타팰리스,20251222,31500,29.415,15,3,,,2017,연립다세대,중개거래,서울 송파구
2025,11560,영등포구,13300,대림동,1,대지,785,1,현대1,20251222,73700,66.66,0,10,,,1992,아파트,중개거래,서울 영등포구
2025,11545,금천구,10200,독산동,1,대지,1140,0,독산동중앙하이츠빌,20251222,77500,84.876,0,19,,,2004,아파트,중개거래,서울 금천구
2025,11740,강동구,10100,명일동,1,대지,56,0,현대(고덕),20251222,182000,84.91,0,12,,,1986,아파트,중개거래,서울 강동구
2025,11440,마포구,11400,창전동,1,대지,41,11,투타워빌라에이동,20251222,58500,64.62,39,1,,,1992,연립다세대,중개거래,서울 마포구
2025,11680,강남구,11500,수서동,1,대지,716,0,사이룩스,20251222,32500,42.13,56.39,10,,20260423,2003,오피스텔,중개거래,서울 강남구
2025,11560,영등포구,13200,신길동,1,대지,310,25,해밀리움2동,20251222,50500,28.75,19,3,,,2023,연립다세대,중개거래,서울 영등포구
2025,11650,서초구,10800,서초동,1,대지,1508,15,한울터,20251222,63400,66.37,33,2,,,2003,연립다세대,중개거래,서울 서초구
2025,11560,영등포구,11400,당산동4가,1,대지,92,0,현대2,20251222,94500,59,0,2,,,1986,아파트,중개거래,서울 영등포구
2025,11500,강서구,10300,화곡동,1,대지,870,8,동양하우징103동,20251222,27000,39.26,26,6,,,2016,연립다세대,중개거래,"서울 강서구, 서울 양천구"
2025,11230,동대문구,10500,답십리동,1,대지,530,17,한성아펠시티,20251222,19000,22.14,31.98,10,,,2019,오피스텔,중개거래,"서울 동대문구, 서울 성동구"
2025,11260,중랑구,10100,면목동,1,대지,1543,0,한양수자인사가정파크,20251222,37900,23.107,0,3,,,2019,아파트,중개거래,서울 중랑구
2025,11650,서초구,10800,서초동,1,대지,1308,16,한서그린빌리지오피스텔,20251222,32500,66.86,81.4,9,,,1990,오피스텔,직거래,
2025,11530,구로구,10700,개봉동,1,대지,472,0,두산,20251222,52500,59.69,0,17,,,1997,아파트,중개거래,서울 구로구
2025,11710,송파구,10100,잠실동,1,대지,35,0,트리지움,20251222,320000,84.83,0,8,,,2007,아파트,중개거래,"경기 파주시, 서울 송파구"
2025,11440,마포구,12100,동교동,1,대지,159,6,파라다이스텔,20251222,28000,38.535,54.328,3,,,2003,오피스텔,직거래,
2025,11440,마포구,12300,망원동,1,대지,405,57,한마음주택,20251222,47500,53.78,18,5,,,2002,연립다세대,중개거래,서울 강남구
2025,11260,중랑구,10600,신내동,1,대지,787,0,석탑,20251222,45000,59.82,0,3,,,1997,아파트,중개거래,서울 중랑구
2025,11215,광진구,10300,구의동,1,대지,226,21,해피하우스,20251222,20000,17.95,12,5,,,2018,연립다세대,중개거래,서울 광진구
2025,11710,송파구,10800,문정동,1,대지,618,0,파크하비오,20251222,59000,54.31,68.83,14,,,null,오피스텔,중개거래,서울 송파구
2025,11710,송파구,10700,가락동,1,대지,102,0,한신1,20251222,155000,84.51,0,5,,,1993,아파트,중개거래,서울 송파구
2025,11590,동작구,10400,본동,1,대지,481,0,신동아,20251222,77000,84.46,0,7,,,1993,아파트,직거래,
2025,11290,성북구,13500,종암동,1,대지,3,1266,연희펠리시티,20251222,28000,28.37,9,2,,20260407,2021,연립다세대,중개거래,서울 성북구
2025,11320,도봉구,10800,도봉동,1,대지,30,1,한신,20251222,61800,84.94,0,7,,,1995,아파트,중개거래,서울 도봉구
2025,11260,중랑구,10100,면목동,1,대지,64,55,수옥하우스,20251222,21000,14.47,9,2,,,2021,연립다세대,중개거래,서울 중랑구
2025,11740,강동구,10600,둔촌동,1,대지,603,0,프라자,20251222,130000,83.4,0,1,,,1984,아파트,중개거래,서울 강동구
2025,11710,송파구,11300,거여동,1,대지,46,0,현대3차,20251222,105000,84.83,0,3,,,1993,아파트,중개거래,서울 송파구
2025,11500,강서구,10100,염창동,1,대지,270,1,태영,20251222,76400,59.97,0,10,,,1999,아파트,중개거래,서울 강서구
2025,11680,강남구,11100,세곡동,1,대지,584,0,센트라빌,20251222,18600,27.35,39.7102,3,,,2017,오피스텔,중개거래,서울 강남구
2025,11320,도봉구,10600,방학동,1,대지,271,1,신동아아파트1,20251222,46500,70.62,0,12,,,1986,아파트,중개거래,서울 도봉구
2025,11545,금천구,10200,독산동,1,대지,971,21,성공리치빌2차,20251222,25900,28.72,19,2,,,2018,연립다세대,중개거래,서울 금천구
2025,11410,서대문구,11000,북아현동,1,대지,1009,0,두산,20251222,118000,59.96,0,17,,,1999,아파트,중개거래,"서울 서대문구, 인천 연수구"
2025,11200,성동구,10800,응봉동,1,대지,265,41,(265-41),20251222,38000,57.09,22,2,,,1994,연립다세대,중개거래,서울 성동구
2025,11410,서대문구,10200,충정로3가,1,대지,3,1,(3-1),20251222,143000,95.35,66,1,,,1996,연립다세대,중개거래,서울 서대문구
2025,11230,동대문구,10600,장안동,1,대지,312,8,태솔에버빌,20251222,39000,49.88,0,4,,,2013,아파트,중개거래,서울 동대문구
2025,11230,동대문구,10600,장안동,1,대지,332,2,정은101동(332-2),20251222,54000,81.72,0,6,,,1999,아파트,중개거래,서울 동대문구
2025,11530,구로구,11100,천왕동,1,대지,282,0,천왕이펜하우스1단지,20251222,70000,59.94,0,9,,,2011,아파트,중개거래,"경기 용인시 수지구, 서울 구로구"
2025,11470,양천구,10300,신월동,1,대지,981,4,청송그린힐,20251222,42000,69.26,0,11,,,2003,아파트,중개거래,"서울 강서구, 서울 양천구"
2025,11590,동작구,10200,상도동,1,대지,279,101,태성빌라,20251222,51500,54.77,35,-1,,,1992,연립다세대,중개거래,서울 동작구
2025,11680,강남구,11500,수서동,1,대지,716,0,사이룩스,20251222,32500,42.13,56.39,10,,,2003,오피스텔,중개거래,서울 강남구
2025,11350,노원구,10500,상계동,1,대지,639,0,보람아파트,20251222,48000,54.59,0,9,,,1988,아파트,중개거래,서울 노원구
2025,11200,성동구,10800,응봉동,1,대지,265,61,장미아트빌라,20251222,30000,38.32,15,-1,,,1995,연립다세대,중개거래,"서울 서초구, 서울 성동구"
2025,11230,동대문구,10400,전농동,1,대지,152,27,(152-27),20251222,22000,13.67,14,3,,,2014,연립다세대,중개거래,서울 동대문구
2025,11350,노원구,10400,하계동,1,대지,284,0,청구,20251222,74900,70.69,0,5,,,1988,아파트,중개거래,서울 노원구
2025,11440,마포구,10900,염리동,1,대지,164,4,삼부골든타워,20251222,29500,32.495,48.148,8,,,2003,오피스텔,중개거래,서울 마포구
2025,11710,송파구,10500,석촌동,1,대지,282,14,(282-14),20251222,22300,22.44,11,4,,,2002,연립다세대,중개거래,서울 송파구
2025,11320,도봉구,10700,창동,1,대지,607,23,북한산팰리스(607-23),20251222,25700,39.86,19,4,,,2015,연립다세대,중개거래,서울 도봉구
2025,11500,강서구,10400,가양동,1,대지,1467,0,중앙하이츠,20251222,74000,119.85,0,13,,,1999,아파트,직거래,
2025,11620,관악구,10100,봉천동,1,대지,685,103,(685-103),20251222,33000,60.96,0,5,,,2005,아파트,중개거래,서울 관악구
2025,11260,중랑구,10100,면목동,1,대지,64,69,청운명가,20251222,38500,48.43,27,3,,,2013,연립다세대,중개거래,"경기 화성시, 서울 중랑구"
2025,11380,은평구,10600,대조동,1,대지,26,9,불광하이빌,20251222,20000,48.36,25,5,,,2002,연립다세대,중개거래,서울 은평구
2025,11260,중랑구,10400,묵동,1,대지,168,2,(168-2),20251222,30000,29.83,18,3,,,2022,연립다세대,중개거래,서울 중랑구
2025,11290,성북구,13300,정릉동,1,대지,239,0,정릉풍림아이원,20251222,53000,59.88,0,16,,,2005,아파트,중개거래,서울 성북구
2025,11680,강남구,10600,대치동,1,대지,916,21,(916-21),20251222,76700,56.16,32,2,,,2004,연립다세대,중개거래,서울 강남구
2025,11470,양천구,10100,신정동,1,대지,951,22,준펠리체,20251222,35000,35.81,19,3,,,2016,연립다세대,중개거래,서울 양천구
2025,11260,중랑구,10500,망우동,1,대지,460,16,지앤지타운,20251222,33500,53.98,30,5,,,2016,연립다세대,중개거래,서울 중랑구
2025,11230,동대문구,10400,전농동,1,대지,620,6,청량리역 렉스프라임,20251222,24000,18.44,28.48,19,,,2023,오피스텔,중개거래,서울 동대문구
2025,11350,노원구,10200,월계동,1,대지,13,0,미륭,20251222,80000,51.48,0,2,,,1986,아파트,중개거래,서울 노원구
2025,11650,서초구,10800,서초동,1,대지,1679,1,코업레지던스/서초동,20251222,18000,24.16,34.6682,4,,,2004,오피스텔,직거래,
2025,11290,성북구,13300,정릉동,1,대지,181,34,청담빌라,20251222,27100,44.53,34,2,,,1991,연립다세대,직거래,
2025,11170,용산구,10100,후암동,1,대지,436,1,(436-1),20251222,39500,50.17,28,1,,,2007,연립다세대,중개거래,서울 용산구
2025,11380,은평구,10700,응암동,1,대지,764,0,백련산힐스테이트4차,20251222,80500,59.98,0,2,,,2018,아파트,중개거래,서울 은평구
2025,11740,강동구,10800,성내동,1,대지,64,13,브라운스톤천호,20251222,21500,30.09,42.43,7,,,2007,오피스텔,중개거래,서울 강동구
2025,11560,영등포구,13200,신길동,1,대지,4,26,(4-26),20251222,25000,29.88,16,1,,,1992,연립다세대,중개거래,서울 영등포구
2025,11320,도봉구,10600,방학동,1,대지,734,0,청구아파트,20251222,58000,84.97,0,12,,,1994,아파트,중개거래,서울 도봉구
2025,11680,강남구,11400,일원동,1,대지,629,14,블루미어2차,20251222,69000,16.52,19,4,,,2024,연립다세대,중개거래,서울 강남구
2025,11620,관악구,10200,신림동,1,대지,1551,7,태남빌라,20251222,19400,52.27,29,3,,,1991,연립다세대,중개거래,서울 관악구
2025,11620,관악구,10200,신림동,1,대지,1563,41,정호빌라가동(1563-41),20251222,8000,29.19,18,-1,,,1994,연립다세대,직거래,
2025,11410,서대문구,11900,북가좌동,1,대지,295,14,장안하이빌,20251222,32000,77.36,47,1,,,2003,연립다세대,중개거래,경기 김포시
2025,11680,강남구,10600,대치동,1,대지,916,15,(916-15),20251222,39000,26.88,15,2,,,2009,연립다세대,중개거래,서울 강남구
2025,11440,마포구,12200,합정동,1,대지,391,32,벡텔빌라,20251222,40000,52.12,25,4,,,2002,연립다세대,중개거래,서울 마포구
2025,11440,마포구,12600,중동,1,대지,392,0,마포중동현대,20251222,92500,84.9,0,2,,20260126,2001,아파트,중개거래,서울 마포구
2025,11590,동작구,10200,상도동,,,,,,20251222,120000,159.3,112,,,20251224,1989,단독다가구,중개거래,서울 동작구
2025,11380,은평구,10300,불광동,1,대지,645,0,불광롯데캐슬,20251222,95000,59.98,0,4,,,2018,아파트,중개거래,서울 은평구
2025,11230,동대문구,10200,용두동,1,대지,255,71,청계 다우아트리체,20251222,18000,16.99,26.17,3,,,2019,오피스텔,직거래,
2025,11500,강서구,10900,방화동,1,대지,839,0,방화그린,20251222,43500,39.76,0,9,,,1993,아파트,중개거래,서울 강서구
2025,11650,서초구,10700,반포동,1,대지,60,5,반포미도2차아파트,20251222,280000,59.07,0,2,,,1989,아파트,중개거래,서울 서초구
2025,11290,성북구,13300,정릉동,1,대지,809,0,정릉중앙하이츠아파트,20251222,37000,59.26,0,5,,,1999,아파트,중개거래,서울 성북구
2025,11305,강북구,10100,미아동,1,대지,1354,0,벽산라이브파크,20251222,65200,84.89,0,11,,,2004,아파트,중개거래,"서울 강북구, 서울 성북구"
2025,11560,영등포구,13200,신길동,1,대지,4,26,(4-26),20251222,20000,19.44,16,2,,,1992,연립다세대,중개거래,서울 영등포구
2025,11470,양천구,10200,목동,1,대지,902,0,목동신시가지2,20251222,285500,95.67,0,6,,,1986,아파트,중개거래,서울 양천구
2025,11230,동대문구,10200,용두동,1,대지,129,38,LOFT129,20251222,28796,21.759,0,5,,,2025,아파트,직거래,
2025,11230,동대문구,10200,용두동,1,대지,129,38,LOFT129,20251222,29018,22.173,0,4,,,2025,아파트,직거래,
2025,11470,양천구,10200,목동,1,대지,903,0,목동신시가지3,20251222,233000,64.98,0,5,,,1986,아파트,중개거래,서울 양천구
2025,11230,동대문구,10200,용두동,1,대지,129,38,LOFT129,20251222,29103,21.759,0,8,,,2025,아파트,직거래,
2025,11500,강서구,10300,화곡동,1,대지,1071,19,강서뉴타워,20251222,63500,82.04,0,2,,,2013,아파트,중개거래,서울 양천구
2025,11230,동대문구,10200,용두동,1,대지,129,38,LOFT129,20251222,28544,22.173,0,2,,,2025,아파트,직거래,
2025,11230,동대문구,10200,용두동,1,대지,129,38,LOFT129,20251222,29657,22.173,0,7,,,2025,아파트,직거래,
2025,11230,동대문구,10200,용두동,1,대지,129,38,LOFT129,20251222,29657,22.173,0,8,,,2025,아파트,직거래,
2025,11350,노원구,10500,상계동,1,대지,322,42,이화빌라G,20251222,23000,36.45,23,2,,,1992,연립다세대,중개거래,서울 노원구
2025,11230,동대문구,10200,용두동,1,대지,129,38,LOFT129,20251222,30053,22.115,0,7,,,2025,아파트,직거래,
2025,11230,동대문구,10200,용두동,1,대지,129,38,LOFT129,20251222,29118,22.115,0,7,,,2025,아파트,직거래,
2025,11110,종로구,18700,무악동,1,대지,88,0,인왕산2차아이파크,20251222,142500,112.53,0,14,,,2015,아파트,중개거래,서울 종로구
2025,11230,동대문구,10200,용두동,1,대지,129,38,LOFT129,20251222,28544,22.173,0,2,,,2025,아파트,직거래,
2025,11230,동대문구,10200,용두동,1,대지,129,38,LOFT129,20251222,28649,21.759,0,8,,,2025,아파트,직거래,
2025,11230,동대문구,10200,용두동,1,대지,129,38,LOFT129,20251222,29181,22.173,0,3,,,2025,아파트,직거래,
2025,11470,양천구,10200,목동,1,대지,917,0,목동파라곤,20251222,165000,95.24,112.08,5,,,2004,오피스텔,중개거래,서울 양천구
2025,11500,강서구,10900,방화동,1,대지,860,0,마곡서광(치현마을),20251222,54500,84.93,0,1,,,1998,아파트,중개거래,서울 강서구
2025,11470,양천구,10100,신정동,1,대지,314,0,목동신시가지8,20251222,190000,54.94,0,8,,,1987,아파트,중개거래,"서울 구로구, 서울 양천구"
2025,11230,동대문구,10200,용두동,1,대지,129,38,LOFT129,20251222,29806,22.173,0,5,,,2025,아파트,직거래,
2025,11230,동대문구,10200,용두동,1,대지,129,38,LOFT129,20251222,28007,22.115,0,2,,,2025,아파트,직거래,
2025,11230,동대문구,10200,용두동,1,대지,791,0,용두두산위브,20251222,136500,105.6,0,10,,,2009,아파트,중개거래,서울 동대문구
2025,11230,동대문구,10200,용두동,1,대지,129,38,LOFT129,20251222,29579,22.115,0,7,,,2025,아파트,직거래,
2025,11230,동대문구,10200,용두동,1,대지,129,38,LOFT129,20251222,29662,22.066,0,6,,,2025,아파트,직거래,
2025,11230,동대문구,10200,용두동,1,대지,129,38,LOFT129,20251222,29181,22.173,0,3,,,2025,아파트,직거래,
2025,11230,동대문구,10200,용두동,1,대지,129,38,LOFT129,20251222,29728,22.115,0,6,,,2025,아파트,직거래,
2025,11230,동대문구,10200,용두동,1,대지,129,38,LOFT129,20251222,29657,22.173,0,7,,,2025,아파트,직거래,
2025,11230,동대문구,10200,용두동,1,대지,129,38,LOFT129,20251222,29806,22.173,0,5,,,2025,아파트,직거래,
2025,11410,서대문구,11100,홍제동,1,대지,469,0,인왕산한신휴플러스,20251222,94000,84.925,0,15,,,2009,아파트,중개거래,서울 서대문구
2025,11680,강남구,11200,자곡동,1,대지,618,0,강남브리즈힐,20251222,119500,74.44,0,13,,,2014,아파트,중개거래,"서울 강남구, 서울 송파구"
2025,11230,동대문구,10200,용두동,1,대지,129,38,LOFT129,20251222,29344,22.173,0,6,,,2025,아파트,직거래,
2025,11230,동대문구,10200,용두동,1,대지,129,38,LOFT129,20251222,28806,22.115,0,6,,,2025,아파트,직거래,
2025,11230,동대문구,10200,용두동,1,대지,129,38,LOFT129,20251222,29040,22.066,0,3,,,2025,아파트,직거래,
2025,11110,종로구,11800,내수동,1,대지,75,0,용비어천가,20251222,29500,42.39,53.68,3,,,2004,오피스텔,중개거래,서울 종로구
2025,11410,서대문구,11900,북가좌동,1,대지,328,29,LG빌라(328-29),20251222,24500,45.12,26,3,,,2008,연립다세대,직거래,
2025,11230,동대문구,10200,용두동,1,대지,129,38,LOFT129,20251222,29267,22.115,0,6,,,2025,아파트,직거래,
2025,11230,동대문구,10200,용두동,1,대지,129,38,LOFT129,20251222,29351,22.066,0,4,,,2025,아파트,직거래,
2025,11230,동대문구,10200,용두동,1,대지,129,38,LOFT129,20251222,29728,22.115,0,5,,,2025,아파트,직거래,
2025,11230,동대문구,10200,용두동,1,대지,129,38,LOFT129,20251222,28806,22.115,0,5,,,2025,아파트,직거래,
2025,11170,용산구,12500,한강로2가,1,대지,420,0,용산푸르지오써밋,20251222,45000,26.696,41.8674,31,,,2017,오피스텔,중개거래,서울 용산구
2025,11230,동대문구,10200,용두동,1,대지,129,38,LOFT129,20251222,29267,22.115,0,5,,,2025,아파트,직거래,
2025,11170,용산구,12500,한강로2가,1,대지,420,0,용산푸르지오써밋,20251222,77000,44.703,70.1079,29,,,2017,오피스텔,중개거래,서울 용산구
2025,11530,구로구,11200,항동,1,대지,244,0,우남퍼스트빌더센트럴,20251222,75900,84.914,0,12,,,2020,아파트,중개거래,서울 구로구
2025,11230,동대문구,10200,용두동,1,대지,129,38,LOFT129,20251222,29417,22.115,0,4,,,2025,아파트,직거래,
2025,11680,강남구,10100,역삼동,1,대지,825,20,강남역 센트럴 푸르지오 시티,20251222,26000,24.61,32.992,11,,,2015,오피스텔,중개거래,서울 강남구
2025,11230,동대문구,10200,용두동,1,대지,129,38,LOFT129,20251222,28481,22.115,0,4,,,2025,아파트,직거래,
2025,11230,동대문구,10200,용두동,1,대지,129,38,LOFT129,20251222,28942,22.115,0,4,,,2025,아파트,직거래,
2025,11230,동대문구,10200,용두동,1,대지,129,38,LOFT129,20251222,29105,22.115,0,3,,,2025,아파트,직거래,
2025,11230,동대문구,10200,용두동,1,대지,129,38,LOFT129,20251222,28170,22.115,0,3,,,2025,아파트,직거래,
2025,11440,마포구,10200,공덕동,1,대지,461,0,마포 신영 지웰,20251222,27500,28.5,39.8115,3,,,2004,오피스텔,중개거래,서울 마포구
2025,11710,송파구,11400,마천동,1,대지,575,0,마천금호어울림1차아파트,20251222,65000,84.75,0,1,,,2002,아파트,직거래,
2025,11230,동대문구,10200,용두동,1,대지,129,38,LOFT129,20251222,28631,22.115,0,3,,,2025,아파트,직거래,
2025,11230,동대문구,10500,답십리동,1,대지,467,15,리베르떼청계,20251222,40000,24.78,16,4,,,2020,연립다세대,중개거래,서울 동대문구
2025,11230,동대문구,10200,용두동,1,대지,129,38,LOFT129,20251222,29344,22.173,0,6,,,2025,아파트,직거래,
2025,11560,영등포구,12600,양평동2가,1,대지,6,1,우남프르미아 오피스텔,20251222,37000,57.7,75.53,11,,,2005,오피스텔,중개거래,"서울 양천구, 서울 영등포구"
2025,11380,은평구,10100,수색동,1,대지,415,1,e편한세상 수색 에코포레,20251222,75000,84.951,0,2,,,2003,아파트,중개거래,서울 은평구
2025,11500,강서구,10500,마곡동,1,대지,793,2,갤럭시인텔리젼스,20251222,11700,18.84,28.9,9,,,2015,오피스텔,중개거래,서울 강서구
2025,11230,동대문구,10200,용두동,1,대지,129,38,LOFT129,20251222,28469,22.115,0,2,,,2025,아파트,직거래,
2025,11230,동대문구,10200,용두동,1,대지,129,38,LOFT129,20251222,29344,22.173,0,6,,,2025,아파트,직거래,
2025,11230,동대문구,10200,용두동,1,대지,129,38,LOFT129,20251222,29118,22.115,0,8,,,2025,아파트,직거래,
2025,11230,동대문구,10200,용두동,1,대지,129,38,LOFT129,20251222,29662,22.066,0,5,,,2025,아파트,직거래,
2025,11230,동대문구,10200,용두동,1,대지,129,38,LOFT129,20251222,29806,22.173,0,6,,,2025,아파트,직거래,
2025,11230,동대문구,10200,용두동,1,대지,129,38,LOFT129,20251222,28879,22.066,0,2,,,2025,아파트,직거래,
2025,11440,마포구,11500,상수동,1,대지,341,15,리버파크빌,20251222,72000,28.96,18,4,,,2023,연립다세대,중개거래,서울 마포구
2025,11230,동대문구,10200,용두동,1,대지,129,38,LOFT129,20251222,29986,22.066,0,7,,,2025,아파트,직거래,
2025,11230,동대문구,10200,용두동,1,대지,129,38,LOFT129,20251222,30132,22.173,0,7,,,2025,아파트,직거래,
2025,11440,마포구,11000,노고산동,1,대지,107,17,우정마샹스 오피스텔,20251222,9250,13.52,19.11,12,,,2006,오피스텔,중개거래,서울 마포구
2025,11290,성북구,13800,장위동,1,대지,233,98,우진빌라(233-98),20251222,43300,36.82,23,4,,,2001,연립다세대,중개거래,서울 성북구
2025,11260,중랑구,10300,중화동,1,대지,320,85,모두&토토,20251222,31000,29.72,19,4,,,2018,연립다세대,중개거래,서울 중랑구
2025,11230,동대문구,10200,용두동,1,대지,129,38,LOFT129,20251222,29579,22.115,0,8,,,2025,아파트,직거래,
2025,11230,동대문구,10200,용두동,1,대지,129,38,LOFT129,20251222,28943,22.115,0,2,,,2025,아파트,직거래,
2025,11410,서대문구,12000,남가좌동,1,대지,377,0,DMC래미안클라시스,20251222,103000,84.95,0,9,,,2000,아파트,중개거래,서울 서대문구
2025,11230,동대문구,10200,용두동,1,대지,129,38,LOFT129,20251222,28342,21.759,0,5,,,2025,아파트,직거래,
2025,11350,노원구,10500,상계동,1,대지,1255,0,은빛1단지,20251222,41000,49.77,0,7,,,1998,아파트,중개거래,서울 노원구
2025,11350,노원구,10500,상계동,1,대지,1256,0,은빛2단지,20251222,39900,39.7,0,5,,,1998,아파트,중개거래,서울 노원구
2025,11500,강서구,10300,화곡동,1,대지,996,10,은송월드빌(996-10),20251222,17000,59.99,33,-1,,,2002,연립다세대,중개거래,서울 강서구
2025,11230,동대문구,10200,용두동,1,대지,129,38,LOFT129,20251222,29657,22.173,0,7,,,2025,아파트,직거래,
2025,11500,강서구,10900,방화동,1,대지,852,0,마곡중앙하이츠아파트,20251222,41000,39.58,0,2,,,1994,아파트,중개거래,서울 강서구
2025,11380,은평구,11400,진관동,1,대지,65,0,은평뉴타운엘크루,20251222,69000,59.98,0,6,,,2017,아파트,중개거래,서울 은평구
2025,11380,은평구,10900,신사동,1,대지,371,0,은평신사두산위브2차,20251222,102000,122.59,0,12,,,2011,아파트,중개거래,서울 은평구
2025,11305,강북구,10100,미아동,1,대지,791,1122,은행빌라,20251222,27000,59.64,40,1,,,1998,연립다세대,중개거래,서울 강북구
2025,11380,은평구,10700,응암동,1,대지,176,0,응암푸르지오,20251222,74500,84.2,0,8,,,2008,아파트,중개거래,서울 은평구
2025,11230,동대문구,10200,용두동,1,대지,129,38,LOFT129,20251222,29806,22.173,0,6,,,2025,아파트,직거래,
2025,11230,동대문구,10200,용두동,1,대지,129,38,LOFT129,20251222,29657,22.173,0,8,,,2025,아파트,직거래,
2025,11410,서대문구,11900,북가좌동,1,대지,481,0,DMC래미안e편한세상,20251222,146800,84.92,0,13,,,2012,아파트,중개거래,서울 서대문구
2025,11230,동대문구,10200,용두동,1,대지,129,38,LOFT129,20251222,28796,21.759,0,6,,,2025,아파트,직거래,
2025,11230,동대문구,10200,용두동,1,대지,129,38,LOFT129,20251222,28476,21.759,0,4,,,2025,아파트,직거래,
2025,11230,동대문구,10200,용두동,1,대지,129,38,LOFT129,20251222,29018,22.173,0,4,,,2025,아파트,직거래,
2025,11230,동대문구,10200,용두동,1,대지,129,38,LOFT129,20251222,29020,22.173,0,2,,,2025,아파트,직거래,
2025,11230,동대문구,10200,용두동,1,대지,129,38,LOFT129,20251222,28707,22.173,0,3,,,2025,아파트,직거래,
2025,11230,동대문구,10200,용두동,1,대지,129,38,LOFT129,20251222,29018,22.173,0,4,,,2025,아파트,직거래,
2025,11740,강동구,10500,길동,1,대지,477,0,이편한세상강동에코포레,20251222,150000,84.99,0,20,,,2020,아파트,중개거래,서울 강동구
2025,11230,동대문구,10200,용두동,1,대지,129,38,LOFT129,20251222,29020,22.173,0,2,,,2025,아파트,직거래,
2025,11230,동대문구,10200,용두동,1,대지,129,38,LOFT129,20251222,28544,22.173,0,2,,,2025,아파트,직거래,
2025,11230,동대문구,10200,용두동,1,대지,129,38,LOFT129,20251222,28010,21.759,0,2,,,2025,아파트,직거래,
2025,11230,동대문구,10200,용두동,1,대지,129,38,LOFT129,20251222,28342,21.759,0,6,,,2025,아파트,직거래,
2025,11440,마포구,11200,현석동,1,대지,222,0,강변힐스테이트,20251222,226000,114.99,0,11,,,2004,아파트,중개거래,서울 마포구
2025,11500,강서구,10100,염창동,1,대지,299,0,강변힐스테이트,20251222,134000,84.99,0,14,,,2005,아파트,중개거래,"경기 부천시 원미구, 서울 강서구"
2025,11470,양천구,10100,신정동,1,대지,325,0,목동신시가지11,20251222,190000,66.24,0,2,,,1988,아파트,중개거래,서울 양천구
2025,11230,동대문구,10200,용두동,1,대지,129,38,LOFT129,20251222,29103,21.759,0,7,,,2025,아파트,직거래,
2025,11230,동대문구,10200,용두동,1,대지,129,38,LOFT129,20251222,28707,22.173,0,3,,,2025,아파트,직거래,
2025,11260,중랑구,10400,묵동,1,대지,396,0,이편한세상화랑대,20251222,91000,59.953,0,5,,,2017,아파트,중개거래,서울 중랑구
2025,11380,은평구,10100,수색동,1,대지,415,1,e편한세상 수색 에코포레,20251222,87000,114.18,0,12,,,2003,아파트,중개거래,서울 은평구
2025,11230,동대문구,10200,용두동,1,대지,129,38,LOFT129,20251222,28022,21.759,0,4,,,2025,아파트,직거래,
2025,11230,동대문구,10200,용두동,1,대지,129,38,LOFT129,20251222,27716,21.759,0,3,,,2025,아파트,직거래,
2025,11230,동대문구,10200,용두동,1,대지,129,38,LOFT129,20251222,29494,22.173,0,4,,,2025,아파트,직거래,
2025,11230,동대문구,10200,용두동,1,대지,129,38,LOFT129,20251222,29657,22.173,0,8,,,2025,아파트,직거래,
2025,11230,동대문구,10200,용두동,1,대지,129,38,LOFT129,20251222,27556,21.759,0,2,,,2025,아파트,직거래,
2025,11230,동대문구,10200,용두동,1,대지,129,38,LOFT129,20251222,28649,21.759,0,7,,,2025,아파트,직거래,
2025,11230,동대문구,10200,용두동,1,대지,129,38,LOFT129,20251222,30132,22.173,0,7,,,2025,아파트,직거래,
2025,11545,금천구,10300,시흥동,1,대지,109,1,무지개,20251222,66000,67.93,0,4,,,1980,아파트,중개거래,서울 금천구
2025,11290,성북구,10300,돈암동,1,대지,524,0,일신건영휴먼빌아파트,20251222,81000,84.98,0,2,,,2005,아파트,중개거래,서울 성북구
2025,11230,동대문구,10200,용두동,1,대지,129,38,LOFT129,20251222,29494,22.173,0,4,,,2025,아파트,직거래,
2025,11230,동대문구,10200,용두동,1,대지,129,38,LOFT129,20251222,29344,22.173,0,5,,,2025,아파트,직거래,
2025,11230,동대문구,10200,용두동,1,대지,129,38,LOFT129,20251222,28170,21.759,0,3,,,2025,아파트,직거래,
2025,11230,동대문구,10200,용두동,1,대지,129,38,LOFT129,20251222,29344,22.173,0,5,,,2025,아파트,직거래,
2025,11230,동대문구,10200,용두동,1,대지,129,38,LOFT129,20251222,29344,22.173,0,5,,,2025,아파트,직거래,
2025,11230,동대문구,10200,용두동,1,대지,129,38,LOFT129,20251222,28707,22.173,0,3,,,2025,아파트,직거래,
2025,11590,동작구,10700,사당동,1,대지,1132,0,롯데캐슬,20251222,153000,155.6,0,2,,,2003,아파트,중개거래,서울 동작구
2025,11620,관악구,10200,신림동,1,대지,746,43,건영1,20251222,39500,41.04,0,5,,,1984,아파트,중개거래,서울 관악구
2025,11680,강남구,11400,일원동,1,대지,741,0,래미안 개포 루체하임,20251222,332000,84.97,0,9,,20260210,2018,아파트,중개거래,서울 강남구
2025,11560,영등포구,10300,영등포동2가,1,대지,28,153,오스본 오피스텔,20251222,13000,29.97,39.47,5,,,2005,오피스텔,중개거래,서울 영등포구
2025,11470,양천구,10200,목동,1,대지,318,231,오렌지빌(318-231),20251222,27500,48.6,29,5,,,2007,연립다세대,중개거래,서울 양천구
2025,11290,성북구,13500,종암동,1,대지,3,1266,연희펠리시티,20251222,28000,28.37,9,2,,,2021,연립다세대,중개거래,서울 성북구
2025,11470,양천구,10200,목동,1,대지,713,14,엠펠리체,20251222,22250,26.33,12,4,,,2016,연립다세대,중개거래,서울 강서구
2025,11470,양천구,10200,목동,1,대지,713,14,엠펠리체,20251222,22500,26.12,12,6,,,2016,연립다세대,중개거래,서울 강서구
2025,11710,송파구,10400,송파동,1,대지,12,2,엘에이치송파도시형생활주택,20251222,16000,18.4,17,5,,,2013,연립다세대,직거래,
2025,11215,광진구,10100,중곡동,1,대지,190,29,엘림퍼스트중곡동,20251222,56000,55.06,0,7,,,2021,아파트,중개거래,서울 광진구
2025,11710,송파구,10500,석촌동,1,대지,159,2,엘림주택,20251222,17500,20.64,13,4,,,2000,연립다세대,중개거래,서울 송파구
2025,11320,도봉구,10700,창동,1,대지,731,121,엘리시안,20251222,22000,29.59,12,6,,,2020,연립다세대,직거래,
2025,11470,양천구,10100,신정동,1,대지,1277,0,신트리4,20251222,75500,59.73,0,8,,,2000,아파트,중개거래,서울 양천구
2025,11470,양천구,10100,신정동,1,대지,1277,0,신트리4,20251222,72000,59.73,0,5,,,2000,아파트,중개거래,서울 양천구
2025,11440,마포구,11000,노고산동,1,대지,33,2,신촌더힐하우스,20251222,58000,29.28,18,2,,,2022,연립다세대,중개거래,서울 마포구
2025,11320,도봉구,10700,창동,1,대지,810,0,신창,20251222,37000,49.77,0,12,,,1998,아파트,중개거래,서울 도봉구
2025,11290,성북구,13400,길음동,1,대지,1282,0,길음뉴타운5단지(래미안),20251222,118500,84.96,0,18,,,2006,아파트,중개거래,"서울 강북구, 서울 성북구"
2025,11740,강동구,10500,길동,1,대지,400,0,길동우성,20251222,102500,84.75,0,1,,,1994,아파트,중개거래,서울 송파구
2025,11545,금천구,10200,독산동,1,대지,711,2,금천현대,20251222,58400,59.82,0,18,,,2002,아파트,중개거래,서울 금천구
2025,11710,송파구,11300,거여동,1,대지,294,0,거여5단지,20251222,122000,59.74,0,13,,,1997,아파트,중개거래,서울 송파구
2025,11530,구로구,10200,구로동,1,대지,104,6,그린플러스 구로 해담채2,20251222,9700,17.19,24.05,8,,,2013,오피스텔,중개거래,서울 구로구
2025,11230,동대문구,10300,제기동,1,대지,892,119,그린캐스빌11차,20251222,25000,43.95,22,2,,,2011,연립다세대,중개거래,서울 동대문구
2025,11740,강동구,10200,고덕동,1,대지,210,1,고덕센트럴푸르지오,20251222,149000,59.09,0,12,,,2020,아파트,중개거래,서울 강동구
2025,11440,마포구,10200,공덕동,1,대지,475,0,공덕푸르지오시티,20251222,27800,31.276,40.046,7,,,2013,오피스텔,중개거래,서울 마포구
2025,11350,노원구,10300,공릉동,1,대지,743,0,공릉동한보에센시티아파트,20251222,56500,59.4,0,13,,,2000,아파트,중개거래,서울 노원구
2025,11350,노원구,10300,공릉동,1,대지,738,0,공릉우성아파트,20251222,67500,84.97,0,12,,,1995,아파트,중개거래,"서울 강동구, 서울 노원구"
2025,11545,금천구,10300,시흥동,1,대지,1013,0,관악산벽산타운5,20251222,43000,59.34,0,12,,,2004,아파트,중개거래,서울 금천구
2025,11215,광진구,10700,화양동,1,대지,113,1,광진코지웰,20251222,13900,15.2,0,3,,,2014,아파트,중개거래,서울 광진구
2025,11380,은평구,10200,녹번동,1,대지,282,0,힐스테이트녹번,20251221,131300,84.9,0,18,,,2019,아파트,중개거래,서울 은평구
2025,11380,은평구,10200,녹번동,1,대지,281,0,북한산푸르지오,20251221,107500,84.99,0,11,,,2015,아파트,중개거래,서울 은평구
2025,11710,송파구,11100,방이동,1,대지,161,7,서안빌라트,20251221,45000,67.83,38,3,,,2004,연립다세대,중개거래,서울 송파구
2025,11560,영등포구,10600,영등포동5가,1,대지,49,1,현대프라자,20251221,58000,68.06,0,10,,,1999,아파트,중개거래,서울 영등포구
2025,11470,양천구,10100,신정동,1,대지,318,1,목동대림아크로텔,20251221,51000,56.5,75.81,4,,,2004,오피스텔,중개거래,서울 양천구
2025,11470,양천구,10300,신월동,1,대지,60,34,호성주택-B,20251221,26800,61.12,28,2,,,2001,연립다세대,중개거래,서울 강서구
2025,11440,마포구,12200,합정동,1,대지,382,20,스퀘어리버뷰합정,20251221,58000,28.563,41.845,18,,,2021,오피스텔,중개거래,서울 마포구
2025,11410,서대문구,11800,홍은동,1,대지,455,0,홍은동벽산,20251221,69000,84.96,0,15,,,1997,아파트,중개거래,서울 서대문구
2025,11380,은평구,10600,대조동,1,대지,88,0,힐스테이트 메디알레,20251221,108798,59.91,0,16,입주권,,0,아파트,중개거래,서울 은평구
2025,11470,양천구,10200,목동,1,대지,907,5,목동가든스위트,20251221,181000,144.16,0,17,,,1999,아파트,중개거래,서울 양천구
2025,11500,강서구,10300,화곡동,1,대지,156,2,승윤맨션,20251221,20250,63.33,31,4,,,2002,연립다세대,중개거래,서울 강서구
2025,11200,성동구,11400,성수동1가,1,대지,13,493,서울숲 프라임 베타,20251221,73000,59.18,78.866,4,,,2018,오피스텔,중개거래,서울 성동구
2025,11470,양천구,10200,목동,1,대지,318,243,실크리버텔,20251221,23000,42.86,18,4,,,2003,연립다세대,중개거래,서울 양천구
2025,11560,영등포구,11800,도림동,1,대지,820,0,쌍용플래티넘시티1단지,20251221,69500,86.54,104.56,2,,,2006,오피스텔,중개거래,"서울 구로구, 서울 영등포구"
2025,11710,송파구,11300,거여동,1,대지,553,9,(553-9),20251221,12500,19.61,19,2,,,2008,연립다세대,중개거래,서울 송파구
2025,11530,구로구,10200,구로동,1,대지,46,5,한스타워,20251221,39000,59.96,0,23,,,1996,아파트,중개거래,서울 구로구
2025,11290,성북구,13600,하월곡동,,,,,,20251221,43500,49.59,60,,,,1968,단독다가구,중개거래,서울 성북구
2025,11380,은평구,10100,수색동,1,대지,417,0,DMC롯데캐슬더퍼스트,20251221,109000,59.96,0,14,,,2021,아파트,중개거래,서울 은평구
2025,11320,도봉구,10800,도봉동,1,대지,600,20,포레라스,20251221,19000,55.44,62.498,4,,,2019,오피스텔,중개거래,서울 도봉구
2025,11380,은평구,10100,수색동,1,대지,417,0,DMC롯데캐슬더퍼스트,20251221,104900,59.96,0,3,,,2021,아파트,중개거래,서울 은평구
2025,11230,동대문구,10500,답십리동,,,,,,20251221,56000,52.89,98,,,,1967,단독다가구,중개거래,서울 동대문구
2025,11500,강서구,10300,화곡동,1,대지,362,65,이엘하우스,20251221,33500,27.7,16,3,,,2022,연립다세대,직거래,
2025,11740,강동구,10600,둔촌동,1,대지,435,4,광남캐스빌105동,20251221,102800,111.34,0,15,,,2006,아파트,중개거래,"서울 강동구, 서울 송파구"
2025,11680,강남구,10800,논현동,1,대지,190,20,진흥펠리체B동,20251221,35900,26.37,15,3,,,2015,연립다세대,중개거래,"경기 성남시 분당구, 서울 강남구"
2025,11710,송파구,10200,신천동,1,대지,20,4,잠실 래미안아이파크,20251221,425000,84.88,0,26,입주권,,0,아파트,중개거래,서울 강동구
2025,11530,구로구,10100,신도림동,1,대지,642,0,대림2,20251221,102000,59.88,0,9,,,2001,아파트,중개거래,서울 구로구
2025,11230,동대문구,10500,답십리동,1,대지,80,0,답십리청솔우성,20251221,85300,59.74,0,11,,,2000,아파트,중개거래,서울 동대문구
2025,11740,강동구,10800,성내동,1,대지,387,60,월드빌(387-60),20251221,40700,67.77,36,4,,,2003,연립다세대,중개거래,서울 강동구
2025,11350,노원구,10500,상계동,1,대지,1322,0,중계센트럴파크,20251221,83000,84.53,0,1,,,2016,아파트,중개거래,서울 노원구
2025,11230,동대문구,10300,제기동,1,대지,136,37,(136-37),20251221,32800,50.7,19,4,,20260107,1994,연립다세대,중개거래,서울 동대문구
2025,11290,성북구,13800,장위동,1,대지,231,245,무화빌라,20251221,30500,34.45,21,2,,,1991,연립다세대,중개거래,서울 성북구
2025,11590,동작구,10700,사당동,1,대지,1132,0,롯데캐슬,20251221,149000,117.68,0,12,,,2003,아파트,중개거래,서울 동작구
2025,11410,서대문구,11900,북가좌동,1,대지,313,5,신안월드(313-5),20251221,32000,79.08,31,5,,,2005,연립다세대,중개거래,서울 은평구
2025,11620,관악구,10200,신림동,1,대지,396,13,쎈추리로즈빌,20251221,85500,69.03,42,1,,,2002,연립다세대,중개거래,서울 관악구
2025,11290,성북구,12100,안암동1가,1,대지,361,0,안암동삼성래미안,20251221,80800,59.698,0,15,,,2005,아파트,중개거래,서울 성북구
2025,11410,서대문구,11000,북아현동,1,대지,1,0,영인파크,20251221,110400,29.28,25,2,,,1992,연립다세대,중개거래,"서울 마포구, 서울 서대문구"
2025,11470,양천구,10200,목동,1,대지,318,90,예스빌(318-90),20251221,26000,57.84,26,1,,,2002,연립다세대,중개거래,서울 양천구
2025,11170,용산구,12200,문배동,1,대지,24,21,용산아크로타워,20251221,65000,51.45,73.38,5,,,2007,오피스텔,중개거래,서울 용산구
2025,11260,중랑구,10100,면목동,1,대지,1543,0,한양수자인사가정파크,20251221,89500,59.959,0,3,,,2019,아파트,중개거래,서울 중랑구
2025,11200,성동구,10700,행당동,1,대지,346,0,행당한진타운,20251221,165000,59.96,0,12,,,2000,아파트,중개거래,서울 성동구
2025,11710,송파구,11300,거여동,1,대지,362,0,현대1차,20251221,139000,84.64,0,9,,,1992,아파트,중개거래,서울 송파구
2025,11680,강남구,11500,수서동,1,대지,747,0,삼성,20251221,242000,59.86,0,5,,,1997,아파트,중개거래,서울 강남구
2025,11500,강서구,10300,화곡동,1,대지,61,75,성진빌라(61-75),20251221,27500,62.21,26,2,,,2000,연립다세대,중개거래,서울 강서구
2025,11530,구로구,10700,개봉동,1,대지,489,0,개봉동현대아이파크,20251221,81800,59.99,0,14,,,2006,아파트,중개거래,서울 구로구
2025,11305,강북구,10300,수유동,1,대지,536,0,금원빌라,20251221,13400,29.9,19,1,,,2010,연립다세대,중개거래,서울 강북구
2025,11530,구로구,10200,구로동,1,대지,1265,0,구로두산,20251221,54500,51.84,0,25,,,1998,아파트,직거래,
2025,11230,동대문구,10400,전농동,1,대지,620,47,청량리역 롯데캐슬 Sky-L65,20251221,35595,24.06,40.678,33,,,2023,오피스텔,직거래,
2025,11620,관악구,10200,신림동,1,대지,610,393,대성아트빌,20251221,23000,25.93,20,3,,,2019,연립다세대,중개거래,"서울 강남구, 서울 관악구"
2025,11650,서초구,10800,서초동,1,대지,1524,1,서초클레어,20251221,50000,29.97,16,5,,,2020,연립다세대,중개거래,서울 서초구
2025,11500,강서구,10400,가양동,1,대지,1461,0,가양2단지(성지),20251221,55000,34.44,0,2,,,1992,아파트,중개거래,서울 강서구
2025,11350,노원구,10300,공릉동,1,대지,81,0,태강아파트(아이파크),20251221,64250,59.34,0,6,,,1999,아파트,중개거래,서울 노원구
2025,11740,강동구,10800,성내동,1,대지,595,0,코오롱2,20251221,100000,84.83,0,5,,,2002,아파트,중개거래,서울 강동구
2025,11215,광진구,10500,자양동,1,대지,779,0,타워더모스트광진아크로텔,20251221,30700,31.1,44.65,8,,,2014,오피스텔,직거래,
2025,11680,강남구,10100,역삼동,1,대지,778,13,더프라나역삼,20251221,64000,29.88,18,6,,,2021,연립다세대,중개거래,서울 강남구
2025,11320,도봉구,10500,쌍문동,1,대지,75,32,레미안아트빌(B동),20251221,34000,58.98,34,2,,,2022,연립다세대,직거래,
2025,11110,종로구,11500,사직동,1,대지,9,1,광화문스페이스본(106동),20251220,210000,153.42,0,5,,,2008,아파트,중개거래,서울 종로구
2025,11260,중랑구,10500,망우동,1,대지,583,0,중랑숲리가,20251220,59600,59.978,0,3,,,2012,아파트,중개거래,서울 중랑구
2025,11740,강동구,10900,천호동,1,대지,425,3,천호역 한강 푸르지오시티,20251220,17500,26.27,37.38,17,,,2015,오피스텔,중개거래,서울 강동구
2025,11710,송파구,10900,장지동,1,대지,878,0,위례신도시송파푸르지오,20251220,150000,108.591,0,16,,20251224,2015,아파트,중개거래,서울 송파구
2025,11260,중랑구,10200,상봉동,1,대지,115,61,주함해븐타워,20251220,12950,14.94,0,17,,,2015,아파트,중개거래,서울 중랑구
2025,11230,동대문구,10700,청량리동,,,,,,20251220,110300,142.32,99,,,20260318,1991,단독다가구,중개거래,서울 동대문구
2025,11740,강동구,10300,상일동,1,대지,519,0,고덕아르테온,20251220,188500,59.98,0,14,,,2020,아파트,중개거래,"서울 강동구, 서울 마포구"
2025,11215,광진구,10300,구의동,1,대지,611,0,구의현대2단지,20251220,215000,84.86,0,5,,,1996,아파트,중개거래,서울 광진구
2025,11290,성북구,13300,정릉동,1,대지,1020,0,정릉우성아파트 101~105동,20251220,68000,84.96,0,17,,,2000,아파트,중개거래,서울 성북구
2025,11620,관악구,10100,봉천동,1,대지,63,74,궁전맨션A동,20251220,38000,59.72,27,3,,,2004,연립다세대,중개거래,서울 관악구
2025,11230,동대문구,10400,전농동,1,대지,620,47,청량리역 롯데캐슬 Sky-L65,20251220,35595,24.06,40.678,33,,,2023,오피스텔,직거래,
2025,11680,강남구,11200,자곡동,1,대지,662,0,강남 지웰홈스,20251220,17100,25.155,34.955,2,,,2014,오피스텔,중개거래,서울 강남구
2025,11710,송파구,10400,송파동,1,대지,95,31,글로리하우스,20251220,31400,28.51,17,4,,,2016,연립다세대,중개거래,서울 송파구
2025,11590,동작구,10700,사당동,1,대지,437,7,중앙세대,20251220,80000,52.26,29,4,,,2000,연립다세대,중개거래,서울 동작구
2025,11350,노원구,10600,중계동,1,대지,512,0,중계무지개,20251220,40500,39.96,0,8,,,1991,아파트,중개거래,서울 종로구
2025,11680,강남구,10300,개포동,1,대지,1171,4,금성빌라,20251220,42000,35.37,16,4,,,1993,연립다세대,중개거래,"서울 강남구, 서울 용산구"
2025,11380,은평구,10200,녹번동,1,대지,81,10,한울채(81-10),20251220,30300,37.77,21,3,,20260415,2016,연립다세대,중개거래,서울 은평구
2025,11230,동대문구,10400,전농동,1,대지,620,47,청량리역 롯데캐슬 Sky-L65,20251220,35595,24.06,40.678,33,,,2023,오피스텔,직거래,
2025,11410,서대문구,11100,홍제동,1,대지,342,0,중앙하이츠,20251220,52000,59.23,0,1,,,2001,아파트,중개거래,서울 서대문구
2025,11710,송파구,10800,문정동,1,대지,620,0,송파푸르지오시티,20251220,18800,24.75,32.265,5,,,2013,오피스텔,중개거래,서울 송파구
2025,11380,은평구,10400,갈현동,1,대지,537,0,갈현동현대,20251220,48000,59.25,0,1,,,1997,아파트,중개거래,서울 은평구
2025,11710,송파구,10900,장지동,1,대지,879,0,송파더센트레,20251220,148000,51.96,0,24,,,2013,아파트,중개거래,서울 송파구
2025,11410,서대문구,11100,홍제동,1,대지,462,0,청구3차,20251220,83000,84.96,0,1,,,2001,아파트,중개거래,서울 서대문구
2025,11350,노원구,10600,중계동,1,대지,502,1,중계그린1단지,20251220,48000,39.91,0,10,,,1990,아파트,중개거래,서울 노원구
2025,11500,강서구,10400,가양동,1,대지,448,11,가양글로벌퍼스트,20251220,25800,28.12,36.55,9,,,2018,오피스텔,중개거래,서울 강서구
2025,11500,강서구,10400,가양동,1,대지,1461,0,가양2단지(성지),20251220,56800,34.44,0,1,,,1992,아파트,중개거래,서울 강서구
2025,11710,송파구,10700,가락동,1,대지,140,0,가락(1차)쌍용아파트,20251220,200000,84.69,0,2,,,1997,아파트,중개거래,서울 송파구
2025,11620,관악구,10200,신림동,1,대지,463,46,진성쉐르빌,20251220,41000,63.94,31,2,,,2003,연립다세대,중개거래,서울 관악구
2025,11500,강서구,10300,화곡동,1,대지,392,37,진안빌라,20251220,16400,49.84,25,4,,,1991,연립다세대,중개거래,서울 강서구
2025,11740,강동구,10600,둔촌동,1,대지,621,0,초원동아,20251220,97500,84.34,0,16,,,1997,아파트,중개거래,서울 강동구
2025,11290,성북구,13300,정릉동,1,대지,1028,0,정릉e-편한세상,20251220,69500,85,0,1,,,2006,아파트,중개거래,서울 성북구
2025,11500,강서구,10300,화곡동,1,대지,1083,20,새한그린빌A동,20251220,20000,50.88,24,4,,,2002,연립다세대,직거래,
2025,11350,노원구,10600,중계동,1,대지,592,0,중계3벽산,20251220,86800,85,0,8,,,1999,아파트,중개거래,서울 노원구
2025,11530,구로구,10600,고척동,1,대지,141,1,서울가든,20251220,68000,84.99,0,7,,,1989,아파트,중개거래,"서울 구로구, 서울 양천구"
2025,11620,관악구,10100,봉천동,1,대지,1712,0,관악드림(동아),20251220,108000,84.96,0,19,,,2003,아파트,중개거래,서울 관악구
2025,11320,도봉구,10700,창동,1,대지,373,0,창동주공4단지,20251220,36800,41.3,0,14,,,1991,아파트,중개거래,서울 도봉구
2025,11200,성동구,11500,성수동2가,1,대지,843,0,서울숲힐스테이트,20251220,255000,84.78,0,7,,,2009,아파트,중개거래,서울 성동구
2025,11620,관악구,10100,봉천동,1,대지,1712,0,관악드림(동아),20251220,97500,60,0,15,,,2003,아파트,중개거래,서울 관악구
2025,11350,노원구,10600,중계동,1,대지,592,0,중계3벽산,20251220,58000,59.88,0,19,,,1999,아파트,중개거래,서울 노원구
2025,11200,성동구,10200,하왕십리동,1,대지,1070,0,센트라스,20251220,232000,84.99,0,18,,,2016,아파트,중개거래,서울 성동구
2025,11740,강동구,10900,천호동,1,대지,333,55,천호e-편한세상,20251220,103700,84.69,0,5,,,2005,아파트,중개거래,서울 강동구
2025,11350,노원구,10500,상계동,1,대지,406,3,세명그린빌,20251220,34500,79.61,48,5,,,2006,연립다세대,중개거래,서울 노원구
2025,11650,서초구,10800,서초동,1,대지,1675,11,서초대우아이빌,20251220,29500,32.647,0,11,,,2003,아파트,중개거래,서울 서초구
2025,11680,강남구,10100,역삼동,1,대지,774,31,성제빌딩,20251220,50000,39.69,19,3,,,2001,연립다세대,중개거래,서울 강남구
2025,11650,서초구,10900,내곡동,1,대지,411,0,서초더샵포레,20251220,183000,101.34,0,13,,,2014,아파트,중개거래,서울 서초구
2025,11440,마포구,10200,공덕동,1,대지,457,0,공덕3삼성래미안,20251220,190000,59.97,0,3,,,2004,아파트,중개거래,서울 마포구
2025,11680,강남구,10100,역삼동,1,대지,825,24,강남역 효성해링턴 타워 더퍼스트,20251220,26700,25.73,34.029,15,,,2014,오피스텔,중개거래,서울 강남구
2025,11200,성동구,11500,성수동2가,1,대지,277,37,성원상떼뷰오피스텔,20251220,16800,28.08,37.25,10,,,2003,오피스텔,중개거래,서울 성동구
2025,11740,강동구,10700,암사동,1,대지,509,0,선사현대아파트,20251220,142000,72.85,0,1,,,2000,아파트,중개거래,"서울 강동구, 서울 동작구"
2025,11215,광진구,10500,자양동,1,대지,2,2,건대입구역자이엘라,20251220,30000,18.599,33.2212,11,,,2022,오피스텔,중개거래,서울 광진구
2025,11350,노원구,10200,월계동,1,대지,556,0,주공2,20251220,35000,44.52,0,3,,,1992,아파트,중개거래,"서울 강북구, 서울 노원구"
2025,11350,노원구,10600,중계동,1,대지,359,1,주공5,20251220,110000,84.79,0,8,,,1992,아파트,중개거래,서울 노원구
2025,11305,강북구,10200,번동,1,대지,234,0,주공4단지,20251220,38000,41.3,0,12,,,1991,아파트,중개거래,서울 강북구
2025,11530,구로구,10200,구로동,1,대지,145,23,성락,20251220,39400,57.33,0,3,,,1988,아파트,중개거래,서울 구로구
2025,11560,영등포구,10900,영등포동8가,1,대지,42,1,한양아이클래스 오피스텔,20251220,12800,19.86,28.9809,5,,,2014,오피스텔,중개거래,서울 영등포구
2025,11380,은평구,10400,갈현동,1,대지,327,33,장원마을(C),20251220,28500,74.095,33,3,,,2002,연립다세대,중개거래,서울 은평구
2025,11350,노원구,10200,월계동,1,대지,322,1,성원(사슴4),20251220,59500,59.94,0,13,,,1995,아파트,중개거래,서울 노원구
2025,11320,도봉구,10700,창동,1,대지,528,33,성림빌리지,20251220,29000,42.27,26,3,,,2017,연립다세대,중개거래,서울 도봉구
2025,11545,금천구,10200,독산동,1,대지,1007,13,e편한세상독산더타워,20251220,92700,84.925,0,10,,,2019,아파트,중개거래,서울 금천구
2025,11740,강동구,10200,고덕동,1,대지,293,0,정원빌라2차,20251220,50000,28.42,19,4,,,2023,연립다세대,중개거래,서울 동대문구
2025,11545,금천구,10200,독산동,1,대지,1007,13,e편한세상독산더타워,20251220,77500,59.863,0,28,,,2019,아파트,중개거래,서울 금천구
2025,11410,서대문구,11900,북가좌동,1,대지,313,3,한양아트빌(313-3),20251220,44000,66.03,36,3,,,2004,연립다세대,중개거래,서울 서대문구
2025,11350,노원구,10600,중계동,1,대지,362,1,주공8,20251220,56500,49.72,0,12,,,1993,아파트,중개거래,서울 노원구
2025,11500,강서구,10200,등촌동,1,대지,688,0,주공3,20251220,97000,58.14,0,8,,,1995,아파트,중개거래,"서울 강서구, 서울 성동구"
2025,11290,성북구,13300,정릉동,1,대지,239,0,정릉풍림아이원,20251220,55000,59.88,0,10,,,2005,아파트,중개거래,서울 성북구
2025,11350,노원구,10300,공릉동,1,대지,81,0,태강아파트(아이파크),20251220,55000,49.6,0,10,,,1999,아파트,중개거래,서울 노원구
2025,11290,성북구,13500,종암동,1,대지,104,1,종암에스케이,20251220,74500,59.86,0,1,,,1999,아파트,중개거래,서울 성북구
2025,11620,관악구,10100,봉천동,1,대지,635,562,정은펠리스9차,20251220,27000,29.93,20,5,,,2018,연립다세대,중개거래,서울 관악구
2025,11740,강동구,10600,둔촌동,1,대지,621,0,초원동아,20251220,77500,59.63,0,9,,,1997,아파트,중개거래,서울 강동구
2025,11740,강동구,11000,강일동,1,대지,665,0,강일리버파크1단지,20251220,112000,84.74,0,10,,,2009,아파트,중개거래,서울 강동구
2025,11620,관악구,10100,봉천동,1,대지,635,562,정은펠리스9차,20251220,24000,24.1,16,4,,,2018,연립다세대,중개거래,서울 관악구
2025,11740,강동구,10200,고덕동,1,대지,210,1,고덕센트럴푸르지오,20251220,149500,59.06,0,22,,,2020,아파트,중개거래,서울 강동구
2025,11290,성북구,13300,정릉동,1,대지,1020,0,정릉우성아파트 101~105동,20251220,50000,46.65,0,15,,,2000,아파트,중개거래,서울 성북구
2025,11740,강동구,11000,강일동,1,대지,701,0,강일리버파크8단지,20251220,110000,84.83,0,14,,,2009,아파트,중개거래,서울 강동구
2025,11710,송파구,11100,방이동,1,대지,134,2,THEHERMAN,20251220,48000,56.58,33,3,,,2014,연립다세대,중개거래,서울 송파구
2025,11200,성동구,10300,홍익동,1,대지,125,1,뉴센트빌,20251220,45000,50.77,58.94,3,,20251226,2018,오피스텔,중개거래,서울 성동구
2025,11350,노원구,10500,상계동,1,대지,1370,1,정림빌라,20251220,28300,36.87,18,-1,,,1994,연립다세대,중개거래,서울 노원구
2025,11620,관악구,10100,봉천동,1,대지,1712,0,관악드림(동아),20251220,107000,102,0,19,,,2003,아파트,중개거래,서울 관악구
2025,11710,송파구,11300,거여동,1,대지,290,0,거여1단지,20251220,108000,49.8,0,9,,,1997,아파트,중개거래,서울 송파구
2025,11620,관악구,10100,봉천동,1,대지,1712,0,관악드림(삼성),20251220,103000,84.96,0,5,,,2003,아파트,중개거래,서울 관악구
2025,11305,강북구,10300,수유동,1,대지,729,0,수유현대,20251220,39900,51.38,0,12,,,2000,아파트,중개거래,서울 강북구
2025,11350,노원구,10400,하계동,1,대지,273,0,장미(시영6),20251220,64000,49.5,0,7,,,1989,아파트,중개거래,"서울 강동구, 서울 노원구"
2025,11410,서대문구,11100,홍제동,1,대지,453,0,청구1차,20251220,108500,84.78,0,9,,,1994,아파트,중개거래,서울 서대문구
2025,11305,강북구,10200,번동,1,대지,242,0,주공1단지,20251220,57000,49.94,0,11,,,1991,아파트,중개거래,서울 강북구
2025,11620,관악구,10100,봉천동,1,대지,1724,0,관악월드메르디앙,20251220,73000,84.56,0,4,,,2005,아파트,중개거래,서울 관악구
2025,11215,광진구,10400,광장동,1,대지,579,0,광장11현대홈타운,20251220,260000,84.94,105,2,,,2003,연립다세대,중개거래,서울 광진구
2025,11140,중구,16200,신당동,1,대지,842,0,약수하이츠,20251220,118000,57.63,0,7,,20260126,1999,아파트,중개거래,서울 중구
2025,11110,종로구,18700,무악동,1,대지,82,0,현대,20251220,102990,60,0,4,,,2000,아파트,중개거래,서울 종로구
2025,11560,영등포구,11500,당산동5가,1,대지,9,3,당산역해링턴타워,20251220,20000,23.59,32.77,9,,,2015,오피스텔,중개거래,서울 영등포구
2025,11710,송파구,10800,문정동,1,대지,643,1,엠스테이트,20251220,23400,26.15,35.61,12,,,null,오피스텔,중개거래,서울 송파구
2025,11290,성북구,13400,길음동,1,대지,1286,0,길음뉴타운9단지(래미안),20251220,139300,114.86,0,5,,,2010,아파트,중개거래,서울 성북구
2025,11290,성북구,13400,길음동,1,대지,635,168,길음뉴타운신안파크아파트,20251220,42800,68.14,0,2,,,1988,아파트,중개거래,"서울 강북구, 서울 성북구"
2025,11305,강북구,10100,미아동,1,대지,4,0,꿈의숲롯데캐슬,20251220,91500,84.98,0,15,,,2017,아파트,중개거래,서울 강북구
2025,11305,강북구,10100,미아동,1,대지,1369,0,꿈의숲해링턴플레이스,20251220,84500,59.36,0,4,,,2019,아파트,중개거래,서울 강북구
2025,11230,동대문구,10500,답십리동,1,대지,492,4,답십리한화오벨리스크,20251220,16400,31.93,42.987,7,,,2004,오피스텔,중개거래,서울 동대문구
2025,11410,서대문구,12000,남가좌동,1,대지,376,0,남가좌동현대,20251220,83700,59.4,0,15,,,1999,아파트,중개거래,서울 서대문구
2025,11320,도봉구,10700,창동,1,대지,731,121,엘리시안,20251220,22000,29.59,12,7,,,2020,연립다세대,직거래,
2025,11230,동대문구,10500,답십리동,1,대지,80,0,답십리청솔우성,20251220,91500,84.94,0,23,,,2000,아파트,중개거래,서울 동대문구
2025,11530,구로구,11200,항동,1,대지,236,0,항동중흥에스클래스베르데카운티,20251220,84000,84.941,0,12,,,2019,아파트,중개거래,"서울 구로구, 서울 서초구"
2025,11740,강동구,10700,암사동,1,대지,488,1,다정빌라,20251220,19500,34.11,29,3,,,2008,연립다세대,중개거래,서울 강동구
2025,11410,서대문구,12000,남가좌동,1,대지,376,0,남가좌동현대,20251220,104500,114.9,0,2,,,1999,아파트,중개거래,서울 서대문구
2025,11545,금천구,10300,시흥동,1,대지,1026,0,남서울힐스테이트,20251220,80500,59.817,0,21,,,2014,아파트,중개거래,서울 금천구
2025,11350,노원구,10500,상계동,1,대지,1410,0,노원롯데캐슬시그니처,20251220,78000,52.873,0,19,,,2023,아파트,중개거래,서울 노원구
2025,11710,송파구,10800,문정동,1,대지,47,2,늘조은집,20251220,40000,56.74,30,3,,,2009,연립다세대,중개거래,서울 송파구
2025,11200,성동구,10300,홍익동,1,대지,125,1,뉴센트빌,20251220,45000,50.77,58.94,4,,,2018,오피스텔,중개거래,서울 성동구
2025,11380,은평구,10200,녹번동,1,대지,280,1,녹번JR아파트,20251220,64500,59.866,0,7,,,2002,아파트,중개거래,서울 은평구
2025,11260,중랑구,10100,면목동,1,대지,1543,0,한양수자인사가정파크,20251220,93000,74.026,0,2,,,2019,아파트,중개거래,서울 중랑구
2025,11545,금천구,10300,시흥동,1,대지,1026,0,남서울힐스테이트,20251220,94500,84.786,0,16,,20260120,2014,아파트,중개거래,서울 금천구
2025,11680,강남구,10100,역삼동,1,대지,778,11,아이리스,20251220,41000,25,15,2,,,2010,연립다세대,중개거래,서울 강남구
2025,11710,송파구,10700,가락동,1,대지,16,5,아크로시티,20251220,29000,25.4,19,2,,,2017,연립다세대,중개거래,서울 송파구
2025,11740,강동구,10700,암사동,1,대지,422,26,암사e편한세상,20251220,98000,84.98,0,4,,,2005,아파트,중개거래,서울 강동구
2025,11290,성북구,10700,동소문동4가,1,대지,218,0,양지빌라트(103동),20251220,15900,54.84,22,-1,,,2001,연립다세대,중개거래,"서울 성북구, 서울 양천구"
2025,11380,은평구,11400,진관동,1,대지,105,0,마고정3단지센트레빌(323~335동)BL2-2,20251220,113000,101.98,0,14,,20260303,2009,아파트,중개거래,서울 은평구
2025,11710,송파구,10900,장지동,1,대지,878,0,위례신도시송파푸르지오,20251220,150000,108.591,0,16,,20260304,2015,아파트,중개거래,서울 송파구
2025,11710,송파구,10700,가락동,1,대지,913,0,헬리오시티,20251220,351500,110.66,0,20,,,2018,아파트,중개거래,서울 송파구
2025,11710,송파구,10700,가락동,1,대지,913,0,헬리오시티,20251220,305000,84.99,0,11,,,2018,아파트,중개거래,서울 송파구
2025,11380,은평구,10900,신사동,1,대지,300,27,아라빌라,20251220,28500,31.82,27,2,,,2016,연립다세대,중개거래,서울 은평구
2025,11410,서대문구,11600,창천동,1,대지,20,41,아남오피스텔,20251220,18000,28.08,37.49,10,,,2004,오피스텔,중개거래,서울 서대문구
2025,11290,성북구,13300,정릉동,1,대지,1017,0,쌍용2,20251220,55000,59.9,0,2,,,1999,아파트,중개거래,서울 성북구
2025,11470,양천구,10200,목동,1,대지,324,97,신한목동펠리스,20251220,31000,28.16,17,3,,,2022,연립다세대,중개거래,서울 양천구
2025,11440,마포구,11100,신수동,1,대지,462,0,신촌숲아이파크,20251220,246000,84.932,0,7,,,2019,아파트,중개거래,서울 마포구
2025,11440,마포구,11100,신수동,1,대지,450,0,신촌삼익,20251220,137000,84.85,0,3,,,1997,아파트,중개거래,서울 마포구
2025,11560,영등포구,12900,양평동5가,1,대지,76,0,양평한신,20251220,106500,59.94,0,3,,,1996,아파트,중개거래,서울 영등포구
2025,11230,동대문구,11000,이문동,1,대지,428,0,신이문금호어울림,20251220,80000,59.92,0,6,,,2008,아파트,중개거래,"경기 남양주시, 서울 동대문구"
2025,11260,중랑구,10100,면목동,,,,,,20251220,71500,199.42,118,,,,1995,단독다가구,중개거래,서울 중랑구
2025,11230,동대문구,10700,청량리동,,,,,,20251220,110300,142.32,99,,,,1991,단독다가구,중개거래,서울 동대문구
2025,11620,관악구,10200,신림동,1,대지,1730,0,신림푸르지오,20251220,100000,84.79,0,20,,,2005,아파트,중개거래,서울 관악구
2025,11590,동작구,10700,사당동,1,대지,105,0,신동아4,20251220,189800,118.25,0,15,,,1993,아파트,중개거래,서울 동작구
2025,11530,구로구,10200,구로동,1,대지,1267,0,신도림태영타운,20251220,165000,171.22,0,13,,,2000,아파트,중개거래,서울 구로구
2025,11560,영등포구,13200,신길동,1,대지,310,3,해밀리움1동,20251220,49500,28.15,20,2,,,2023,연립다세대,중개거래,서울 영등포구
2025,11560,영등포구,13200,신길동,1,대지,310,3,해밀리움1동,20251220,48500,27.5,19,3,,,2023,연립다세대,중개거래,서울 영등포구
2025,11560,영등포구,13200,신길동,1,대지,4955,0,신길센트럴아이파크,20251220,163000,84.98,0,15,,,2019,아파트,중개거래,서울 영등포구
2025,11380,은평구,10200,녹번동,,,,,,20251220,78500,109.84,139,,,,1965,단독다가구,중개거래,서울 은평구
2025,11440,마포구,10300,신공덕동,1,대지,155,0,신공덕1차삼성래미안1아파트,20251220,177000,59.76,0,14,,,2000,아파트,중개거래,서울 마포구
2025,11680,강남구,10600,대치동,1,대지,907,2,대치한신휴플러스,20251220,177300,68.4,0,8,,,2005,아파트,중개거래,서울 강남구
2025,11440,마포구,12500,성산동,1,대지,596,0,대원,20251220,66400,59.69,0,12,,,1999,아파트,중개거래,서울 마포구
2025,11680,강남구,10100,역삼동,1,대지,720,25,대우디오빌,20251220,42300,39.13,0,4,,,2002,아파트,중개거래,서울 강남구
2025,11140,중구,16500,황학동,1,대지,836,0,아미인,20251220,14250,18.62,26.49,5,,,2014,오피스텔,중개거래,서울 중구
2025,11545,금천구,10200,독산동,1,대지,1147,0,금천롯데캐슬골드파크1차,20251220,111500,84.396,0,16,,,2016,아파트,중개거래,서울 금천구
2025,11545,금천구,10200,독산동,1,대지,1155,0,금천롯데캐슬골드파크3차,20251220,91800,59.966,0,30,,,2018,아파트,중개거래,서울 금천구
2025,11200,성동구,11200,금호동4가,1,대지,800,0,대우,20251220,203500,84.96,0,18,,,2001,아파트,중개거래,서울 성동구
2025,11530,구로구,10600,고척동,1,대지,296,0,대우,20251220,67000,84.99,0,7,,,1999,아파트,중개거래,서울 구로구
2025,11680,강남구,10400,청담동,1,대지,109,5,대아빌라(109-5),20251220,41500,42.61,16,-1,,,1995,연립다세대,중개거래,서울 강남구
2025,11380,은평구,10500,구산동,1,대지,17,51,대신빌리지,20251220,20000,45.39,22,2,,,1994,연립다세대,중개거래,서울 은평구
2025,11320,도봉구,10600,방학동,1,대지,720,1,대상타운현대아파트,20251220,87700,84.78,0,13,,,2001,아파트,중개거래,서울 도봉구
2025,11740,강동구,10700,암사동,1,대지,488,8,대명힐스빌,20251220,25500,45.26,27,4,,,2007,연립다세대,중개거래,서울 강동구
2025,11470,양천구,10200,목동,1,대지,532,2,대광빌라비동,20251220,24000,59.31,26,3,,,1994,연립다세대,직거래,
2025,11560,영등포구,11400,당산동4가,1,대지,30,1,당산현대5차,20251220,167000,84.69,0,6,,,2000,아파트,중개거래,서울 영등포구
2025,11290,성북구,13400,길음동,1,대지,1280,0,길음뉴타운2단지푸르지오,20251220,107500,114.73,0,11,,,2005,아파트,중개거래,서울 성북구
2025,11290,성북구,13400,길음동,1,대지,1280,1,길음뉴타운3단지푸르지오,20251220,94000,84.97,0,13,,,2005,아파트,중개거래,서울 성북구
2025,11230,동대문구,11000,이문동,1,대지,54,0,현대,20251220,86000,84.56,0,18,,,2000,아파트,중개거래,서울 동대문구
2025,11290,성북구,13400,길음동,1,대지,1283,0,길음뉴타운6단지(래미안),20251220,125000,84.049,0,3,,,2007,아파트,중개거래,서울 성북구
2025,11290,성북구,13400,길음동,1,대지,1286,0,길음뉴타운9단지(래미안),20251220,123000,84.96,0,7,,,2010,아파트,중개거래,서울 성북구
2025,11470,양천구,10100,신정동,1,대지,314,0,목동신시가지8,20251220,189000,54.94,0,9,,,1987,아파트,중개거래,서울 양천구
2025,11470,양천구,10100,신정동,1,대지,314,0,목동신시가지8,20251220,184500,54.94,0,8,,,1987,아파트,중개거래,서울 양천구
2025,11470,양천구,10100,신정동,1,대지,314,0,목동신시가지8,20251220,190000,54.94,0,18,,,1987,아파트,중개거래,서울 양천구
2025,11305,강북구,10100,미아동,1,대지,474,0,미아동부센트레빌,20251220,95500,84.92,0,3,,,2006,아파트,중개거래,"서울 강북구, 서울 성북구"
2025,11590,동작구,10100,노량진동,1,대지,331,0,형인한강,20251220,88000,76.05,0,2,,,2001,아파트,중개거래,서울 동작구
2025,11590,동작구,10200,상도동,1,대지,210,206,미성해드림(210-206),20251220,56500,58.28,34,1,,,2022,연립다세대,중개거래,서울 관악구
2025,11710,송파구,10300,풍납동,1,대지,254,0,미랜드퀸,20251220,78000,84.44,0,2,,,2008,아파트,중개거래,서울 송파구
2025,11530,구로구,11200,항동,1,대지,237,0,하버라인2단지,20251220,63000,59.86,0,1,,,2019,아파트,중개거래,서울 구로구
2025,11440,마포구,10100,아현동,1,대지,747,2,하늘채빌리지,20251220,69000,29.78,21,5,,,2019,연립다세대,중개거래,"서울 강서구, 서울 마포구"
2025,11305,강북구,10100,미아동,1,대지,190,2,현대(190-2),20251220,59800,84.91,0,2,,,1992,아파트,중개거래,서울 송파구
2025,11260,중랑구,10100,면목동,1,대지,96,1,미래파인빌,20251220,55000,51.6,25,3,,,2003,연립다세대,중개거래,서울 중랑구
2025,11740,강동구,10700,암사동,1,대지,413,0,프라이어팰리스,20251220,168500,84.988,0,15,,,2007,아파트,중개거래,서울 강동구
2025,11470,양천구,10200,목동,1,대지,917,0,목동파라곤,20251220,190500,103.71,122.05,3,,,2004,오피스텔,중개거래,서울 양천구
2025,11740,강동구,10700,암사동,1,대지,413,0,프라이어팰리스,20251220,160000,59.983,0,12,,,2007,아파트,중개거래,서울 강동구
2025,11230,동대문구,10200,용두동,1,대지,779,0,신동아,20251220,71500,58.59,0,4,,20260130,1994,아파트,중개거래,서울 동대문구
2025,11530,구로구,10800,오류동,1,대지,341,0,한신플러스타운,20251220,51800,59.91,0,11,,,2002,아파트,중개거래,서울 구로구
2025,11470,양천구,10200,목동,1,대지,925,0,목동신시가지7,20251220,221000,53.88,0,7,,,1986,아파트,중개거래,서울 양천구
2025,11470,양천구,10100,신정동,1,대지,326,0,목동신시가지12,20251220,178500,56.76,0,5,,,1988,아파트,중개거래,서울 양천구
2025,11470,양천구,10200,목동,1,대지,901,0,목동신시가지1,20251220,235000,65.34,0,8,,,1985,아파트,중개거래,서울 양천구
2025,11470,양천구,10300,신월동,1,대지,1078,0,목동센트럴아이파크위브4단지,20251220,123000,84.97,0,4,,,2020,아파트,중개거래,서울 양천구
2025,11470,양천구,10300,신월동,1,대지,1076,0,목동센트럴아이파크위브2단지,20251220,129500,84.97,0,22,,,2020,아파트,중개거래,서울 양천구
2025,11215,광진구,10300,구의동,1,대지,23,35,명진빌라,20251220,34000,75.12,40,2,,,2002,연립다세대,중개거래,서울 광진구
2025,11530,구로구,10800,오류동,1,대지,51,31,포스시티,20251220,7500,19.24,27.31,9,,,2014,오피스텔,중개거래,서울 구로구
2025,11740,강동구,10100,명일동,1,대지,332,0,명일지에스아파트,20251220,127000,84.9,0,2,,,1999,아파트,중개거래,서울 강동구
2025,11710,송파구,10800,문정동,1,대지,618,0,파크하비오,20251220,48000,48.96,61.85,9,,,null,오피스텔,중개거래,서울 송파구
2025,11230,동대문구,10400,전농동,1,대지,221,6,(221-6),20251220,25000,67.94,38,4,,20260317,1991,연립다세대,직거래,
2025,11650,서초구,10100,방배동,1,대지,920,1,파인빌(Pineville),20251220,100000,52.77,25,5,,,2016,연립다세대,중개거래,서울 서초구
2025,11470,양천구,10200,목동,1,대지,720,10,명남아띠빌4차,20251220,29500,48.29,27,4,,,2007,연립다세대,중개거래,서울 양천구
2025,11260,중랑구,10600,신내동,1,대지,838,0,망우역신원아침도시,20251220,56500,49.668,0,4,,,2023,아파트,중개거래,서울 중랑구
2025,11440,마포구,11400,창전동,1,대지,449,0,마포웨스트리버태영데시앙,20251220,189500,84.391,0,14,,,2019,아파트,중개거래,서울 마포구
2025,11380,은평구,11400,진관동,1,대지,105,0,마고정3단지센트레빌(323~335동)BL2-2,20251220,113000,101.98,0,14,,,2009,아파트,중개거래,서울 은평구
2025,11710,송파구,10800,문정동,1,대지,86,12,리치타운B동,20251220,42000,40.98,26,5,,,2016,연립다세대,중개거래,서울 송파구
2025,11140,중구,16200,신당동,1,대지,432,1061,토토타워(5차),20251220,31000,59.94,0,3,,,2001,아파트,중개거래,서울 중구
2025,11110,종로구,10200,신교동,1,대지,9,6,태일빌라,20251220,26300,36.3,13,4,,,1996,연립다세대,중개거래,서울 종로구
2025,11530,구로구,10700,개봉동,1,대지,476,0,한마을,20251220,103500,149.97,0,13,,,1999,아파트,중개거래,서울 구로구
2025,11530,구로구,10700,개봉동,1,대지,476,0,한마을,20251220,91000,84.57,0,19,,,1999,아파트,중개거래,서울 구로구
2025,11260,중랑구,10100,면목동,1,대지,1204,1,한라빌라트,20251220,23000,56.4,30,4,,,1994,연립다세대,중개거래,서울 중랑구
2025,11740,강동구,10700,암사동,1,대지,442,1,한강현대,20251220,121500,84.93,0,21,,,1999,아파트,중개거래,서울 강동구
2025,11380,은평구,10700,응암동,1,대지,767,0,백련산에스케이뷰아이파크,20251220,93600,59.854,0,13,,,2020,아파트,중개거래,서울 은평구
2025,11740,강동구,10700,암사동,1,대지,442,1,한강현대,20251220,109800,59.94,0,11,,,1999,아파트,중개거래,서울 강동구
2025,11260,중랑구,10300,중화동,1,대지,309,90,(309-90),20251220,41000,29.74,22,4,,,2020,연립다세대,중개거래,서울 중랑구
2025,11530,구로구,10700,개봉동,1,대지,340,5,부원빌라(340-5),20251220,22000,60.9,30,4,,,2002,연립다세대,중개거래,경기 광명시
2025,11590,동작구,10500,흑석동,1,대지,328,0,흑석동양아파트,20251220,128000,84.985,0,1,,,2003,아파트,중개거래,서울 동작구
2025,11380,은평구,10200,녹번동,1,대지,282,0,힐스테이트녹번,20251220,128000,84.9,0,4,,,2019,아파트,중개거래,서울 은평구
2025,11350,노원구,10500,상계동,1,대지,666,0,상계주공10(고층),20251220,54500,49.94,0,8,,,1988,아파트,중개거래,서울 노원구
2025,11380,은평구,11000,증산동,1,대지,257,0,베로니스,20251220,67000,54.25,0,8,,,2019,아파트,중개거래,서울 서대문구
2025,11740,강동구,10500,길동,1,대지,327,31,327에비뉴,20251220,34000,22.19,16,4,,,2019,연립다세대,중개거래,서울 강동구
2025,11500,강서구,10100,염창동,1,대지,292,0,동아,20251220,89500,59.97,0,16,,20260108,1998,아파트,중개거래,서울 강서구
2025,11290,성북구,12300,안암동3가,1,대지,135,0,삼익,20251220,78000,98.04,0,2,,,1983,아파트,중개거래,서울 성북구
2025,11545,금천구,10300,시흥동,1,대지,1010,0,벽산,20251220,48000,84.99,0,5,,,2000,아파트,중개거래,서울 금천구
2025,11350,노원구,10400,하계동,1,대지,271,3,벽산,20251220,85300,84.85,0,6,,,1988,아파트,중개거래,서울 노원구
2025,11380,은평구,10700,응암동,1,대지,770,0,힐스테이트녹번역,20251220,125000,74.99,0,9,,,2022,아파트,중개거래,서울 은평구
2025,11590,동작구,10900,신대방동,1,대지,709,0,벽산,20251220,96000,84.9,0,10,,,1997,아파트,중개거래,서울 동작구
2025,11350,노원구,10500,상계동,1,대지,666,0,상계주공10(고층),20251220,44750,41.3,0,12,,,1988,아파트,중개거래,서울 노원구
2025,11305,강북구,10100,미아동,1,대지,1354,0,벽산라이브파크,20251220,61000,84.89,0,1,,,2004,아파트,중개거래,서울 강북구
2025,11200,성동구,11400,성수동1가,1,대지,676,5,서울숲성수현대,20251220,120000,84.73,0,10,,20260112,1990,아파트,중개거래,서울 성동구
2025,11140,중구,13600,묵정동,1,대지,35,0,힐스테이트남산,20251220,79000,44.55,0,3,,,2024,아파트,중개거래,서울 중구
2025,11620,관악구,10100,봉천동,1,대지,1718,0,벽산블루밍,20251220,89000,59.99,0,16,,,2005,아파트,중개거래,서울 관악구
2025,11620,관악구,10100,봉천동,1,대지,1718,0,벽산블루밍,20251220,108500,114.97,0,18,,,2005,아파트,중개거래,서울 관악구
2025,11710,송파구,11100,방이동,1,대지,112,11,(112-11),20251220,49800,58.58,30,2,,,2015,연립다세대,중개거래,서울 송파구
2025,11590,동작구,10900,신대방동,1,대지,724,0,보라매자이더포레스트,20251220,150000,59.936,0,13,,,2021,아파트,중개거래,"경기 파주시, 서울 동작구"
2025,11230,동대문구,11000,이문동,1,대지,73,0,삼익,20251220,70500,59.95,0,20,,,1997,아파트,중개거래,"경기 하남시, 서울 동대문구"
2025,11290,성북구,10100,성북동,1,대지,168,130,보람팰리스,20251220,78000,59.92,35,2,,,2016,연립다세대,중개거래,서울 성북구
2025,11230,동대문구,10400,전농동,1,대지,221,6,(221-6),20251220,25000,67.94,38,4,,,1991,연립다세대,직거래,
2025,11200,성동구,10800,응봉동,1,대지,265,173,(265-173),20251220,40000,45.52,22,2,,,1994,연립다세대,중개거래,서울 성동구
2025,11740,강동구,10100,명일동,1,대지,15,0,삼익그린2차,20251220,225000,107.56,0,14,,,1983,아파트,중개거래,서울 강동구
2025,11290,성북구,13000,보문동1가,1,대지,228,0,보문리슈빌하우트,20251220,123000,59.791,0,14,,,2022,아파트,중개거래,서울 성북구
2025,11410,서대문구,11800,홍은동,1,대지,468,0,북한산두산위브2차,20251220,76700,59.75,0,9,,,2021,아파트,중개거래,서울 서대문구
2025,11500,강서구,10200,등촌동,1,대지,691,3,부영,20251220,91800,80.64,0,2,,,1994,아파트,중개거래,서울 강서구
2025,11500,강서구,10300,화곡동,1,대지,918,2,(918-2),20251220,10000,30,38.44,2,,,1998,오피스텔,중개거래,서울 강서구
2025,11710,송파구,10600,삼전동,1,대지,36,17,(36-17),20251220,55000,43.15,24,3,,,2002,연립다세대,중개거래,"서울 관악구, 서울 송파구"
2025,11470,양천구,10100,신정동,1,대지,1208,31,효선아트빌,20251220,105000,52.77,24,3,,,2002,연립다세대,중개거래,서울 양천구
2025,11350,노원구,10300,공릉동,1,대지,737,0,삼익포레스트아파트,20251220,46500,51.03,0,8,,,1995,아파트,중개거래,"서울 노원구, 서울 중랑구"
2025,11440,마포구,12300,망원동,1,대지,436,15,(436-15),20251220,31700,41.7,30,1,,,1986,연립다세대,중개거래,서울 마포구
2025,11215,광진구,10500,자양동,1,대지,52,104,(52-104),20251220,150000,41.56,21,4,,,2004,연립다세대,중개거래,서울 광진구
2025,11740,강동구,11000,강일동,1,대지,72,0,힐스테이트리슈빌강일,20251220,150000,101.707,0,6,,,2023,아파트,중개거래,서울 강동구
2025,11290,성북구,13300,정릉동,1,대지,508,91,현대로얄빌라B동,20251220,19500,61,25,2,,,2000,연립다세대,중개거래,서울 성북구
2025,11530,구로구,10700,개봉동,1,대지,471,0,삼호,20251220,61500,59.86,0,4,,,1996,아파트,중개거래,서울 구로구
2025,11590,동작구,10200,상도동,1,대지,159,36,효성빌라(A동)(159-36),20251220,10200,54,38,-1,,,1986,연립다세대,직거래,
2025,11200,성동구,10700,행당동,1,대지,346,0,행당한진타운,20251220,164000,59.96,0,22,,,2000,아파트,중개거래,서울 성동구
2025,11410,서대문구,12000,남가좌동,1,대지,385,0,DMC파크뷰자이2단지,20251220,148000,84.968,0,7,,,2015,아파트,중개거래,서울 서대문구
2025,11410,서대문구,11900,북가좌동,1,대지,431,0,DMC한양,20251220,85000,84.33,0,7,,,1987,아파트,중개거래,서울 서대문구
2025,11350,노원구,10500,상계동,1,대지,626,0,상계주공14(고층),20251220,55000,59.39,0,1,,,1989,아파트,중개거래,서울 노원구
2025,11410,서대문구,12000,남가좌동,1,대지,388,0,DMC센트럴아이파크,20251220,116000,59.91,0,20,,,2018,아파트,중개거래,서울 서대문구
2025,11380,은평구,10100,수색동,1,대지,417,0,DMC롯데캐슬더퍼스트,20251220,110000,59.96,0,13,,,2021,아파트,중개거래,서울 은평구
2025,11560,영등포구,10800,영등포동7가,1,대지,202,0,브라운스톤영등포,20251220,110000,84.9,0,14,,,2004,아파트,중개거래,서울 영등포구
2025,11140,중구,16200,신당동,1,대지,843,0,삼성,20251220,120000,59.98,0,1,,,1999,아파트,중개거래,서울 중구
2025,11530,구로구,10600,고척동,1,대지,336,0,삼환로즈빌,20251220,89500,84.994,0,10,,,2004,아파트,중개거래,서울 구로구
2025,11410,서대문구,11900,북가좌동,1,대지,481,0,DMC래미안e편한세상,20251220,140000,84.95,0,7,,,2012,아파트,중개거래,서울 서대문구
2025,11560,영등포구,11700,당산동,1,대지,121,200,휴브리지빌딩,20251220,15000,17.11,0,11,,,2012,아파트,중개거래,서울 영등포구
2025,11320,도봉구,10600,방학동,1,대지,719,2,북한산현대렉시온오피스텔,20251220,14100,32.1,41.84,5,,,2004,오피스텔,중개거래,서울 도봉구
2025,11380,은평구,10100,수색동,1,대지,419,0,DMCSK뷰아이파크포레,20251220,86000,49.92,0,10,,,2023,아파트,중개거래,서울 은평구
2025,11530,구로구,10200,구로동,1,대지,256,1,삼성래미안,20251220,76000,56.036,0,21,,,2004,아파트,중개거래,서울 구로구
2025,11350,노원구,10200,월계동,1,대지,13,0,삼호3,20251220,92500,59.22,0,6,,,1986,아파트,중개거래,서울 노원구
2025,11380,은평구,10100,수색동,1,대지,418,0,DMCSKVIEW,20251220,133500,59.986,0,21,,,2023,아파트,중개거래,서울 은평구
2025,11560,영등포구,13200,신길동,1,대지,4934,0,삼성래미안,20251220,103000,84.91,0,9,,,2001,아파트,중개거래,서울 영등포구
2025,11350,노원구,10500,상계동,1,대지,730,2,상계주공3(고층),20251220,77500,58.01,0,6,,,1987,아파트,중개거래,서울 노원구
2025,11710,송파구,10800,문정동,1,대지,58,0,현대2,20251220,108000,84.98,0,9,,,1995,아파트,중개거래,서울 송파구
2025,11305,강북구,10300,수유동,1,대지,410,141,동아하이츠빌라,20251220,18900,50.91,32,1,,,1994,연립다세대,중개거래,서울 강북구
2025,11710,송파구,11300,거여동,1,대지,362,0,현대1차,20251220,130000,84.91,0,10,,,1992,아파트,중개거래,서울 송파구
2025,11620,관악구,10200,신림동,1,대지,409,137,우성아트빌라A동,20251220,28800,34.29,26,2,,,1990,연립다세대,중개거래,서울 관악구
2025,11530,구로구,10100,신도림동,1,대지,643,0,동아1,20251220,140000,84.908,0,5,,,1999,아파트,중개거래,서울 구로구
2025,11290,성북구,10300,돈암동,1,대지,633,0,동부센트레빌,20251220,117500,115.51,0,18,,,2003,아파트,중개거래,서울 성북구
2025,11410,서대문구,10800,영천동,1,대지,100,0,독립문삼호,20251220,125000,108.63,0,1,,,1995,아파트,중개거래,"서울 서대문구, 울산 중구"
2025,11230,동대문구,10500,답십리동,1,대지,989,1,우성그린,20251220,72500,84.66,0,7,,,1997,아파트,중개거래,서울 동대문구
2025,11410,서대문구,10900,현저동,1,대지,200,0,독립문극동(200-0),20251220,143000,102.45,0,9,,,1998,아파트,중개거래,서울 서대문구
2025,11560,영등포구,13300,대림동,1,대지,696,0,우성1,20251220,66000,62.37,0,15,,,1985,아파트,중개거래,서울 영등포구
2025,11560,영등포구,13200,신길동,1,대지,365,0,우성1,20251220,85000,49.64,0,5,,,1986,아파트,중개거래,서울 영등포구
2025,11530,구로구,10800,오류동,1,대지,348,0,우림필유,20251220,54500,59.95,0,8,,,2005,아파트,중개거래,서울 구로구
2025,11590,동작구,10500,흑석동,1,대지,329,0,우리유앤미,20251220,115000,59.661,0,17,,,2003,아파트,중개거래,서울 동작구
2025,11710,송파구,11200,오금동,1,대지,137,3,더파인하우스,20251220,28500,29.25,20,3,,,2019,연립다세대,중개거래,서울 송파구
2025,11560,영등포구,13200,신길동,1,대지,4974,0,더샵파크프레스티지,20251220,149000,84.9,0,2,,,2022,아파트,중개거래,서울 영등포구
2025,11530,구로구,10700,개봉동,1,대지,480,0,현대홈타운,20251220,85500,84.915,0,8,,,2001,아파트,중개거래,서울 구로구
2025,11680,강남구,10300,개포동,1,대지,1179,1,용성빌라,20251220,49000,38.44,17,1,,,1992,연립다세대,중개거래,서울 강남구
2025,11200,성동구,10500,마장동,1,대지,820,0,왕십리금호어울림,20251220,160000,114.97,0,6,,,2006,아파트,중개거래,서울 성동구
2025,11710,송파구,10300,풍납동,1,대지,515,0,올림픽레아아파트,20251220,38000,29.269,0,2,,,2024,아파트,직거래,
2025,11260,중랑구,10600,신내동,1,대지,447,2,옥산쉐르빌,20251220,18000,46.01,22,5,,,2002,연립다세대,중개거래,서울 중랑구
2025,11305,강북구,10300,수유동,1,대지,540,92,은행빌라(540-92),20251220,19700,57.3,38,3,,,2009,연립다세대,중개거래,서울 강북구
2025,11530,구로구,10700,개봉동,1,대지,475,0,영화,20251220,72500,84.96,0,24,,,1998,아파트,중개거래,서울 구로구
2025,11710,송파구,10700,가락동,1,대지,165,0,래미안파크팰리스,20251220,210000,59.968,0,16,,,2007,아파트,중개거래,서울 송파구
2025,11710,송파구,10500,석촌동,1,대지,225,24,홈토피아Ⅵ,20251220,32300,46,24,3,,,2012,연립다세대,중개거래,서울 송파구
2025,11290,성북구,13500,종암동,1,대지,80,0,래미안크리시엘,20251220,94000,84.95,0,18,,,2004,아파트,중개거래,서울 성북구
2025,11290,성북구,13500,종암동,1,대지,80,0,래미안크리시엘,20251220,82000,59.99,0,4,,,2004,아파트,중개거래,서울 성북구
2025,11230,동대문구,10400,전농동,1,대지,690,0,래미안크레시티,20251220,187000,121.95,0,12,,,2014,아파트,중개거래,서울 동대문구
2025,11230,동대문구,11000,이문동,1,대지,311,0,래미안이문2차,20251220,95000,59.79,0,18,,,2004,아파트,중개거래,서울 동대문구
2025,11350,노원구,10500,상계동,1,대지,1256,0,은빛2단지,20251220,46500,49.77,0,14,,,1998,아파트,중개거래,서울 노원구
2025,11380,은평구,10200,녹번동,1,대지,283,0,래미안베라힐즈,20251220,126000,84.95,0,6,,,2019,아파트,중개거래,서울 은평구
2025,11440,마포구,12500,성산동,1,대지,131,20,유일빌리지2단지,20251220,32500,29.79,19,6,,,2016,연립다세대,중개거래,서울 마포구
2025,11410,서대문구,11100,홍제동,1,대지,454,0,유원하나,20251220,53000,72.34,0,1,,,1996,아파트,중개거래,서울 서대문구
2025,11545,금천구,10300,시흥동,1,대지,960,1,라온빌리지201동,20251220,39100,58.1,39,6,,,2020,연립다세대,중개거래,서울 금천구
2025,11410,서대문구,11200,대현동,1,대지,90,77,유씨유 이대,20251220,18500,17.66,30.7403,4,,,2018,오피스텔,중개거래,서울 마포구
2025,11710,송파구,10900,장지동,1,대지,878,0,위례신도시송파푸르지오,20251220,150000,108.591,0,16,,,2015,아파트,중개거래,서울 송파구
2025,11530,구로구,10600,고척동,1,대지,241,162,뜰안에,20251220,20600,24.44,15,3,,,2017,연립다세대,중개거래,"서울 구로구, 서울 양천구"
2025,11470,양천구,10200,목동,1,대지,640,6,등촌빌라A동,20251220,18000,50.64,33,-1,,,1987,연립다세대,중개거래,서울 양천구
2025,11710,송파구,10600,삼전동,1,대지,180,21,두올파크101동,20251220,71000,97.76,48,5,,,2003,연립다세대,중개거래,서울 송파구
2025,11110,종로구,12400,수송동,1,대지,58,0,두산위브파빌리온,20251220,31000,37.42,50.2,3,,,2004,오피스텔,중개거래,"서울 강남구, 서울 종로구"
2025,11710,송파구,10900,장지동,1,대지,901,0,위례24단지(꿈에그린),20251220,212000,84.93,0,12,,,2013,아파트,중개거래,"경기 용인시 수지구, 서울 송파구"
2025,11500,강서구,10200,등촌동,1,대지,711,0,월드메르디앙,20251220,74500,59.79,0,15,,,2002,아파트,중개거래,서울 강서구
2025,11305,강북구,10100,미아동,1,대지,811,0,두산위브트레지움,20251220,85000,84.99,0,18,,,2011,아파트,중개거래,서울 강북구
2025,11350,노원구,10200,월계동,1,대지,951,0,월계센트럴아이파크,20251220,104500,84.99,0,8,,,2020,아파트,중개거래,서울 노원구
2025,11215,광진구,10400,광장동,1,대지,148,4,워커힐푸르지오,20251220,180000,92.4,0,11,,,1987,아파트,중개거래,서울 광진구
2025,11470,양천구,10200,목동,1,대지,907,0,현대월드타워,20251220,23500,38.22,54.78,23,,,1999,오피스텔,중개거래,서울 양천구
2025,11530,구로구,10200,구로동,1,대지,1260,0,이화우성,20251220,59000,59.82,0,13,,,1998,아파트,중개거래,서울 구로구
2025,11530,구로구,10800,오류동,1,대지,46,1,이좋은집,20251220,22400,36.69,0,8,,,2005,아파트,중개거래,서울 구로구
2025,11290,성북구,10300,돈암동,1,대지,636,0,이수브라운스톤돈암,20251220,80000,59.99,0,9,,,2004,아파트,중개거래,서울 성북구
2025,11470,양천구,10100,신정동,1,대지,946,15,우진맨션,20251220,21900,34.82,22,3,,,2003,연립다세대,중개거래,서울 양천구
2025,11230,동대문구,11000,이문동,1,대지,427,0,이문2차푸르지오,20251220,77000,84.98,0,9,,,2007,아파트,중개거래,"경기 광명시, 서울 동대문구"
2025,11290,성북구,13300,정릉동,1,대지,1033,0,우정에쉐르,20251220,67500,84.92,0,17,,,2009,아파트,중개거래,서울 성북구
2025,11500,강서구,10600,내발산동,1,대지,657,0,우장산힐스테이트,20251220,158000,84.98,0,12,,,2005,아파트,중개거래,서울 강서구
2025,11305,강북구,10100,미아동,1,대지,811,0,두산위브트레지움,20251220,77300,59.54,0,11,,,2011,아파트,중개거래,서울 강북구
2025,11530,구로구,10700,개봉동,1,대지,472,0,두산,20251220,48000,59.69,0,2,,,1997,아파트,중개거래,서울 구로구
2025,11380,은평구,10700,응암동,1,대지,739,0,응암동금호,20251220,67000,84.93,0,1,,,1998,아파트,중개거래,서울 은평구
2025,11500,강서구,10300,화곡동,1,대지,1159,0,"우장산아이파크,이편한세상",20251220,135000,84.97,0,2,,,2008,아파트,중개거래,서울 강서구
2025,11470,양천구,10100,신정동,1,대지,875,6,대형맨션,20251219,28000,78.18,48,1,,,1993,연립다세대,직거래,
2025,11590,동작구,10200,상도동,1,대지,450,0,상도동래미안1차,20251219,144000,84.959,0,5,,,2004,아파트,중개거래,"부산 북구, 서울 동작구"
2025,11350,노원구,10500,상계동,1,대지,626,0,상계주공14(고층),20251219,35500,45.55,0,1,,,1989,아파트,직거래,
2025,11350,노원구,10500,상계동,1,대지,749,5,상계주공4(고층),20251219,54500,49.94,0,13,,,1988,아파트,중개거래,서울 노원구
2025,11350,노원구,10500,상계동,1,대지,647,0,상계주공12(고층),20251219,50900,49.94,0,11,,,1988,아파트,중개거래,서울 노원구
2025,11350,노원구,10500,상계동,1,대지,666,0,상계주공10(고층),20251219,59000,59.2,0,5,,,1988,아파트,중개거래,서울 노원구
2025,11380,은평구,11000,증산동,1,대지,258,0,DMC센트럴자이(2단지),20251219,133000,59.97,0,3,,20260120,2023,아파트,중개거래,서울 은평구
2025,11470,양천구,10200,목동,1,대지,941,0,대원칸타빌2,20251219,143000,83.72,0,5,,,2003,아파트,중개거래,서울 양천구
2025,11560,영등포구,11000,여의도동,1,대지,55,1,대우트럼프월드,20251219,50000,40.22,54.56,4,,,2002,오피스텔,중개거래,서울 영등포구
2025,11710,송파구,11100,방이동,1,대지,22,0,대우유토피아오피스텔,20251219,22700,42.8,64.06,16,,,1999,오피스텔,중개거래,서울 송파구
2025,11560,영등포구,11800,도림동,1,대지,819,0,대우미래사랑,20251219,14500,29.57,41.36,8,,,2004,오피스텔,중개거래,서울 영등포구
2025,11440,마포구,12000,서교동,1,대지,487,0,대우미래사랑,20251219,30800,34.29,0,6,,,2005,아파트,중개거래,서울 마포구
2025,11740,강동구,10200,고덕동,1,대지,470,0,대우,20251219,139500,96,0,5,,,1986,아파트,중개거래,"서울 강동구, 서울 송파구"
2025,11530,구로구,10600,고척동,1,대지,296,0,대우,20251219,59500,59.96,0,14,,,1999,아파트,중개거래,서울 구로구
2025,11200,성동구,10800,응봉동,1,대지,15,0,대림강변타운,20251219,190000,84.42,0,13,,,2001,아파트,중개거래,서울 성동구
2025,11350,노원구,10500,상계동,1,대지,666,0,상계주공10(고층),20251219,60000,58.01,0,14,,,1988,아파트,중개거래,서울 노원구
2025,11530,구로구,10100,신도림동,1,대지,642,0,대림2,20251219,115500,59.9,0,18,,,2001,아파트,중개거래,서울 구로구
2025,11560,영등포구,11500,당산동5가,1,대지,43,0,당산센트럴아이파크,20251219,153000,46.98,0,13,,,2020,아파트,중개거래,서울 영등포구
2025,11560,영등포구,11300,당산동3가,1,대지,565,0,당산계룡리슈빌3단지,20251219,84000,49.993,0,15,,,2014,아파트,중개거래,서울 영등포구
2025,11740,강동구,10900,천호동,1,대지,167,57,다성 이즈빌,20251219,14000,14.91,21.32,7,,,2019,오피스텔,직거래,
2025,11740,강동구,10700,암사동,1,대지,495,5,남천빌라,20251219,43000,51.61,27,2,,,1991,연립다세대,중개거래,서울 강동구
2025,11290,성북구,13400,길음동,1,대지,1284,0,길음뉴타운8단지(래미안),20251219,123500,84.82,0,5,,,2010,아파트,중개거래,서울 성북구
2025,11290,성북구,13400,길음동,1,대지,1279,0,길음뉴타운1단지(래미안길음1차),20251219,113500,114.98,0,2,,,2003,아파트,중개거래,서울 성북구
2025,11590,동작구,10800,대방동,1,대지,13,5,금성빌라C,20251219,125000,36.89,32,-1,,,1989,연립다세대,중개거래,"서울 동작구, 서울 용산구"
2025,11470,양천구,10200,목동,1,대지,764,13,금상그랜드빌,20251219,30500,84.84,43,5,,,2002,연립다세대,직거래,
2025,11740,강동구,10800,성내동,1,대지,467,3,금강블루빌,20251219,33000,28.85,17,2,,,2017,연립다세대,직거래,
2025,11380,은평구,10200,녹번동,1,대지,146,6,금강블루빌,20251219,42000,59.99,24,6,,,2009,연립다세대,중개거래,서울 은평구
2025,11470,양천구,10300,신월동,1,대지,45,2,근상아트프리즘,20251219,4200,21.38,33.23,2,,,2002,오피스텔,중개거래,서울 영등포구
2025,11350,노원구,10200,월계동,1,대지,926,0,한일1,20251219,73800,84.942,0,14,,,1999,아파트,중개거래,서울 노원구
2025,11350,노원구,10400,하계동,1,대지,284,0,한신1,20251219,38500,35.28,0,5,,,1988,아파트,중개거래,서울 노원구
2025,11680,강남구,11800,도곡동,1,대지,464,0,한신(개포),20251219,300000,59.48,0,5,,,1985,아파트,중개거래,서울 마포구
2025,11230,동대문구,10700,청량리동,1,대지,60,0,한신,20251219,94500,114.95,0,11,,,1997,아파트,중개거래,서울 동대문구
2025,11230,동대문구,10700,청량리동,1,대지,60,0,한신,20251219,90000,84.92,0,18,,,1997,아파트,중개거래,서울 동대문구
2025,11590,동작구,10900,신대방동,1,대지,470,8,한성아파트,20251219,103000,59.87,0,2,,,1995,아파트,중개거래,서울 동작구
2025,11170,용산구,12500,한강로2가,1,대지,2,8,한강로벽산메가트리움,20251219,29400,30.29,45.12,12,,,2005,오피스텔,중개거래,서울 용산구
2025,11530,구로구,11200,항동,1,대지,242,0,하버라인3단지,20251219,68600,59.86,0,10,,,2019,아파트,중개거래,서울 구로구
2025,11710,송파구,10700,가락동,1,대지,196,3,프라임레지던스,20251219,130000,183,0,7,,,1994,아파트,중개거래,서울 송파구
2025,11350,노원구,10300,공릉동,1,대지,727,0,풍림아파트B,20251219,29000,31.32,0,7,,,2001,아파트,중개거래,서울 노원구
2025,11350,노원구,10300,공릉동,1,대지,725,0,풍림아파트A,20251219,110000,114.78,0,20,,,2001,아파트,중개거래,서울 노원구
2025,11260,중랑구,10100,면목동,1,대지,727,302,포르투나,20251219,59000,51.99,0,8,,,2024,아파트,직거래,
2025,11680,강남구,10800,논현동,1,대지,106,0,펜트힐캐스케이드,20251219,81000,43.01,0,7,,,2023,아파트,중개거래,서울 서초구
2025,11440,마포구,12300,망원동,1,대지,432,13,파란도시,20251219,28600,31.95,21,2,,,2008,연립다세대,중개거래,서울 마포구
2025,11305,강북구,10300,수유동,1,대지,741,0,칸타빌수유팰리스,20251219,86000,78.171,0,9,,,2022,아파트,중개거래,서울 강북구
2025,11740,강동구,10600,둔촌동,1,대지,461,4,최초의공감,20251219,41000,25.7,17,2,,,2019,연립다세대,직거래,
2025,11350,노원구,10200,월계동,1,대지,945,0,초안산쌍용스윗닷홈,20251219,60600,84.69,0,2,,,2006,아파트,중개거래,서울 노원구
2025,11710,송파구,10800,문정동,1,대지,624,0,송파 아이파크,20251219,27400,29.83,42.745,3,,,2015,오피스텔,중개거래,서울 송파구
2025,11380,은평구,10500,구산동,1,대지,13,1,송림아리채(13-1),20251219,24000,44.96,29,2,,,2021,연립다세대,중개거래,서울 은평구
2025,11350,노원구,10500,상계동,1,대지,765,0,상계주공1(고층),20251219,54000,59.39,0,4,,,1988,아파트,중개거래,서울 노원구
2025,11560,영등포구,13300,대림동,1,대지,650,0,성원(650),20251219,70000,84.66,0,15,,,1995,아파트,중개거래,서울 영등포구
2025,11650,서초구,10300,우면동,1,대지,61,0,성우,20251219,84900,84.91,96,1,,,1994,연립다세대,직거래,
2025,11530,구로구,10200,구로동,1,대지,1275,0,성삼하이츠,20251219,52000,58.58,0,15,,,2004,아파트,중개거래,서울 구로구
2025,11290,성북구,13600,하월곡동,1,대지,88,64,성북힐스테이트(101동),20251219,88000,84.69,0,15,,,2007,아파트,중개거래,서울 성북구
2025,11170,용산구,10800,서계동,1,대지,219,17,서울역풍림아이원플러스,20251219,27200,28.11,40.36,4,,,2004,오피스텔,중개거래,서울 중구
2025,11710,송파구,11400,마천동,1,대지,1,1,서울빌라트(가동),20251219,28000,57.12,36,1,,,1996,연립다세대,중개거래,서울 송파구
2025,11500,강서구,10200,등촌동,1,대지,638,0,서광등촌마을아파트,20251219,93000,84.93,0,15,,,1999,아파트,중개거래,서울 강서구
2025,11290,성북구,13600,하월곡동,1,대지,224,0,샹그레빌아파트,20251219,67000,79.248,0,16,,,2004,아파트,중개거래,서울 성북구
2025,11440,마포구,12700,상암동,1,대지,1736,0,상암월드컵파크10단지,20251219,98000,84.66,0,9,,,2010,아파트,중개거래,서울 마포구
2025,11440,마포구,12700,상암동,1,대지,1734,0,상암 한화 오벨리스크,20251219,11800,24.22,31.39,10,,,2013,오피스텔,중개거래,서울 마포구
2025,11440,마포구,11500,상수동,1,대지,396,0,상수두산위브,20251219,149000,84.79,0,1,,,2004,아파트,중개거래,서울 마포구
2025,11410,서대문구,11800,홍은동,1,대지,467,0,북한산두산위브,20251219,79000,59.54,0,19,,,2020,아파트,중개거래,서울 서대문구
2025,11290,성북구,11000,동소문동7가,1,대지,120,0,브라운스톤동선,20251219,112000,114.97,0,1,,,2010,아파트,직거래,
2025,11410,서대문구,11100,홍제동,1,대지,461,0,홍제삼성래미안,20251219,79500,60,0,9,,,2001,아파트,중개거래,서울 서대문구
2025,11530,구로구,10700,개봉동,1,대지,481,0,현대,20251219,89000,84.99,0,10,,,2001,아파트,중개거래,서울 구로구
2025,11215,광진구,10100,중곡동,1,대지,53,20,현대빌라,20251219,20500,40.62,19,3,,,1993,연립다세대,중개거래,서울 광진구
2025,11740,강동구,10900,천호동,1,대지,337,57,(337-57),20251219,30000,28.8,18,4,,,2017,연립다세대,직거래,
2025,11740,강동구,10800,성내동,1,대지,387,37,효성,20251219,31700,53.96,34,3,,,1993,연립다세대,중개거래,서울 강동구
2025,11590,동작구,10200,상도동,1,대지,259,21,(259-21),20251219,59500,39.88,27,1,,,1986,연립다세대,중개거래,"서울 동작구, 서울 서초구"
2025,11380,은평구,10700,응암동,1,대지,760,0,백련산힐스테이트2차,20251219,92000,114.66,0,2,,,2011,아파트,중개거래,서울 은평구
2025,11110,종로구,16800,동숭동,1,대지,129,23,(129-23),20251219,21000,46,22,4,,,1997,연립다세대,중개거래,서울 종로구
2025,11215,광진구,10300,구의동,1,대지,596,9,힐카운티9,20251219,35000,29.27,16,3,,,2017,연립다세대,중개거래,서울 광진구
2025,11740,강동구,10900,천호동,1,대지,43,29,삼성아트빌,20251219,33700,40.9,26,5,,,2010,연립다세대,중개거래,서울 강동구
2025,11350,노원구,10600,중계동,1,대지,598,0,한화꿈에그린,20251219,81750,84.902,0,13,,,2005,아파트,중개거래,서울 노원구
2025,11350,노원구,10300,공릉동,1,대지,109,0,비선아파트,20251219,55000,59.87,0,3,,,1999,아파트,중개거래,서울 노원구
2025,11560,영등포구,13200,신길동,1,대지,4934,0,삼성래미안,20251219,106500,84.91,0,7,,,2001,아파트,중개거래,서울 영등포구
2025,11545,금천구,10300,시흥동,1,대지,1010,0,벽산,20251219,38500,59.94,0,10,,,2000,아파트,중개거래,인천 미추홀구
2025,11230,동대문구,10300,제기동,1,대지,1178,0,(1178-0),20251219,5000,40.79,17,-1,,,1980,연립다세대,중개거래,서울 동대문구
2025,11290,성북구,13200,보문동3가,1,대지,2,0,현대I-PARK,20251219,92000,84.57,0,1,,,2003,아파트,중개거래,서울 성북구
2025,11500,강서구,10900,방화동,1,대지,579,0,한진로즈힐,20251219,70000,59.92,0,4,,,2004,아파트,중개거래,서울 강서구
2025,11590,동작구,10900,신대방동,1,대지,720,0,보라매e편한세상,20251219,157500,133.3,0,5,,,2010,아파트,중개거래,서울 동작구
2025,11710,송파구,11300,거여동,1,대지,46,0,현대3차,20251219,110000,84.94,0,7,,,1993,아파트,중개거래,서울 송파구
2025,11590,동작구,10700,사당동,1,대지,1006,17,(1006-17),20251219,33000,50.04,27,1,,,1996,연립다세대,직거래,
2025,11500,강서구,10200,등촌동,1,대지,518,10,흥양훼미리,20251219,38500,59.81,33,4,,,2001,연립다세대,중개거래,서울 강서구
2025,11290,성북구,12800,보문동6가,1,대지,458,0,보문파크뷰자이,20251219,91600,45.81,0,13,,,2017,아파트,중개거래,서울 성북구
2025,11530,구로구,10900,궁동,1,대지,92,4,현대빌라(라동)(92-4),20251219,19200,50.13,34,4,,,2002,연립다세대,중개거래,서울 구로구
2025,11560,영등포구,12700,양평동3가,1,대지,105,0,삼익플라주201동,20251219,82000,84.55,0,2,,,2012,아파트,중개거래,서울 영등포구
2025,11530,구로구,10700,개봉동,1,대지,480,0,현대홈타운,20251219,69800,59.49,0,7,,,2001,아파트,중개거래,서울 구로구
2025,11140,중구,16200,신당동,1,대지,432,412,(432-412),20251219,10000,36.1,18,1,,,1996,연립다세대,직거래,
2025,11560,영등포구,12400,문래동6가,1,대지,46,0,현대1차,20251219,71900,64.38,0,1,,,1986,아파트,중개거래,서울 영등포구
2025,11545,금천구,10200,독산동,1,대지,941,2,(시대맨션빌),20251219,23500,60.41,31,2,,,2001,연립다세대,중개거래,서울 금천구
2025,11710,송파구,10400,송파동,1,대지,111,10,111-10,20251219,35000,29.54,17,6,,,2016,연립다세대,중개거래,서울 송파구
2025,11620,관악구,10200,신림동,,,,,,20251219,83000,60.96,99,,,,1972,단독다가구,중개거래,서울 관악구
2025,11215,광진구,10100,중곡동,1,대지,113,1,현대빌라(113-1),20251219,31700,49.72,21,1,,,1994,연립다세대,중개거래,서울 광진구
2025,11500,강서구,10200,등촌동,1,대지,561,1,대림e편한세상,20251219,98000,84.96,0,7,,20260109,2002,아파트,중개거래,서울 양천구
2025,11500,강서구,10100,염창동,1,대지,288,0,현대1,20251219,106500,84.96,0,13,,,1994,아파트,중개거래,서울 강서구
2025,11380,은평구,10400,갈현동,1,대지,395,2,효민아크로뷰,20251219,45000,29.92,0,10,,,2024,아파트,직거래,
2025,11440,마포구,12300,망원동,1,대지,384,48,(384-48),20251219,24000,22.82,18,4,,,2008,연립다세대,중개거래,서울 마포구
2025,11560,영등포구,11800,도림동,,,,,,20251219,30000,90.48,66,,,,1992,단독다가구,중개거래,서울 강동구
2025,11350,노원구,10300,공릉동,1,대지,714,0,삼익4단지아파트,20251219,37000,39.6,0,2,,,1994,아파트,중개거래,서울 노원구
2025,11380,은평구,10900,신사동,1,대지,19,117,홍익,20251219,50300,84.5,0,5,,,1995,아파트,중개거래,서울 은평구
2025,11380,은평구,10100,수색동,1,대지,417,0,DMC롯데캐슬더퍼스트,20251219,107000,59.96,0,5,,,2021,아파트,중개거래,"경기 고양시 일산동구, 서울 은평구"
2025,11440,마포구,12700,상암동,1,대지,1630,0,DMC상암센트럴파크1단지,20251219,120000,84.91,0,4,,,2009,아파트,중개거래,서울 마포구
2025,11500,강서구,10300,화곡동,1,대지,29,20,화성그랜드빌라,20251219,24200,62.61,32,1,,,1997,연립다세대,중개거래,서울 강서구
2025,11410,서대문구,11800,홍은동,1,대지,202,5,"현대(1,2차)",20251219,62000,59.96,0,4,,,1988,아파트,중개거래,서울 서대문구
2025,11350,노원구,10200,월계동,1,대지,929,0,현대,20251219,87000,84.98,0,19,,,2000,아파트,중개거래,서울 노원구
2025,11740,강동구,10600,둔촌동,1,대지,135,1,현대3,20251219,80000,69.3,0,12,,,1988,아파트,중개거래,서울 강동구
2025,11530,구로구,10700,개봉동,1,대지,481,0,현대,20251219,93000,114.99,0,20,,,2001,아파트,중개거래,"서울 구로구, 서울 영등포구"
2025,11560,영등포구,13200,신길동,1,대지,4969,0,힐스테이트클래시안,20251219,182000,84.86,0,11,,,2020,아파트,중개거래,"경기 안양시 동안구, 서울 영등포구"
2025,11410,서대문구,10500,냉천동,1,대지,261,0,돈의문센트레빌,20251219,163000,84.99,0,13,,,2011,아파트,중개거래,서울 서대문구
2025,11380,은평구,11400,진관동,1,대지,100,0,은평헤스티아,20251219,11000,23.19,34.82,3,,,2015,오피스텔,중개거래,서울 은평구
2025,11380,은평구,11400,진관동,1,대지,60,0,은평뉴타운솔하임,20251219,13500,14.235,0,18,,,2017,아파트,중개거래,서울 은평구
2025,11380,은평구,11400,진관동,1,대지,100,2,은평뉴타운 신한 헤센스마트,20251219,11500,20.04,32.2,14,,,2017,오피스텔,중개거래,서울 은평구
2025,11710,송파구,10900,장지동,1,대지,901,0,위례24단지(꿈에그린),20251219,150000,54.12,0,13,,,2013,아파트,중개거래,서울 송파구
2025,11470,양천구,10200,목동,1,대지,324,103,월드메르디앙(324-103),20251219,27800,29.58,18,2,,,2017,연립다세대,중개거래,"서울 양천구, 서울 중구"
2025,11410,서대문구,11800,홍은동,1,대지,397,20,월드마이홈,20251219,37500,63.89,28,3,,,2006,연립다세대,중개거래,서울 서대문구
2025,11290,성북구,13600,하월곡동,1,대지,222,0,월곡두산위브,20251219,89700,84.843,0,19,,,2003,아파트,중개거래,서울 성북구
2025,11740,강동구,10800,성내동,1,대지,592,0,원다빌2,20251219,79000,83.33,0,1,,,2002,아파트,중개거래,서울 강동구
2025,11620,관악구,10200,신림동,1,대지,598,45,운서빌라트2,20251219,30800,61.2,26,3,,,2000,연립다세대,중개거래,"서울 관악구, 서울 서초구"
2025,11200,성동구,10700,행당동,1,대지,304,7,우정빌라,20251219,74000,66.51,30,4,,,1994,연립다세대,중개거래,서울 성동구
2025,11500,강서구,10300,화곡동,1,대지,1104,14,우장산아인스빌,20251219,17500,31.57,16,7,,,2011,연립다세대,중개거래,서울 강서구
2025,11320,도봉구,10700,창동,1,대지,608,17,우성하이츠빌라,20251219,17300,37.83,16,1,,,1995,연립다세대,중개거래,서울 도봉구
2025,11530,구로구,10200,구로동,1,대지,1284,0,우성에비뉴,20251219,69500,84.991,0,14,,,2008,아파트,중개거래,"서울 구로구, 서울 동작구"
2025,11320,도봉구,10600,방학동,1,대지,507,0,우성아파트1,20251219,44000,83.85,0,1,,,1992,아파트,중개거래,서울 도봉구
2025,11560,영등포구,13200,신길동,1,대지,4518,0,우성2,20251219,130000,64.4,0,12,,,1986,아파트,중개거래,"서울 동작구, 서울 송파구"
2025,11500,강서구,10100,염창동,1,대지,287,1,우성2,20251219,102500,84.7,0,13,,,1992,아파트,중개거래,서울 강서구
2025,11620,관악구,10200,신림동,1,대지,1715,0,우방,20251219,63100,59.74,0,11,,,1999,아파트,중개거래,서울 관악구
2025,11710,송파구,11200,오금동,1,대지,138,0,우방,20251219,84000,59.72,0,6,,,2001,아파트,중개거래,서울 송파구
2025,11380,은평구,11400,진관동,1,대지,88,0,우물골2단지두산위브(209~222동)BL2-8,20251219,90000,84.54,0,3,,,2009,아파트,중개거래,서울 은평구
2025,11110,종로구,11800,내수동,1,대지,75,0,용비어천가,20251219,28000,37.56,47.57,10,,,2004,오피스텔,중개거래,서울 종로구
2025,11170,용산구,12100,용문동,1,대지,38,17,용문파크빌,20251219,42200,15.66,12,4,,,2013,연립다세대,중개거래,서울 용산구
2025,11260,중랑구,10100,면목동,1,대지,1077,1,용마한신,20251219,47700,59.22,0,3,,,1990,아파트,중개거래,서울 중랑구
2025,11260,중랑구,10100,면목동,1,대지,1077,1,용마한신,20251219,48000,59.22,0,3,,20251219,1990,아파트,중개거래,서울 중랑구
2025,11560,영등포구,12600,양평동2가,1,대지,37,3,오목교투웨니퍼스트,20251219,28000,28.63,37.02,8,,,2017,오피스텔,중개거래,서울 영등포구
2025,11560,영등포구,12600,양평동2가,1,대지,39,1,오목교벽산블루밍,20251219,91300,84.97,0,18,,,1996,아파트,중개거래,서울 영등포구
2025,11530,구로구,10800,오류동,1,대지,342,0,영풍마드레빌,20251219,63000,59.819,0,14,,,2002,아파트,중개거래,서울 구로구
2025,11710,송파구,11400,마천동,1,대지,364,7,영아트빌,20251219,98000,40.32,20,3,,,2003,연립다세대,중개거래,서울 송파구
2025,11560,영등포구,10100,영등포동,1,대지,647,0,영등포푸르지오,20251219,148000,79.777,0,19,,,2002,아파트,중개거래,서울 영등포구
2025,11380,은평구,10800,역촌동,1,대지,232,0,역촌센트레빌,20251219,70500,84.99,0,3,,,2011,아파트,중개거래,서울 은평구
2025,11560,영등포구,11000,여의도동,1,대지,47,0,여의도자이,20251219,130000,82.48,113.58,27,,,2008,오피스텔,중개거래,서울 영등포구
2025,11290,성북구,13800,장위동,1,대지,320,0,래미안장위퍼스트하이,20251219,122000,84.94,0,12,,,2020,아파트,중개거래,"서울 성북구, 서울 중랑구"
2025,11590,동작구,10200,상도동,1,대지,431,0,래미안상도3차,20251219,164500,84.96,0,13,,,2004,아파트,중개거래,서울 동작구
2025,11650,서초구,10100,방배동,1,대지,818,14,래미안 원페를라,20251219,265000,84.68,0,9,분양권,,0,아파트,중개거래,대구 수성구
2025,11500,강서구,10200,등촌동,1,대지,521,8,등촌그린파크,20251219,27000,16.49,14,4,,,2019,연립다세대,중개거래,"서울 강서구, 서울 양천구"
2025,11230,동대문구,10500,답십리동,1,대지,990,0,두산,20251219,97500,114.97,0,11,,,2000,아파트,중개거래,서울 동대문구
2025,11440,마포구,12300,망원동,1,대지,408,13,동호쉐르빌(408-13),20251219,47000,52.96,38,3,,,2007,연립다세대,중개거래,서울 마포구
2025,11590,동작구,10600,동작동,1,대지,102,12,동작시티빌,20251219,64400,84.66,46,2,,,1997,연립다세대,중개거래,서울 동작구
2025,11590,동작구,10200,상도동,1,대지,528,0,동원베네스트,20251219,149800,84.97,0,6,,,2008,아파트,중개거래,서울 동작구
2025,11260,중랑구,10200,상봉동,1,대지,32,1,동성네스트빌1동,20251219,40300,71.1,0,5,,,2003,아파트,중개거래,서울 중랑구
2025,11530,구로구,10800,오류동,1,대지,236,5,동부그린,20251219,33200,39.765,77,2,,,1976,연립다세대,중개거래,서울 구로구
2025,11140,중구,14500,광희동1가,1,대지,145,2,동대문D플레이스,20251219,31500,25.49,37.0834,5,,,2022,오피스텔,중개거래,서울 중구
2025,11140,중구,14500,광희동1가,1,대지,145,2,동대문D플레이스,20251219,32500,24.34,34.904,10,,,2022,오피스텔,중개거래,서울 중구
2025,11440,마포구,11500,상수동,1,대지,354,23,동광리버하임,20251219,139500,90.52,101.799,5,,,2005,오피스텔,중개거래,서울 마포구
2025,11650,서초구,10300,우면동,1,대지,59,0,동고,20251219,150000,84.96,0,1,,,1995,아파트,중개거래,서울 서초구
2025,11380,은평구,11000,증산동,1,대지,164,20,더플레이스,20251219,35000,52.52,25,4,,,2015,연립다세대,중개거래,서울 서대문구
2025,11710,송파구,10200,신천동,1,대지,11,8,더？스타리버,20251219,50000,43.32,61.616,2,,,2006,오피스텔,중개거래,서울 송파구
2025,11560,영등포구,12100,문래동3가,1,대지,83,3,문래동대동오피스텔,20251219,14200,30.11,39.76,5,,,1998,오피스텔,직거래,
2025,11710,송파구,10800,문정동,1,대지,145,0,문정시영,20251219,103000,46.26,0,8,,,1989,아파트,중개거래,서울 송파구
2025,11380,은평구,10200,녹번동,1,대지,35,61,루체비스타,20251219,37900,47.41,28,6,,,2018,연립다세대,중개거래,서울 은평구
2025,11710,송파구,10100,잠실동,1,대지,22,0,리센츠,20251219,349000,84.99,0,23,,,2008,아파트,중개거래,서울 송파구
2025,11215,광진구,10200,능동,1,대지,239,42,로뎀하우스,20251219,12000,11.02,6,4,,,2009,연립다세대,중개거래,서울 광진구
2025,11215,광진구,10200,능동,1,대지,239,42,로뎀하우스,20251219,13000,11.25,7,4,,,2009,연립다세대,중개거래,서울 광진구
2025,11710,송파구,11100,방이동,1,대지,22,5,잠실리시온,20251219,34700,43.05,56.73,15,,,2004,오피스텔,중개거래,서울 송파구
2025,11500,강서구,10900,방화동,1,대지,280,1,마곡라테라스,20251219,25000,28.93,15,5,,,2018,연립다세대,중개거래,서울 강서구
2025,11500,강서구,10600,내발산동,1,대지,741,0,마곡수명산파크2단지,20251219,121000,84.53,0,4,,,2007,아파트,중개거래,서울 강서구
2025,11380,은평구,10700,응암동,1,대지,112,2,미가오피스텔,20251219,11500,21.66,31.1394,4,,,null,오피스텔,중개거래,서울 은평구
2025,11230,동대문구,10600,장안동,1,대지,391,23,레이크시티(391-23),20251219,25000,29.9,19,6,,,2016,연립다세대,중개거래,서울 동대문구
2025,11215,광진구,10200,능동,1,대지,239,42,로뎀하우스,20251219,11000,11.58,6,4,,,2009,연립다세대,중개거래,서울 광진구
2025,11230,동대문구,10600,장안동,1,대지,336,0,장안현대홈타운(336),20251219,130000,133.72,0,9,,,2003,아파트,중개거래,서울 동대문구
2025,11440,마포구,10200,공덕동,1,대지,461,0,마포 신영 지웰,20251219,25000,27.05,37.786,8,,,2004,오피스텔,직거래,
2025,11440,마포구,12200,합정동,1,대지,473,0,마포 한강 2차 푸르지오,20251219,25300,25.49,42.123,30,,,2016,오피스텔,직거래,
2025,11320,도봉구,10700,창동,1,대지,38,0,주공17단지,20251219,30800,36.16,0,11,,,1989,아파트,중개거래,서울 도봉구
2025,11215,광진구,10100,중곡동,1,대지,234,44,메이져빌,20251219,44500,29.54,19,6,,,2015,연립다세대,중개거래,서울 광진구
2025,11350,노원구,10600,중계동,1,대지,363,1,주공7,20251219,38800,44.1,0,6,,,1993,아파트,중개거래,서울 노원구
2025,11530,구로구,10200,구로동,1,대지,1260,0,이화우성,20251219,59000,59.82,0,16,,,1998,아파트,중개거래,서울 구로구
2025,11710,송파구,10100,잠실동,1,대지,27,0,주공아파트 5단지,20251219,387700,76.5,0,2,,,1978,아파트,중개거래,서울 송파구
2025,11710,송파구,10400,송파동,1,대지,111,10,111-10,20251219,35000,29.54,17,6,,20260309,2016,연립다세대,중개거래,서울 송파구
2025,11710,송파구,10100,잠실동,1,대지,27,0,주공아파트 5단지,20251219,422500,82.61,0,5,,,1978,아파트,중개거래,서울 송파구
2025,11560,영등포구,13200,신길동,1,대지,2363,0,메트하임,20251219,51800,49.026,0,7,,,2017,아파트,중개거래,"서울 영등포구, 서울 용산구"
2025,11215,광진구,10200,능동,1,대지,239,42,로뎀하우스,20251219,16500,12.15,10,2,,,2009,연립다세대,중개거래,서울 광진구
2025,11215,광진구,10200,능동,1,대지,239,42,로뎀하우스,20251219,15800,12.74,10,2,,,2009,연립다세대,중개거래,서울 광진구
2025,11500,강서구,10300,화곡동,1,대지,105,477,명성아트맨션,20251219,18500,31.38,21,2,,,1991,연립다세대,중개거래,서울 강서구
2025,11470,양천구,10200,목동,1,대지,901,0,목동신시가지1,20251219,175000,47.52,0,3,,,1985,아파트,중개거래,서울 양천구
2025,11470,양천구,10200,목동,1,대지,901,0,목동신시가지1,20251219,232000,65.34,0,3,,,1985,아파트,중개거래,서울 양천구
2025,11650,서초구,10700,반포동,1,대지,18,1,래미안퍼스티지,20251219,515000,84.93,0,2,,,2009,아파트,중개거래,서울 서초구
2025,11470,양천구,10200,목동,1,대지,904,0,목동신시가지4,20251219,187000,47.25,0,15,,,1986,아파트,중개거래,서울 양천구
2025,11200,성동구,10200,하왕십리동,1,대지,992,0,무학현대,20251219,104000,84.495,0,1,,,1996,아파트,중개거래,서울 성동구
2025,11560,영등포구,12300,문래동5가,1,대지,1,0,문래대림,20251219,88000,84.92,0,7,,,2000,아파트,중개거래,서울 영등포구
2025,11620,관악구,10100,봉천동,1,대지,1712,0,관악드림(동아),20251219,97000,59.83,0,18,,20251229,2003,아파트,중개거래,서울 관악구
2025,11560,영등포구,11100,당산동1가,1,대지,16,1,진로,20251219,109500,59.4,0,23,,,1997,아파트,중개거래,서울 영등포구
2025,11590,동작구,10900,신대방동,1,대지,713,0,롯데낙천대,20251219,101000,55.456,0,4,,,2003,아파트,중개거래,서울 동작구
2025,11320,도봉구,10700,창동,1,대지,347,0,창동주공3단지(해등마을),20251219,56900,49.94,0,2,,,1990,아파트,중개거래,서울 도봉구
2025,11530,구로구,10600,고척동,1,대지,326,0,청구,20251219,55000,59.94,0,19,,,1999,아파트,중개거래,서울 구로구
2025,11350,노원구,10300,공릉동,1,대지,269,2,청구빌아파트,20251219,43500,78.51,0,5,,,2004,아파트,중개거래,서울 노원구
2025,11710,송파구,10700,가락동,1,대지,198,9,가락현대투웰브(101동),20251219,108000,105.02,0,3,,,2005,아파트,중개거래,서울 송파구
2025,11545,금천구,10200,독산동,1,대지,234,33,에이원빌,20251219,22150,33.07,20,4,,,2012,연립다세대,중개거래,서울 금천구
2025,11305,강북구,10100,미아동,1,대지,1353,0,에스케이북한산시티,20251219,74500,84.76,0,16,,,2004,아파트,중개거래,서울 강북구
2025,11710,송파구,11100,방이동,1,대지,47,2,에비뉴잠실,20251219,41000,41.45,52.69,7,,,2020,오피스텔,중개거래,서울 송파구
2025,11560,영등포구,12900,양평동5가,1,대지,76,0,양평한신,20251219,110000,59.94,0,11,,,1996,아파트,중개거래,서울 영등포구
2025,11680,강남구,10800,논현동,1,대지,276,1,아크로힐스논현,20251219,290000,84.074,0,22,,,2014,아파트,중개거래,서울 강남구
2025,11290,성북구,13500,종암동,1,대지,131,0,아이파크종암동2차,20251219,96300,84.73,0,16,,,2005,아파트,중개거래,서울 성북구
2025,11680,강남구,10100,역삼동,1,대지,778,11,아이리스,20251219,38000,23.2,14,3,,,2010,연립다세대,중개거래,서울 강남구
2025,11680,강남구,10100,역삼동,1,대지,778,11,아이리스,20251219,36000,22.04,13,2,,,2010,연립다세대,중개거래,서울 강남구
2025,11260,중랑구,10500,망우동,1,대지,506,22,아스테르아파트,20251219,59000,50.85,0,18,,,2024,아파트,직거래,
2025,11740,강동구,10900,천호동,1,대지,311,0,아메스빌,20251219,35000,27.08,20,2,,,2010,연립다세대,중개거래,서울 서초구
2025,11110,종로구,17100,명륜2가,1,대지,4,0,아남1,20251219,110000,84.9,0,4,,,1995,아파트,중개거래,서울 종로구
2025,11710,송파구,11200,오금동,1,대지,29,0,쌍용스윗닷홈1단지,20251219,138500,84.94,0,3,,,2005,아파트,중개거래,서울 송파구
2025,11230,동대문구,11000,이문동,1,대지,64,0,쌍용,20251219,87000,59.99,0,16,,,2000,아파트,중개거래,서울 동대문구
2025,11710,송파구,10300,풍납동,1,대지,401,1,쌍용,20251219,147000,84.86,0,11,,,1994,아파트,중개거래,"경기 하남시, 서울 송파구"
2025,11740,강동구,10900,천호동,1,대지,290,13,신주리버빌,20251219,42000,26.4,18,2,,,2020,연립다세대,중개거래,서울 서초구
2025,11500,강서구,10500,마곡동,1,대지,422,0,신안,20251219,106000,84.97,0,11,,,1993,아파트,중개거래,서울 강서구
2025,11590,동작구,10100,노량진동,1,대지,325,0,신동아리버파크,20251219,116000,59.67,0,1,,,2001,아파트,중개거래,서울 동작구
2025,11590,동작구,10400,본동,1,대지,481,0,신동아,20251219,148000,104.7,0,12,,,1993,아파트,중개거래,"경기 성남시 분당구, 서울 동작구"
2025,11200,성동구,10700,행당동,1,대지,344,0,신동아,20251219,120000,59.97,0,9,,,1995,아파트,중개거래,서울 성동구
2025,11530,구로구,10200,구로동,1,대지,1267,0,신도림태영타운,20251219,120000,84.87,0,15,,,2000,아파트,중개거래,서울 구로구
2025,11140,중구,16200,신당동,1,대지,850,0,신당푸르지오,20251219,170000,145.1,0,18,,,2005,아파트,중개거래,서울 중구
2025,11545,금천구,10300,시흥동,1,대지,864,0,시흥,20251219,27550,60,61,3,,,1980,연립다세대,직거래,
2025,11710,송파구,10600,삼전동,1,대지,91,10,승리빌라트(91-10),20251219,56800,63.12,29,3,,,2002,연립다세대,중개거래,서울 송파구
2025,11710,송파구,10600,삼전동,1,대지,91,10,승리빌라트(91-10),20251219,38000,40.39,18,2,,,2002,연립다세대,중개거래,서울 송파구
2025,11215,광진구,10100,중곡동,1,대지,638,6,스위트빌,20251219,25500,43.875,20,3,,,2002,연립다세대,중개거래,서울 광진구
2025,11170,용산구,13300,서빙고동,1,대지,293,0,그린파크(코오롱하늘채),20251219,184000,84.99,0,5,,,2000,아파트,중개거래,서울 용산구
2025,11380,은평구,11400,진관동,1,대지,27,0,구파발10단지어울림(1011~1019동)BL3-1,20251219,97500,101.84,0,6,,,2010,아파트,중개거래,서울 은평구
2025,11215,광진구,10700,화양동,1,대지,21,20,광진캠퍼스시티,20251219,13900,16.083,26.414,4,,,2017,오피스텔,중개거래,서울 광진구
2025,11620,관악구,10100,봉천동,1,대지,1728,0,관악파크푸르지오,20251219,102000,84.99,0,16,,,2014,아파트,중개거래,서울 관악구
2025,11620,관악구,10100,봉천동,1,대지,1712,0,관악드림(동아),20251219,97000,59.83,0,18,,,2003,아파트,중개거래,서울 관악구
2025,11440,마포구,10200,공덕동,1,대지,457,0,공덕3삼성래미안,20251219,225000,84.98,0,17,,,2004,아파트,중개거래,서울 마포구
2025,11530,구로구,10600,고척동,1,대지,343,0,고척월드메르디앙,20251219,83000,84.93,0,6,,,2011,아파트,중개거래,서울 구로구
2025,11740,강동구,10100,명일동,1,대지,257,0,고덕주공9,20251219,166000,83.52,0,1,,,1985,아파트,중개거래,서울 강동구
2025,11740,강동구,10300,상일동,1,대지,521,0,고덕자이,20251219,200000,84.971,0,26,,,2021,아파트,중개거래,서울 강동구
2025,11740,강동구,10300,상일동,1,대지,514,0,고덕롯데캐슬베네루체,20251219,174000,84.146,0,2,,,2019,아파트,중개거래,서울 강동구
2025,11110,종로구,11800,내수동,1,대지,72,0,경희궁의 아침 3단지,20251219,31000,37.5,48.95,5,,,2004,오피스텔,중개거래,서울 종로구
2025,11305,강북구,10100,미아동,1,대지,1356,0,경남아너스빌(1356-0),20251219,88000,114.922,0,19,,,2003,아파트,중개거래,서울 강북구
2025,11680,강남구,10300,개포동,1,대지,1284,0,개포자이프레지던스,20251219,427000,84.597,0,6,,,2023,아파트,중개거래,서울 강남구
2025,11530,구로구,10700,개봉동,1,대지,492,0,개봉푸르지오,20251219,89500,84.94,0,25,,,2014,아파트,중개거래,서울 구로구
2025,11740,강동구,11000,강일동,1,대지,695,0,강일리버파크10단지,20251219,144000,114.81,0,14,,,2009,아파트,중개거래,서울 강동구
2025,11560,영등포구,11700,당산동,1,대지,376,0,강변래미안,20251219,153000,79.43,0,10,,,2002,아파트,중개거래,서울 영등포구
2025,11500,강서구,10400,가양동,1,대지,448,11,가양글로벌퍼스트,20251219,25900,28.12,36.55,14,,,2018,오피스텔,중개거래,서울 강서구
2025,11545,금천구,10100,가산동,1,대지,233,5,가산센트럴 푸르지오시티,20251219,13000,17.62,25.321,5,,,2020,오피스텔,중개거래,서울 금천구
2025,11710,송파구,10100,잠실동,1,대지,312,23,valuevill,20251219,45000,37.28,18,2,,,2002,연립다세대,중개거래,서울 송파구
2025,11560,영등포구,11300,당산동3가,1,대지,558,3,THE PARK 365,20251219,69000,94.17,128.6,8,,,2007,오피스텔,중개거래,서울 영등포구
2025,11620,관악구,10100,봉천동,1,대지,1667,63,ROCKSTAY(1667-63),20251219,38800,49.26,30,3,,,2017,연립다세대,중개거래,서울 관악구
2025,11500,강서구,10900,방화동,1,대지,814,0,방화5,20251219,64800,49.77,0,5,,20260119,1994,아파트,중개거래,서울 강서구
2025,11380,은평구,10700,응암동,,,,,,20251219,63000,199.38,135,,,,1989,단독다가구,직거래,
2025,11290,성북구,13800,장위동,,,,,,20251219,75000,172.26,99,,,,1993,단독다가구,중개거래,서울 성북구
2025,11470,양천구,10100,신정동,,,,,,20251219,103000,168.46,98,,,,1994,단독다가구,중개거래,서울 양천구
2025,11320,도봉구,10700,창동,1,대지,808,0,동아청솔,20251218,102500,84.97,0,20,,,1997,아파트,중개거래,서울 도봉구
2025,11500,강서구,10800,공항동,1,대지,692,6,윈스턴빌,20251218,23400,40.62,23,2,,,2007,연립다세대,직거래,
2025,11290,성북구,13500,종암동,1,대지,134,0,래미안라센트,20251218,129000,84.99,0,19,,,2011,아파트,중개거래,서울 성북구
2025,11590,동작구,10200,상도동,1,대지,431,0,래미안상도3차,20251218,166500,84.96,0,9,,,2004,아파트,중개거래,서울 동작구
2025,11560,영등포구,13200,신길동,1,대지,4945,0,래미안영등포프레비뉴,20251218,150000,59.99,0,6,,,2015,아파트,중개거래,서울 영등포구
2025,11500,강서구,10900,방화동,1,대지,830,1,에어뷰21-2오피스텔,20251218,7800,26.22,30.6,8,,,1999,오피스텔,중개거래,서울 강서구
2025,11215,광진구,10100,중곡동,1,대지,242,22,에이블,20251218,40000,25.93,17,5,,,2022,연립다세대,중개거래,서울 광진구
2025,11215,광진구,10300,구의동,1,대지,648,16,에이원빌리지,20251218,39500,34.18,21,3,,,2015,연립다세대,중개거래,서울 광진구
2025,11215,광진구,10400,광장동,1,대지,148,4,워커힐푸르지오,20251218,128000,69,0,9,,,1987,아파트,중개거래,서울 광진구
2025,11590,동작구,10900,신대방동,1,대지,719,0,동작상떼빌,20251218,40800,62.43,88.31,18,,,2006,오피스텔,중개거래,서울 동작구
2025,11560,영등포구,10300,영등포동2가,1,대지,94,154,여의도디앤써밋,20251218,28800,19.02,4,20,,,2019,연립다세대,중개거래,서울 영등포구
2025,11560,영등포구,13200,신길동,1,대지,89,119,영모던빌,20251218,60000,30,19,3,,,2017,연립다세대,중개거래,서울 영등포구
2025,11500,강서구,10300,화곡동,1,대지,932,8,오케이파크빌(932-8),20251218,29000,38.92,21,2,,,2015,연립다세대,직거래,
2025,11170,용산구,11100,청파동3가,1,대지,80,6,용산 다올 노블리움,20251218,20700,18.14,24.79,12,,,2020,오피스텔,중개거래,서울 용산구
2025,11170,용산구,12500,한강로2가,1,대지,420,0,용산푸르지오써밋,20251218,46000,27.642,43.351,30,,,2017,오피스텔,중개거래,서울 용산구
2025,11530,구로구,11200,항동,1,대지,244,0,우남퍼스트빌더센트럴,20251218,73000,84.914,0,7,,,2020,아파트,중개거래,서울 구로구
2025,11215,광진구,10300,구의동,1,대지,26,3,욱현빌라(26-3),20251218,23700,37.1,18,4,,,1996,연립다세대,중개거래,서울 광진구
2025,11230,동대문구,10900,휘경동,1,대지,117,0,동양2차,20251218,85500,113.607,0,6,,,2002,아파트,중개거래,서울 동대문구
2025,11320,도봉구,10700,창동,1,대지,26,0,동아,20251218,99800,109.5,0,2,,,1988,아파트,중개거래,"서울 노원구, 서울 도봉구"
2025,11530,구로구,10700,개봉동,1,대지,472,0,두산,20251218,70000,111.69,0,13,,,1997,아파트,중개거래,서울 구로구
2025,11470,양천구,10200,목동,1,대지,532,11,스타빌라(532-11),20251218,21000,70.74,31,-1,,20260123,2002,연립다세대,중개거래,"서울 강서구, 인천 남동구"
2025,11305,강북구,10100,미아동,1,대지,811,0,두산위브트레지움,20251218,73000,59.99,0,5,,,2011,아파트,중개거래,"서울 강동구, 서울 강북구"
2025,11530,구로구,10800,오류동,1,대지,338,0,동부골든,20251218,64500,105.21,0,14,,,1998,아파트,중개거래,서울 구로구
2025,11590,동작구,10200,상도동,1,대지,302,21,동방빌라(302-21),20251218,29800,62.51,35,-1,,,1997,연립다세대,중개거래,서울 동작구
2025,11470,양천구,10300,신월동,1,대지,607,1,동방,20251218,48900,75.42,0,8,,,1999,아파트,중개거래,서울 양천구
2025,11290,성북구,10300,돈암동,1,대지,1,0,돈암현대아파트,20251218,74000,84.8,0,6,,,1991,아파트,중개거래,서울 성북구
2025,11290,성북구,10300,돈암동,1,대지,644,0,돈암코오롱하늘채,20251218,117000,84.877,0,4,,,2016,아파트,중개거래,서울 성북구
2025,11500,강서구,10200,등촌동,1,대지,647,79,도화프라우스,20251218,20225,29.76,17,2,,,2012,연립다세대,중개거래,서울 강서구
2025,11350,노원구,10500,상계동,1,대지,1110,0,두산,20251218,46800,59.97,0,14,,,1994,아파트,중개거래,서울 노원구
2025,11260,중랑구,10300,중화동,1,대지,326,77,디아이빌B동,20251218,46000,46.68,27,5,,,2025,연립다세대,중개거래,서울 중랑구
2025,11590,동작구,10700,사당동,1,대지,44,179,디에스리브1단지,20251218,36500,27.76,21,3,,,2021,연립다세대,중개거래,서울 동작구
2025,11440,마포구,12500,성산동,1,대지,20,19,라비앙로즈,20251218,35000,31.38,19,5,,,2019,연립다세대,중개거래,서울 마포구
2025,11680,강남구,10100,역삼동,1,대지,777,30,한빛위너스,20251218,55000,29.09,10,4,,20251224,2016,연립다세대,중개거래,"서울 강남구, 서울 서초구"
2025,11350,노원구,10300,공릉동,1,대지,81,0,태강아파트(아이파크),20251218,63000,59.38,0,2,,,1999,아파트,중개거래,서울 노원구
2025,11590,동작구,10200,상도동,1,대지,301,28,푸른주택,20251218,30000,29.35,18,5,,,2020,연립다세대,직거래,
2025,11380,은평구,10800,역촌동,1,대지,13,17,명신주택(13-17),20251218,15000,30.54,12,1,,,1993,연립다세대,중개거래,서울 은평구
2025,11710,송파구,10800,문정동,1,대지,618,0,파크하비오,20251218,74800,58.84,74.57,12,,,null,오피스텔,중개거래,"경기 포천시, 서울 송파구"
2025,11350,노원구,10200,월계동,1,대지,13,0,미성,20251218,63700,33.28,0,1,,,1986,아파트,중개거래,서울 노원구
2025,11230,동대문구,10500,답십리동,1,대지,470,33,파크팰리스,20251218,47000,25.79,16,4,,,2021,연립다세대,중개거래,서울 동대문구
2025,11215,광진구,10200,능동,1,대지,239,42,로뎀하우스,20251218,16000,12.74,10,2,,,2009,연립다세대,중개거래,서울 광진구
2025,11215,광진구,10200,능동,1,대지,239,42,로뎀하우스,20251218,16000,12.74,10,3,,,2009,연립다세대,중개거래,서울 광진구
2025,11230,동대문구,10300,제기동,1,대지,1212,0,한신아파트,20251218,89000,59.84,0,19,,,2004,아파트,중개거래,서울 동대문구
2025,11470,양천구,10200,목동,1,대지,324,95,리치그린빌,20251218,36000,40.65,25,4,,,2016,연립다세대,중개거래,서울 양천구
2025,11710,송파구,10700,가락동,1,대지,166,6,테라펠리체송파,20251218,59500,29.42,0,7,,,2021,아파트,중개거래,서울 송파구
2025,11500,강서구,10500,마곡동,1,대지,748,0,마곡13단지힐스테이트마스터,20251218,161000,84.988,0,8,,,2017,아파트,중개거래,서울 강서구
2025,11290,성북구,13800,장위동,1,대지,322,0,래미안포레카운티,20251218,99800,59.92,0,2,,,2021,아파트,중개거래,서울 성북구
2025,11320,도봉구,10600,방학동,1,대지,658,7,한신빌라트53차,20251218,23600,54.12,29,3,,,2015,연립다세대,중개거래,서울 도봉구
2025,11530,구로구,11200,항동,1,대지,241,0,한양수자인에듀힐즈,20251218,83500,84.954,0,11,,,2019,아파트,중개거래,"경기 부천시 소사구, 서울 구로구"
2025,11320,도봉구,10500,쌍문동,1,대지,158,0,한양7,20251218,57500,84.3,0,4,,,1993,아파트,중개거래,서울 도봉구
2025,11680,강남구,10100,역삼동,1,대지,777,30,한빛위너스,20251218,55000,29.09,18,4,,,2016,연립다세대,중개거래,"서울 강남구, 서울 서초구"
2025,11530,구로구,10700,개봉동,1,대지,476,0,한마을,20251218,85000,84.57,0,24,,,1999,아파트,중개거래,서울 구로구
2025,11500,강서구,10500,마곡동,1,대지,751,0,마곡엠벨리(15단지),20251218,135000,59.79,0,7,,,2014,아파트,중개거래,서울 강서구
2025,11380,은평구,10600,대조동,1,대지,9,20,모아아파트(102동),20251218,32000,28.29,0,8,,,2020,아파트,중개거래,서울 은평구
2025,11560,영등포구,11000,여의도동,1,대지,13,21,맨하탄21리빙텔,20251218,21800,41.58,41.58,9,,,2001,오피스텔,중개거래,서울 영등포구
2025,11230,동대문구,10400,전농동,1,대지,103,228,하이프라자,20251218,57900,28.59,19,5,,,2019,연립다세대,중개거래,"서울 동대문구, 서울 성동구"
2025,11710,송파구,10800,문정동,1,대지,145,0,문정시영,20251218,88000,39.69,0,10,,,1989,아파트,중개거래,서울 송파구
2025,11620,관악구,10200,신림동,1,대지,1698,0,태흥,20251218,38500,59.86,0,9,,,1995,아파트,중개거래,서울 관악구
2025,11530,구로구,11200,항동,1,대지,242,0,하버라인3단지,20251218,68800,59.86,0,11,,,2019,아파트,중개거래,"서울 강서구, 서울 구로구"
2025,11500,강서구,10600,내발산동,1,대지,753,0,마곡수명산파크4단지,20251218,99000,59.84,0,9,,,2008,아파트,중개거래,서울 강서구
2025,11230,동대문구,10200,용두동,1,대지,100,1,랜드마크타워1,20251218,14500,28.9,40.82,4,,,2004,오피스텔,직거래,
2025,11470,양천구,10200,목동,1,대지,901,0,목동신시가지1,20251218,143000,65.34,0,10,,,1985,아파트,중개거래,서울 마포구
2025,11560,영등포구,12100,문래동3가,1,대지,77,2,문래공원한신,20251218,70000,58.96,0,2,,,1988,아파트,중개거래,서울 성동구
2025,11470,양천구,10200,목동,1,대지,901,0,목동신시가지1,20251218,235000,65.34,0,7,,,1985,아파트,중개거래,서울 양천구
2025,11260,중랑구,10200,상봉동,1,대지,497,0,태영데시앙1,20251218,70000,59.677,0,4,,,2003,아파트,중개거래,서울 중랑구
2025,11680,강남구,10100,역삼동,1,대지,822,7,목화밀라트,20251218,30500,31.33,48.13,8,,,2004,오피스텔,중개거래,서울 강남구
2025,11590,동작구,10100,노량진동,1,대지,57,1,메가스터디타워,20251218,17000,15.974,0,11,,,2015,아파트,중개거래,서울 동작구
2025,11470,양천구,10300,신월동,1,대지,1063,0,롯데캐슬,20251218,93000,59.747,0,3,,,2014,아파트,중개거래,서울 양천구
2025,11470,양천구,10200,목동,1,대지,929,0,목동청구한신아파트,20251218,205000,84.77,0,2,,,1997,아파트,중개거래,서울 양천구
2025,11260,중랑구,10300,중화동,1,대지,450,0,한신아파트상가동유치원동(103~109),20251218,83000,84.03,0,3,,,1997,아파트,중개거래,서울 중랑구
2025,11620,관악구,10300,남현동,1,대지,1059,6,프론티아 오피스텔,20251218,10000,16.1,21.56,8,,,2002,오피스텔,직거래,
2025,11470,양천구,10100,신정동,1,대지,338,0,목동우성3,20251218,73000,59.69,0,8,,,1999,아파트,중개거래,서울 양천구
2025,11470,양천구,10200,목동,1,대지,904,0,목동신시가지4,20251218,189000,47.25,0,12,,,1986,아파트,중개거래,서울 양천구
2025,11650,서초구,10100,방배동,1,대지,932,16,방배프레스티지,20251218,70000,48.52,29,4,,20260128,2013,연립다세대,중개거래,서울 서초구
2025,11470,양천구,10200,목동,1,대지,912,0,목동신시가지5,20251218,299700,95.06,0,6,,,1986,아파트,중개거래,서울 양천구
2025,11350,노원구,10300,공릉동,1,대지,725,0,풍림아파트A,20251218,70000,59.94,0,15,,,2001,아파트,중개거래,서울 노원구
2025,11380,은평구,11000,증산동,1,대지,258,0,DMC센트럴자이(2단지),20251218,149000,74.78,0,5,,,2023,아파트,중개거래,서울 은평구
2025,11230,동대문구,10400,전농동,1,대지,620,47,청량리역 롯데캐슬 Sky-L65,20251218,40950,27.079,46.241,31,,,2023,오피스텔,직거래,
2025,11230,동대문구,10400,전농동,1,대지,620,47,청량리역 롯데캐슬 Sky-L65,20251218,40950,27.079,46.241,30,,,2023,오피스텔,직거래,
2025,11470,양천구,10300,신월동,1,대지,56,6,청남,20251218,50000,76.03,0,3,,,2003,아파트,중개거래,서울 양천구
2025,11320,도봉구,10700,창동,1,대지,347,0,창동주공3단지(해등마을),20251218,58500,49.94,0,15,,,1990,아파트,중개거래,서울 도봉구
2025,11650,서초구,10800,서초동,1,대지,1315,0,진흥아파트,20251218,335000,101.32,0,11,,,1979,아파트,중개거래,서울 서초구
2025,11440,마포구,12200,합정동,1,대지,430,8,진성파인빌,20251218,44000,29.98,17,4,,,2015,연립다세대,중개거래,서울 마포구
2025,11350,노원구,10600,중계동,1,대지,585,0,중계3우성,20251218,66000,59.73,0,22,,,1999,아파트,중개거래,서울 노원구
2025,11350,노원구,10600,중계동,1,대지,362,1,주공8,20251218,55000,49.72,0,15,,,1993,아파트,중개거래,서울 노원구
2025,11350,노원구,10600,중계동,1,대지,369,0,주공2,20251218,36000,44.52,0,3,,,1992,아파트,중개거래,"서울 노원구, 서울 성북구"
2025,11305,강북구,10200,번동,1,대지,242,0,주공1단지,20251218,55000,49.94,0,13,,,1991,아파트,중개거래,서울 강북구
2025,11290,성북구,13500,종암동,1,대지,104,1,종암에스케이,20251218,77000,59.86,0,24,,,1999,아파트,중개거래,서울 성북구
2025,11290,성북구,13500,종암동,1,대지,104,1,종암에스케이,20251218,78500,59.04,0,24,,,1999,아파트,중개거래,서울 성북구
2025,11470,양천구,10100,신정동,1,대지,319,26,젠트리빌 업무복합시설,20251218,81000,59.24,81.55,8,,,2023,오피스텔,직거래,
2025,11740,강동구,10700,암사동,1,대지,482,20,제이디파크빌,20251218,27500,29.48,18,4,,,2019,연립다세대,중개거래,서울 강동구
2025,11230,동대문구,10400,전농동,1,대지,10,0,전농SK,20251218,99000,84.95,0,21,,,2000,아파트,중개거래,서울 동대문구
2025,11500,강서구,10300,화곡동,1,대지,1033,49,인창빌라나동,20251218,25000,34.29,27,2,,,1991,연립다세대,중개거래,서울 강서구
2025,11410,서대문구,11200,대현동,1,대지,37,30,이대프리젠#1,20251218,15900,16.03,23.99,5,,,2017,오피스텔,중개거래,서울 마포구
2025,11500,강서구,10200,등촌동,1,대지,365,211,이가채(365-211),20251218,23300,29.53,18,2,,,2015,연립다세대,중개거래,서울 강남구
2025,11215,광진구,10500,자양동,1,대지,842,8,미산빌3차,20251218,57000,25.1,17,4,,20260113,2021,연립다세대,중개거래,서울 광진구
2025,11230,동대문구,10600,장안동,1,대지,92,66,삼성쉐르빌(A동),20251218,19200,39.43,21,2,,,2012,연립다세대,중개거래,서울 동대문구
2025,11380,은평구,10600,대조동,1,대지,28,14,삼성빌리지투,20251218,27000,30.12,14,9,,,2013,연립다세대,중개거래,서울 은평구
2025,11290,성북구,11300,삼선동3가,1,대지,116,0,삼선에스케이뷰,20251218,124700,84.94,0,1,,,2012,아파트,중개거래,서울 성북구
2025,11620,관악구,10100,봉천동,1,대지,1721,0,브라운스톤관악,20251218,80000,59.67,0,10,,,2005,아파트,중개거래,서울 관악구
2025,11470,양천구,10300,신월동,1,대지,1023,0,벽산블루밍2단지,20251218,79000,84.928,0,4,,,2003,아파트,중개거래,서울 양천구
2025,11620,관악구,10100,봉천동,1,대지,1718,0,벽산블루밍,20251218,96800,84.99,0,11,,,2005,아파트,중개거래,서울 관악구
2025,11620,관악구,10100,봉천동,1,대지,1718,0,벽산블루밍,20251218,95900,59.99,0,17,,,2005,아파트,중개거래,서울 관악구
2025,11305,강북구,10100,미아동,1,대지,1354,0,벽산라이브파크,20251218,55000,59.67,0,1,,,2004,아파트,중개거래,서울 성북구
2025,11320,도봉구,10600,방학동,1,대지,700,10,범성빌라,20251218,9000,49.08,29,-1,,,1995,연립다세대,중개거래,서울 도봉구
2025,11500,강서구,10900,방화동,1,대지,839,0,방화그린,20251218,44700,39.76,0,8,,,1993,아파트,중개거래,서울 강서구
2025,11590,동작구,10200,상도동,1,대지,903,0,e편한세상상도노빌리티,20251218,212000,84.97,0,4,,,2018,아파트,중개거래,서울 동작구
2025,11620,관악구,10200,신림동,1,대지,1703,1,LIG대학마을(건영아파트3차),20251218,56000,58.9,0,14,,,1996,아파트,중개거래,서울 관악구
2025,11320,도봉구,10500,쌍문동,1,대지,137,1,JHPalace,20251218,29400,59,36,2,,,2022,연립다세대,직거래,
2025,11410,서대문구,11900,북가좌동,1,대지,453,0,DMC현대아파트,20251218,67000,71.89,0,9,,,2000,아파트,중개거래,"서울 서대문구, 서울 은평구"
2025,11380,은평구,11000,증산동,1,대지,244,0,DMC우방,20251218,72500,59.91,0,23,,,2000,아파트,중개거래,서울 서대문구
2025,11380,은평구,10100,수색동,1,대지,419,0,DMCSK뷰아이파크포레,20251218,107500,59.96,0,9,,,2023,아파트,중개거래,서울 은평구
2025,11110,종로구,13300,익선동,1,대지,34,0,BIZ-WELL 종로 오피스텔,20251218,12000,17.2,24.82,4,,,2004,오피스텔,중개거래,서울 종로구
2025,11620,관악구,10200,신림동,1,대지,92,228,(92-228),20251218,13500,38.72,21,-1,,,1994,연립다세대,직거래,
2025,11440,마포구,12500,성산동,1,대지,79,2,(79-2),20251218,24300,36.69,27,2,,,1989,연립다세대,중개거래,서울 마포구
2025,11260,중랑구,10300,중화동,1,대지,309,90,(309-90),20251218,40500,29.74,22,2,,,2020,연립다세대,중개거래,서울 중랑구
2025,11710,송파구,10100,잠실동,1,대지,240,32,(240-32),20251218,44000,41.02,20,3,,,2004,연립다세대,중개거래,서울 송파구
2025,11290,성북구,13800,장위동,1,대지,222,9,(222-9),20251218,24500,36.6,26,2,,,1981,연립다세대,중개거래,서울 성북구
2025,11650,서초구,10800,서초동,1,대지,1595,2,(1595-2),20251218,12700,30,36.3,4,,,1990,오피스텔,중개거래,서울 서초구
2025,11110,종로구,14900,원서동,1,대지,135,62,(135-62),20251218,40000,59.9,31,3,,,1997,연립다세대,중개거래,서울 종로구
2025,11350,노원구,10500,상계동,1,대지,1116,64,(1116-64),20251218,20500,29.09,18,2,,,2017,연립다세대,중개거래,서울 노원구
2025,11650,서초구,10700,반포동,1,대지,105,11,(105-11),20251218,61000,54.34,25,5,,,2003,연립다세대,중개거래,서울 서초구
2025,11500,강서구,10100,염창동,1,대지,66,9,염창동한강우성,20251218,106000,84.7,0,4,,20260112,1990,아파트,중개거래,서울 강서구
2025,11680,강남구,11100,세곡동,1,대지,587,0,강남 지웰파인즈,20251218,21500,24.662,37.99,8,,,2016,오피스텔,중개거래,서울 강남구
2025,11440,마포구,11000,노고산동,1,대지,33,2,신촌더힐하우스,20251218,78000,39.03,24,4,,,2022,연립다세대,중개거래,서울 마포구
2025,11500,강서구,10300,화곡동,1,대지,354,24,스페이스빌,20251218,27300,36.5,22,2,,,2015,연립다세대,중개거래,서울 강서구
2025,11470,양천구,10300,신월동,1,대지,1040,0,신월2차미소지움,20251218,70500,83.74,0,5,,,2005,아파트,중개거래,서울 양천구
2025,11470,양천구,10200,목동,1,대지,318,94,스타힐스빌,20251218,30000,49.08,39,2,,,2006,연립다세대,중개거래,서울 양천구
2025,11380,은평구,11400,진관동,1,대지,27,0,구파발10단지어울림(1011~1019동)BL3-1,20251218,123000,101.82,0,9,,,2010,아파트,중개거래,서울 은평구
2025,11260,중랑구,10600,신내동,1,대지,650,0,신내6대주,20251218,50500,49.77,0,2,,,1996,아파트,중개거래,서울 중랑구
2025,11320,도봉구,10700,창동,1,대지,807,0,쌍용,20251218,43400,59.88,0,22,,,1997,아파트,직거래,
2025,11350,노원구,10200,월계동,1,대지,410,3,광운대역현대프라힐스,20251218,20450,18.534,0,5,,,2025,아파트,직거래,
2025,11350,노원구,10200,월계동,1,대지,410,3,광운대역현대프라힐스,20251218,20450,18.534,0,5,,,2025,아파트,직거래,
2025,11350,노원구,10200,월계동,1,대지,410,3,광운대역현대프라힐스,20251218,21700,18.534,0,14,,,2025,아파트,직거래,
2025,11350,노원구,10200,월계동,1,대지,410,3,광운대역현대프라힐스,20251218,20850,18.534,0,6,,,2025,아파트,직거래,
2025,11350,노원구,10200,월계동,1,대지,410,3,광운대역현대프라힐스,20251218,19750,18.534,0,4,,,2025,아파트,직거래,
2025,11350,노원구,10200,월계동,1,대지,410,3,광운대역현대프라힐스,20251218,19750,18.534,0,4,,,2025,아파트,직거래,
2025,11350,노원구,10200,월계동,1,대지,410,3,광운대역현대프라힐스,20251218,21700,18.534,0,12,,,2025,아파트,직거래,
2025,11350,노원구,10200,월계동,1,대지,410,3,광운대역현대프라힐스,20251218,21700,18.534,0,12,,,2025,아파트,직거래,
2025,11350,노원구,10200,월계동,1,대지,410,3,광운대역현대프라힐스,20251218,19750,18.534,0,4,,,2025,아파트,직거래,
2025,11350,노원구,10200,월계동,1,대지,410,3,광운대역현대프라힐스,20251218,21700,18.534,0,11,,,2025,아파트,직거래,
2025,11350,노원구,10200,월계동,1,대지,410,3,광운대역현대프라힐스,20251218,21450,18.534,0,10,,,2025,아파트,직거래,
2025,11350,노원구,10200,월계동,1,대지,410,3,광운대역현대프라힐스,20251218,21450,18.534,0,10,,,2025,아파트,직거래,
2025,11350,노원구,10200,월계동,1,대지,410,3,광운대역현대프라힐스,20251218,21450,18.534,0,10,,,2025,아파트,직거래,
2025,11350,노원구,10200,월계동,1,대지,410,3,광운대역현대프라힐스,20251218,19750,18.534,0,3,,,2025,아파트,직거래,
2025,11350,노원구,10200,월계동,1,대지,410,3,광운대역현대프라힐스,20251218,19750,18.534,0,4,,,2025,아파트,직거래,
2025,11350,노원구,10200,월계동,1,대지,410,3,광운대역현대프라힐스,20251218,21450,18.534,0,9,,,2025,아파트,직거래,
2025,11350,노원구,10200,월계동,1,대지,410,3,광운대역현대프라힐스,20251218,21450,18.534,0,9,,,2025,아파트,직거래,
2025,11350,노원구,10200,월계동,1,대지,410,3,광운대역현대프라힐스,20251218,21450,18.534,0,9,,,2025,아파트,직거래,
2025,11350,노원구,10200,월계동,1,대지,410,3,광운대역현대프라힐스,20251218,21450,18.534,0,8,,,2025,아파트,직거래,
2025,11350,노원구,10200,월계동,1,대지,410,3,광운대역현대프라힐스,20251218,21450,18.534,0,8,,,2025,아파트,직거래,
2025,11350,노원구,10200,월계동,1,대지,410,3,광운대역현대프라힐스,20251218,21450,18.534,0,8,,,2025,아파트,직거래,
2025,11350,노원구,10200,월계동,1,대지,410,3,광운대역현대프라힐스,20251218,19750,18.534,0,3,,,2025,아파트,직거래,
2025,11740,강동구,10900,천호동,1,대지,432,10,쌍용플래티넘리버,20251218,22000,34.2,46.65,11,,,2004,오피스텔,중개거래,서울 강동구
2025,11350,노원구,10200,월계동,1,대지,410,3,광운대역현대프라힐스,20251218,21450,18.534,0,7,,,2025,아파트,직거래,
2025,11350,노원구,10200,월계동,1,대지,410,3,광운대역현대프라힐스,20251218,20450,18.534,0,5,,,2025,아파트,직거래,
2025,11530,구로구,10200,구로동,1,대지,1267,0,신도림태영타운,20251218,122000,84.87,0,14,,,2000,아파트,중개거래,"서울 강남구, 서울 구로구"
2025,11350,노원구,10200,월계동,1,대지,410,3,광운대역현대프라힐스,20251218,20450,18.534,0,5,,,2025,아파트,직거래,
2025,11350,노원구,10200,월계동,1,대지,410,3,광운대역현대프라힐스,20251218,19750,18.534,0,3,,,2025,아파트,직거래,
2025,11350,노원구,10200,월계동,1,대지,410,3,광운대역현대프라힐스,20251218,21450,18.534,0,7,,,2025,아파트,직거래,
2025,11350,노원구,10200,월계동,1,대지,410,3,광운대역현대프라힐스,20251218,21450,18.534,0,7,,,2025,아파트,직거래,
2025,11350,노원구,10200,월계동,1,대지,410,3,광운대역현대프라힐스,20251218,19650,18.524,0,5,,,2025,아파트,직거래,
2025,11350,노원구,10200,월계동,1,대지,410,3,광운대역현대프라힐스,20251218,20050,18.524,0,6,,,2025,아파트,직거래,
2025,11350,노원구,10200,월계동,1,대지,410,3,광운대역현대프라힐스,20251218,20550,18.524,0,8,,,2025,아파트,직거래,
2025,11350,노원구,10200,월계동,1,대지,410,3,광운대역현대프라힐스,20251218,20550,18.524,0,9,,,2025,아파트,직거래,
2025,11350,노원구,10200,월계동,1,대지,410,3,광운대역현대프라힐스,20251218,20750,18.524,0,11,,,2025,아파트,직거래,
2025,11350,노원구,10200,월계동,1,대지,410,3,광운대역현대프라힐스,20251218,20750,18.524,0,13,,,2025,아파트,직거래,
2025,11350,노원구,10200,월계동,1,대지,410,3,광운대역현대프라힐스,20251218,21000,18.524,0,14,,,2025,아파트,직거래,
2025,11350,노원구,10200,월계동,1,대지,410,3,광운대역현대프라힐스,20251218,18950,18.524,0,3,,,2025,아파트,직거래,
2025,11350,노원구,10200,월계동,1,대지,410,3,광운대역현대프라힐스,20251218,18950,18.524,0,4,,,2025,아파트,직거래,
2025,11350,노원구,10200,월계동,1,대지,410,3,광운대역현대프라힐스,20251218,20550,18.524,0,7,,,2025,아파트,직거래,
2025,11290,성북구,13500,종암동,1,대지,131,0,아이파크종암동2차,20251218,80000,59.675,0,3,,,2005,아파트,중개거래,"서울 동대문구, 서울 성북구"
2025,11620,관악구,10100,봉천동,1,대지,869,10,관악센츄리타워,20251218,11000,30.1,30.1,10,,,1995,오피스텔,중개거래,서울 관악구
2025,11410,서대문구,11100,홍제동,1,대지,104,20,안산맨숀,20251218,62000,52.89,0,3,,,1972,아파트,중개거래,서울 서대문구
2025,11590,동작구,10200,상도동,1,대지,211,1,약수맨션,20251218,115000,131.5,0,3,,,1980,아파트,중개거래,서울 동작구
2025,11530,구로구,10700,개봉동,1,대지,403,15,국일오피스텔,20251218,7000,22.72,29.62,2,,,2002,오피스텔,직거래,
2025,11680,강남구,10600,대치동,1,대지,943,24,신안메트로칸,20251218,28500,30.11,43.48,20,,,2004,오피스텔,중개거래,서울 강남구
2025,11440,마포구,10100,아현동,1,대지,800,0,공덕자이,20251218,217000,59.99,0,1,,,2015,아파트,중개거래,서울 마포구
2025,11710,송파구,11100,방이동,1,대지,48,2,어반로프트 올림픽파크,20251218,21000,18.36,29.4648,3,,,2021,오피스텔,직거래,
2025,11530,구로구,10600,고척동,1,대지,340,1,고척LIG리가2차,20251218,85000,84.98,0,5,,,2009,아파트,중개거래,서울 양천구
2025,11740,강동구,10200,고덕동,3,블럭,3,1,고덕풍경채어바니티,20251218,160000,84.03,0,6,,,2024,아파트,중개거래,서울 강동구
2025,11560,영등포구,11800,도림동,,,,,,20251218,79300,129.6,89,,,,1991,단독다가구,중개거래,서울 영등포구
2025,11740,강동구,10100,명일동,1,대지,46,3,고덕역 대명벨리온,20251218,21000,21.312,32.041,6,,,2021,오피스텔,중개거래,서울 강동구
2025,11740,강동구,10200,고덕동,1,대지,693,0,고덕그라시움,20251218,210000,59.028,0,7,,,2019,아파트,중개거래,서울 강동구
2025,11290,성북구,13800,장위동,,,,,,20251218,85000,195.97,116,,,,1989,단독다가구,중개거래,"서울 성북구, 서울 중랑구"
2025,11590,동작구,10700,사당동,1,대지,1134,0,경남아너스빌1차,20251218,112000,114.29,0,5,,,1997,아파트,중개거래,"서울 강남구, 서울 동작구"
2025,11290,성북구,13300,정릉동,1,대지,168,27,쉐누빌(168-27),20251218,22000,41.64,22,4,,,2013,연립다세대,중개거래,경남 창원시 성산구
2025,11110,종로구,16900,혜화동,,,,,,20251218,125000,212.68,123,,,,1991,단독다가구,중개거래,서울 종로구
2025,11470,양천구,10200,목동,1,대지,756,20,그린빌라(1동),20251218,27000,36.59,22,1,,,1989,연립다세대,중개거래,서울 양천구
2025,11260,중랑구,10600,신내동,1,대지,646,0,금강리빙스텔,20251218,15000,33.3,41.91,4,,,2003,오피스텔,중개거래,서울 중랑구
2025,11170,용산구,11800,원효로4가,1,대지,85,14,금강프라임빌(가동),20251218,82000,25.45,20,5,,,2023,연립다세대,중개거래,서울 용산구
2025,11530,구로구,10300,가리봉동,,,,,,20251218,65000,221.82,99,,,,2006,단독다가구,중개거래,서울 구로구
2025,11215,광진구,10700,화양동,,,,,,20251218,194900,226.04,119,,,,2020,단독다가구,중개거래,"서울 강남구, 서울 중구"
2025,11560,영등포구,13200,신길동,1,대지,364,0,건영,20251218,100000,89.16,0,1,,,1985,아파트,중개거래,서울 양천구
2025,11380,은평구,10800,역촌동,1,대지,42,8,거장메카,20251218,16000,16.53,23.65,5,,,2018,오피스텔,중개거래,서울 은평구
2025,11680,강남구,10300,개포동,1,대지,185,0,개포주공6단지,20251218,305000,53.06,0,5,,,1983,아파트,중개거래,"경기 여주시, 서울 강남구"
2025,11680,강남구,10300,개포동,1,대지,660,25,개포엘지움,20251218,41600,34.45,23,3,,,2019,연립다세대,직거래,
2025,11530,구로구,10700,개봉동,1,대지,492,0,개봉푸르지오,20251218,82500,71.86,0,3,,,2014,아파트,중개거래,서울 구로구
2025,11560,영등포구,11700,당산동,1,대지,376,0,강변래미안,20251218,150000,108.15,0,1,,,2002,아파트,중개거래,서울 영등포구
2025,11710,송파구,10800,문정동,1,대지,620,0,송파푸르지오시티,20251218,22900,30,39.11,14,,,2013,오피스텔,중개거래,서울 송파구
2025,11710,송파구,10800,문정동,1,대지,622,0,송파한화오벨리스크,20251218,17700,26.82,34.527,2,,,2013,오피스텔,중개거래,서울 송파구
2025,11680,강남구,11200,자곡동,1,대지,596,0,강남 더샵라르고,20251218,19500,20.163,26.6451,10,,,2014,오피스텔,중개거래,서울 강남구
2025,11500,강서구,10400,가양동,1,대지,448,1,가양강나루현대,20251218,95500,59.76,0,12,,,1999,아파트,중개거래,서울 강서구
2025,11545,금천구,10100,가산동,1,대지,776,0,가산대명벨리온,20251218,11000,16.61,25.8,12,,,2017,오피스텔,중개거래,서울 금천구
2025,11680,강남구,11400,일원동,1,대지,735,0,가람,20251218,343000,84.95,0,2,,,1993,아파트,중개거래,"서울 강남구, 서울 서초구"
2025,11710,송파구,10700,가락동,1,대지,140,0,가락(1차)쌍용아파트,20251218,180000,59.92,0,3,,,1997,아파트,중개거래,서울 송파구
2025,11380,은평구,10300,불광동,1,대지,17,362,신하우스,20251218,39000,55.15,34,4,,,2015,연립다세대,중개거래,서울 은평구
2025,11530,구로구,10200,구로동,1,대지,501,0,신구로자이,20251218,117000,133.78,0,29,,,2007,아파트,중개거래,서울 구로구
2025,11290,성북구,13800,장위동,1,대지,76,30,수정빌리지2차,20251218,58000,54.6,34,4,,,2001,연립다세대,중개거래,서울 성북구
2025,11290,성북구,12700,보문동5가,1,대지,171,0,승민아트빌,20251218,10900,13.16,9,3,,,2008,연립다세대,중개거래,서울 성북구
2025,11320,도봉구,10500,쌍문동,1,대지,137,158,수정그랜드빌(137-158),20251218,20000,62.24,27,1,,,2002,연립다세대,중개거래,경기 시흥시
2025,11110,종로구,11500,사직동,1,대지,9,0,광화문스페이스본(101동~105동),20251218,237000,146.92,0,9,,,2008,아파트,중개거래,서울 종로구
2025,11110,종로구,17500,숭인동,,,,,,20251218,45000,26.45,59,,,,1920,단독다가구,중개거래,서울 종로구
2025,11260,중랑구,10300,중화동,1,대지,154,29,송원빌라,20251218,40000,38.88,17,1,,,1992,연립다세대,중개거래,서울 중랑구
2025,11470,양천구,10200,목동,1,대지,722,5,세종그랑시아,20251218,74500,59.03,0,3,,,2003,아파트,중개거래,서울 양천구
2025,11500,강서구,10300,화곡동,1,대지,1091,0,화곡푸르지오,20251218,119000,104.75,0,8,,,2002,아파트,중개거래,서울 강서구
2025,11140,중구,13400,인현동2가,1,대지,240,0,세운푸르지오헤리시티,20251218,42000,29.456,0,18,,,2023,아파트,중개거래,서울 서초구
2025,11440,마포구,10400,도화동,1,대지,353,0,현대홈타운,20251218,158000,84.95,0,17,,,2000,아파트,중개거래,서울 마포구
2025,11545,금천구,10200,독산동,1,대지,1155,0,금천롯데캐슬골드파크3차,20251218,95000,59.966,0,12,,,2018,아파트,중개거래,서울 금천구
2025,11230,동대문구,10900,휘경동,1,대지,363,0,현대,20251218,72000,84.94,0,11,,,1992,아파트,중개거래,서울 동대문구
2025,11680,강남구,10300,개포동,1,대지,13,3,대청타워,20251218,23500,35.221,49.391,16,,,1997,오피스텔,중개거래,서울 강남구
2025,11560,영등포구,13200,신길동,,,,,,20251218,51000,82.44,48,,,,1992,단독다가구,중개거래,서울 영등포구
2025,11410,서대문구,11800,홍은동,1,대지,202,5,"현대(1,2차)",20251218,62000,59.97,0,8,,,1988,아파트,중개거래,서울 서대문구
2025,11380,은평구,10300,불광동,1,대지,17,362,신하우스,20251218,39000,55.15,34,4,,20251230,2015,연립다세대,중개거래,서울 은평구
2025,11470,양천구,10100,신정동,1,대지,324,7,대림아크로빌,20251218,140000,113.1,0,8,,,2003,아파트,중개거래,서울 양천구
2025,11440,마포구,12500,성산동,1,대지,200,312,화이트빌,20251218,37000,27.34,16,4,,,2013,연립다세대,중개거래,서울 마포구
2025,11410,서대문구,11100,홍제동,1,대지,474,0,홍제역해링턴플레이스,20251218,159000,84.95,0,17,,,2024,아파트,중개거래,서울 서대문구
2025,11560,영등포구,12400,문래동6가,1,대지,45,0,현대2차,20251218,84000,79.72,0,1,,,1987,아파트,중개거래,서울 영등포구
2025,11320,도봉구,10600,방학동,1,대지,720,1,대상타운현대아파트,20251218,80000,84.78,0,4,,,2001,아파트,중개거래,서울 도봉구
2025,11410,서대문구,11700,연희동,1,대지,739,0,대우푸르지오,20251218,85500,59.584,0,13,,20260206,2002,아파트,중개거래,서울 서대문구
2025,11200,성동구,11000,금호동2가,1,대지,1215,0,금호자이1차,20251218,175000,59.98,0,6,,,2012,아파트,중개거래,"서울 성동구, 서울 송파구"
2025,11710,송파구,10700,가락동,1,대지,913,0,헬리오시티,20251218,338000,110.66,0,28,,,2018,아파트,중개거래,서울 송파구
2025,11380,은평구,10800,역촌동,1,대지,48,58,해창위너스빌(48-58),20251218,40000,48.88,33,6,,,2017,연립다세대,중개거래,서울 은평구
2025,11680,강남구,10100,역삼동,1,대지,832,7,황화빌딩,20251218,24000,27.9,41.06,17,,,1991,오피스텔,중개거래,"서울 강남구, 서울 도봉구"
2025,11680,강남구,10100,역삼동,1,대지,832,7,황화빌딩,20251218,24000,27.9,41.06,17,,,1991,오피스텔,중개거래,"서울 강남구, 서울 도봉구"
2025,11410,서대문구,11100,홍제동,1,대지,331,0,홍제현대,20251218,98000,83.05,0,11,,,1992,아파트,중개거래,서울 서대문구
2025,11620,관악구,10100,봉천동,1,대지,867,9,서울대역해담채,20251218,12500,15.86,0,9,,,2012,아파트,중개거래,서울 관악구
2025,11650,서초구,10800,서초동,1,대지,1680,1,서초 아르누보씨티,20251218,20500,28.29,46.45,5,,,2010,오피스텔,중개거래,서울 서초구
2025,11350,노원구,10200,월계동,1,대지,85,7,서울원 아이파크,20251218,141780,84.661,0,30,분양권,,0,아파트,중개거래,서울 송파구
2025,11290,성북구,13300,정릉동,1,대지,508,165,현대하이츠빌라,20251218,7000,25.83,25,-1,,,1995,연립다세대,중개거래,서울 성북구
2025,11560,영등포구,12400,문래동6가,1,대지,46,0,현대1차,20251218,77000,64.38,0,1,,,1986,아파트,중개거래,서울 영등포구
2025,11110,종로구,13600,인사동,1,대지,43,0,대일빌딩,20251218,33500,42.53,42.53,10,,,1992,오피스텔,직거래,
2025,11305,강북구,10100,미아동,1,대지,705,1,한화포레나미아,20251218,100999,80.848,0,19,분양권,,0,아파트,중개거래,서울 강북구
2025,11545,금천구,10200,독산동,1,대지,1155,0,금천롯데캐슬골드파크3차,20251218,91000,59.967,0,11,,,2018,아파트,중개거래,서울 금천구
2025,11560,영등포구,13300,대림동,1,대지,1119,0,대림동갑을명가아파트,20251218,72000,84.87,0,2,,,2005,아파트,중개거래,서울 영등포구
2025,11680,강남구,10100,역삼동,1,대지,832,7,황화빌딩,20251218,23700,27.9,41.06,16,,,1991,오피스텔,중개거래,"서울 강남구, 서울 도봉구"
2025,11290,성북구,10300,돈암동,1,대지,609,1,한진(609-1),20251218,85300,113.67,0,1,,,1998,아파트,중개거래,서울 성북구
2025,11530,구로구,10700,개봉동,1,대지,478,0,한진,20251218,50500,59.95,0,3,,,2000,아파트,중개거래,서울 구로구
2025,11545,금천구,10300,시흥동,1,대지,992,2,남서울건영아파트,20251218,39500,53.39,0,12,,,1982,아파트,중개거래,서울 금천구
2025,11740,강동구,10800,성내동,1,대지,30,2,현대,20251218,110000,84.56,0,7,,,1987,아파트,중개거래,서울 강동구
2025,11545,금천구,10200,독산동,1,대지,971,21,성공리치빌2차,20251218,32000,37.39,25,5,,,2018,연립다세대,중개거래,서울 금천구
2025,11380,은평구,10400,갈현동,1,대지,395,2,효민아크로뷰,20251218,68800,47.73,0,16,,,2024,아파트,직거래,
2025,11230,동대문구,10900,휘경동,1,대지,106,0,휘경미소지움,20251218,70700,59.84,0,21,,,1999,아파트,중개거래,"서울 동대문구, 서울 중구"
2025,11710,송파구,11300,거여동,1,대지,697,0,송파시그니처롯데캐슬,20251218,202000,84.98,0,8,,,2021,아파트,중개거래,서울 송파구
2025,11680,강남구,10300,개포동,1,대지,1169,7,녹경빌리지B동,20251218,34900,32.74,15,-1,,,1995,연립다세대,중개거래,서울 강남구
2025,11410,서대문구,11100,홍제동,1,대지,456,0,성원,20251218,52500,55.35,0,1,,,1998,아파트,중개거래,서울 서대문구
2025,11380,은평구,10200,녹번동,1,대지,282,0,힐스테이트녹번,20251218,130500,84.9,0,12,,,2019,아파트,중개거래,서울 은평구
2025,11710,송파구,10800,문정동,1,대지,652,0,송파법조타운푸르지오시티,20251218,17300,20.45,29.78,9,,,2018,오피스텔,중개거래,서울 송파구
2025,11530,구로구,10700,개봉동,1,대지,470,0,삼환,20251218,69000,84.945,0,13,,,1995,아파트,중개거래,서울 구로구
2025,11530,구로구,10100,신도림동,1,대지,641,0,현대홈타운아파트,20251218,86000,59.73,0,2,,,1999,아파트,중개거래,서울 구로구
2025,11260,중랑구,10100,면목동,1,대지,715,0,늘푸른동아,20251218,67000,59.65,0,19,,,2002,아파트,중개거래,서울 중랑구
2025,11215,광진구,10300,구의동,1,대지,231,18,현대팰리스,20251218,61910,78.59,0,1,,,2022,아파트,중개거래,서울 송파구
2025,11710,송파구,11200,오금동,1,대지,135,0,송파두산위브,20251218,128000,59.982,0,25,,,2019,아파트,중개거래,서울 성동구
2025,11230,동대문구,10400,전농동,1,대지,6,0,전농우성,20251217,64000,59.78,0,5,,,1992,아파트,중개거래,"서울 강남구, 서울 동대문구"
2025,11500,강서구,10900,방화동,1,대지,830,3,방화샤르망1오피스텔,20251217,5000,16.286,23.49,4,,,2003,오피스텔,중개거래,서울 강서구
2025,11500,강서구,10900,방화동,1,대지,831,0,방화4단지,20251217,95000,134.61,0,15,,,1994,아파트,중개거래,서울 강서구
2025,11560,영등포구,10700,영등포동6가,1,대지,40,1,밀레니엄,20251217,27500,29.98,15,4,,,2017,연립다세대,중개거래,서울 영등포구
2025,11230,동대문구,10700,청량리동,1,대지,235,1,미주,20251217,144000,124.73,0,4,,,1978,아파트,중개거래,서울 동대문구
2025,11350,노원구,10500,상계동,1,대지,1276,0,청암2단지,20251217,42000,49.77,0,7,,,2001,아파트,중개거래,서울 노원구
2025,11350,노원구,10200,월계동,1,대지,13,0,미륭,20251217,82000,51.48,0,13,,,1986,아파트,중개거래,서울 노원구
2025,11710,송파구,10800,문정동,1,대지,3,0,문정가락현대1차,20251217,190000,84.98,0,9,,,1984,아파트,중개거래,서울 송파구
2025,11560,영등포구,12300,문래동5가,1,대지,23,1,문래현대5차,20251217,88800,84.79,0,9,,,1992,아파트,중개거래,"서울 강남구, 서울 영등포구"
2025,11710,송파구,10700,가락동,1,대지,4,9,목화빌라,20251217,29000,63.81,25,1,,,2001,연립다세대,직거래,
2025,11470,양천구,10200,목동,1,대지,721,5,목동토레스타워,20251217,31500,34,16,6,,,2018,연립다세대,중개거래,서울 양천구
2025,11470,양천구,10200,목동,1,대지,902,0,목동신시가지2,20251217,390000,152.64,0,3,,,1986,아파트,중개거래,서울 강남구
2025,11470,양천구,10100,신정동,1,대지,326,0,목동신시가지12,20251217,175000,53.46,0,3,,,1988,아파트,중개거래,서울 양천구
2025,11470,양천구,10100,신정동,1,대지,326,0,목동신시가지12,20251217,172000,53.46,0,9,,,1988,아파트,중개거래,서울 양천구
2025,11470,양천구,10100,신정동,1,대지,325,0,목동신시가지11,20251217,173000,51.48,0,10,,,1988,아파트,중개거래,서울 양천구
2025,11470,양천구,10100,신정동,1,대지,325,0,목동신시가지11,20251217,170000,51.48,0,4,,,1988,아파트,중개거래,서울 양천구
2025,11140,중구,16300,흥인동,1,대지,13,1,청계천 두산위브더제니스,20251217,32000,40.885,55.5963,13,,,2014,오피스텔,직거래,
2025,11470,양천구,10200,목동,1,대지,901,0,목동신시가지1,20251217,227000,65.34,0,7,,,1985,아파트,중개거래,서울 양천구
2025,11470,양천구,10300,신월동,1,대지,1075,0,목동센트럴아이파크위브1단지,20251217,120000,84.98,0,11,,,2020,아파트,중개거래,"서울 구로구, 서울 양천구"
2025,11470,양천구,10200,목동,1,대지,965,0,목동롯데캐슬마에스트로,20251217,122000,59.984,0,9,,,2019,아파트,중개거래,서울 양천구
2025,11440,마포구,10300,신공덕동,1,대지,167,0,메트로디오빌,20251217,32000,37.36,49.13,8,,,2005,오피스텔,중개거래,"서울 마포구, 서울 용산구"
2025,11305,강북구,10300,수유동,1,대지,435,42,진산하이츠빌라,20251217,19000,59.94,36,3,,,1998,연립다세대,중개거래,"경기 구리시, 서울 강북구"
2025,11350,노원구,10500,상계동,1,대지,1275,0,청암1단지,20251217,69000,84.8,0,14,,,2001,아파트,중개거래,서울 노원구
2025,11620,관악구,10200,신림동,1,대지,92,6,청송빌라,20251217,19900,48.26,33,2,,,2002,연립다세대,직거래,
2025,11290,성북구,13500,종암동,1,대지,125,23,청솔하이빌,20251217,37000,64.75,34,3,,,2009,연립다세대,중개거래,서울 성북구
2025,11410,서대문구,11100,홍제동,1,대지,342,0,중앙하이츠,20251217,52000,59.23,0,1,,20251229,2001,아파트,중개거래,서울 서대문구
2025,11740,강동구,10900,천호동,1,대지,425,3,천호역 한강 푸르지오시티,20251217,18000,25.24,35.91,34,,,2015,오피스텔,중개거래,서울 강동구
2025,11500,강서구,10300,화곡동,1,대지,366,70,천호빌라,20251217,12500,65.33,31,-1,,,1996,연립다세대,중개거래,서울 강서구
2025,11500,강서구,10300,화곡동,1,대지,1155,0,탑건진선미,20251217,70000,84.85,0,10,,,2005,아파트,중개거래,서울 강서구
2025,11680,강남구,10400,청담동,1,대지,15,0,청담2차이-편한세상(204동),20251217,250000,91.42,0,3,,,2005,아파트,중개거래,서울 강남구
2025,11380,은평구,10900,신사동,1,대지,300,20,첼라넥스빌,20251217,21700,25.88,22,5,,,2021,연립다세대,중개거래,"서울 서대문구, 서울 은평구"
2025,11740,강동구,10900,천호동,1,대지,214,5,중앙클래식하우스3차,20251217,44500,48.58,28,3,,,2016,연립다세대,중개거래,서울 강동구
2025,11350,노원구,10500,상계동,1,대지,47,5,진명하이츠빌라11-23동,20251217,11500,35.98,23,-1,,,1991,연립다세대,직거래,
2025,11350,노원구,10200,월계동,1,대지,556,0,주공2,20251217,68900,84.815,0,7,,,1992,아파트,중개거래,서울 노원구
2025,11350,노원구,10200,월계동,1,대지,556,0,주공2,20251217,55000,59.97,0,13,,,1992,아파트,중개거래,서울 노원구
2025,11350,노원구,10200,월계동,1,대지,556,0,주공2,20251217,36500,44.52,0,9,,,1992,아파트,중개거래,서울 노원구
2025,11350,노원구,10200,월계동,1,대지,556,0,주공2,20251217,34000,38.64,0,11,,,1992,아파트,중개거래,서울 노원구
2025,11320,도봉구,10700,창동,1,대지,38,0,주공17단지,20251217,30000,36.16,0,15,,,1989,아파트,중개거래,서울 도봉구
2025,11110,종로구,17500,숭인동,1,대지,1421,1,종로 동광모닝스카이,20251217,10500,19.95,28.87,4,,,2013,오피스텔,중개거래,서울 종로구
2025,11470,양천구,10100,신정동,1,대지,319,26,젠트리빌 업무복합시설,20251217,82600,59.24,81.55,12,,,2023,오피스텔,직거래,
2025,11470,양천구,10100,신정동,1,대지,318,17,제이월드빌,20251217,110000,83.24,104.09,6,,,2004,오피스텔,중개거래,서울 양천구
2025,11500,강서구,10300,화곡동,1,대지,160,16,제선그랜드빌(160-16),20251217,18500,31.16,24,1,,,2010,연립다세대,중개거래,서울 강서구
2025,11470,양천구,10200,목동,1,대지,504,3,봉황맨션,20251217,26800,41.7,23,5,,,2007,연립다세대,중개거래,서울 양천구
2025,11350,노원구,10500,상계동,1,대지,639,0,보람아파트,20251217,58800,68.99,0,4,,,1988,아파트,중개거래,서울 노원구
2025,11305,강북구,10100,미아동,1,대지,1354,0,벽산라이브파크,20251217,60000,60,0,18,,,2004,아파트,중개거래,서울 성북구
2025,11530,구로구,10600,고척동,1,대지,334,0,벽산,20251217,98500,84.878,0,23,,,2003,아파트,중개거래,서울 구로구
2025,11200,성동구,10200,하왕십리동,1,대지,258,0,벽산,20251217,154000,114.46,0,13,,,1996,아파트,중개거래,서울 성동구
2025,11260,중랑구,10600,신내동,1,대지,654,0,진로아파트,20251217,83500,101.86,0,8,,,1995,아파트,중개거래,서울 중랑구
2025,11410,서대문구,11000,북아현동,1,대지,1009,0,두산,20251217,105000,59.96,0,1,,,1999,아파트,중개거래,서울 서대문구
2025,11680,강남구,10100,역삼동,1,대지,832,5,역삼디오슈페리움,20251217,53000,47.96,62.63,3,,,2006,오피스텔,직거래,
2025,11545,금천구,10200,독산동,1,대지,1009,75,에이엔캐슬,20251217,27500,36.7,17,5,,,2015,연립다세대,중개거래,서울 금천구
2025,11305,강북구,10300,수유동,1,대지,258,29,드림타운(나동),20251217,20200,53.19,37,4,,,2002,연립다세대,직거래,
2025,11440,마포구,10200,공덕동,1,대지,469,0,래미안공덕5차,20251217,190000,59.959,0,5,,,2011,아파트,중개거래,서울 마포구
2025,11620,관악구,10200,신림동,,,,,,20251217,380000,326.49,301,,,,1993,단독다가구,직거래,
2025,11215,광진구,10200,능동,1,대지,239,42,로뎀하우스,20251217,16200,12.28,10,2,,,2009,연립다세대,중개거래,서울 광진구
2025,11290,성북구,13400,길음동,1,대지,1288,0,래미안길음센터피스,20251217,130000,59.9,0,10,,,2019,아파트,중개거래,서울 성북구
2025,11260,중랑구,10200,상봉동,1,대지,484,0,"엘지,쌍용아파트",20251217,58700,68.12,0,1,,,1996,아파트,중개거래,서울 중랑구
2025,11380,은평구,10200,녹번동,1,대지,283,0,래미안베라힐즈,20251217,110500,59.99,0,3,,,2019,아파트,중개거래,서울 은평구
2025,11545,금천구,10300,시흥동,1,대지,847,22,아이린빌2동,20251217,16700,29.27,18,5,,,2014,연립다세대,중개거래,서울 금천구
2025,11740,강동구,10900,천호동,1,대지,304,10,아띠랑스에코타운,20251217,28000,18.75,11,5,,,2020,연립다세대,중개거래,서울 강동구
2025,11260,중랑구,10200,상봉동,1,대지,484,0,"엘지,쌍용아파트",20251217,57000,68.12,0,1,,,1996,아파트,중개거래,서울 중랑구
2025,11215,광진구,10200,능동,1,대지,239,42,로뎀하우스,20251217,16300,12.28,10,3,,,2009,연립다세대,중개거래,서울 광진구
2025,11380,은평구,10200,녹번동,1,대지,283,0,래미안베라힐즈,20251217,119700,84.95,0,1,,,2019,아파트,중개거래,서울 은평구
2025,11290,성북구,13400,길음동,1,대지,1289,0,롯데캐슬클라시아,20251217,125000,59.781,0,20,,,2022,아파트,중개거래,서울 성북구
2025,11260,중랑구,10300,중화동,1,대지,326,77,디아이빌B동,20251217,45000,46.68,27,3,,,2025,연립다세대,중개거래,서울 중랑구
2025,11545,금천구,10300,시흥동,1,대지,900,21,쌍용프라임B,20251217,25200,53.55,32,2,,,2015,연립다세대,중개거래,서울 금천구
2025,11470,양천구,10300,신월동,1,대지,987,1,신월시영,20251217,67700,50.67,0,1,,,1988,아파트,중개거래,서울 양천구
2025,11470,양천구,10300,신월동,1,대지,533,1,신월동금용,20251217,41000,59.99,0,2,,,1998,아파트,중개거래,서울 양천구
2025,11290,성북구,13600,하월곡동,1,대지,225,0,래미안월곡,20251217,95500,84.589,0,18,,,2006,아파트,중개거래,서울 성북구
2025,11560,영등포구,12700,양평동3가,1,대지,106,0,양평역미소지움,20251217,69000,37.8,0,10,,,2018,아파트,중개거래,서울 영등포구
2025,11290,성북구,13400,길음동,1,대지,1289,0,롯데캐슬클라시아,20251217,134000,59.781,0,5,,,2022,아파트,중개거래,"서울 강남구, 서울 성북구"
2025,11215,광진구,10400,광장동,1,대지,127,0,리버힐오피스텔,20251217,30000,41.76,57.17,8,,,1993,오피스텔,중개거래,서울 광진구
2025,11710,송파구,10200,신천동,1,대지,7,14,잠실 더샵스타파크,20251217,126000,125.43,173.77,5,,20251229,2008,오피스텔,중개거래,서울 송파구
2025,11545,금천구,10200,독산동,1,대지,188,1,뜰안채(188-1),20251217,23200,31.76,19,3,,,2017,연립다세대,중개거래,서울 금천구
2025,11215,광진구,10700,화양동,,,,,,20251217,468300,618.51,258,,,,1990,단독다가구,직거래,
2025,11440,마포구,11400,창전동,1,대지,439,0,신촌태영데시앙,20251217,142500,84.97,0,4,,,2003,아파트,중개거래,서울 마포구
2025,11500,강서구,10500,마곡동,1,대지,760,0,마곡나루역보타닉푸르지오시티,20251217,16000,19.96,28.47,3,,,2017,오피스텔,중개거래,서울 강서구
2025,11530,구로구,10200,구로동,1,대지,560,0,신도림현대,20251217,86500,80.01,0,3,,,1994,아파트,중개거래,서울 구로구
2025,11260,중랑구,10200,상봉동,1,대지,484,0,"엘지,쌍용아파트",20251217,75000,84.67,0,13,,,1996,아파트,중개거래,서울 중랑구
2025,11410,서대문구,11200,대현동,1,대지,110,22,신촌 스타게이트,20251217,24500,18.89,28.58,12,,,2019,오피스텔,중개거래,서울 서대문구
2025,11740,강동구,10100,명일동,1,대지,44,0,신동아,20251217,227500,112.93,0,2,,,1986,아파트,중개거래,서울 강동구
2025,11260,중랑구,10400,묵동,1,대지,246,3,라움스테이,20251217,40980,28.81,19,3,,,2022,연립다세대,중개거래,서울 중랑구
2025,11470,양천구,10100,신정동,1,대지,1311,0,동일하이빌2단지,20251217,129000,115.321,0,19,,,2005,아파트,중개거래,서울 양천구
2025,11320,도봉구,10600,방학동,1,대지,531,0,신동아아파트2,20251217,54500,84.82,0,8,,,1992,아파트,중개거래,서울 도봉구
2025,11350,노원구,10500,상계동,1,대지,765,0,상계주공1(고층),20251217,42000,41.3,0,10,,,1988,아파트,중개거래,서울 노원구
2025,11320,도봉구,10500,쌍문동,1,대지,724,11,샤인빌,20251217,26000,49.6,28,3,,,2008,연립다세대,중개거래,서울 강북구
2025,11530,구로구,10600,고척동,1,대지,330,0,삼익(1단지),20251217,46700,59.82,0,10,,,2001,아파트,중개거래,서울 구로구
2025,11350,노원구,10500,상계동,1,대지,626,0,상계주공14(고층),20251217,40000,41.3,0,9,,,1989,아파트,중개거래,서울 노원구
2025,11350,노원구,10500,상계동,1,대지,765,0,상계주공1(고층),20251217,54000,59.28,0,2,,,1988,아파트,중개거래,서울 노원구
2025,11350,노원구,10300,공릉동,1,대지,754,0,삼익2차아파트,20251217,49800,54.74,0,10,,,2004,아파트,중개거래,서울 노원구
2025,11320,도봉구,10500,쌍문동,1,대지,56,0,삼익세라믹,20251217,32000,42.93,0,8,,,1988,아파트,중개거래,"서울 도봉구, 서울 성북구"
2025,11710,송파구,10600,삼전동,1,대지,110,2,삼전로얄빌라(110-2),20251217,28000,37.8,22,-1,,,1991,연립다세대,중개거래,서울 송파구
2025,11530,구로구,10700,개봉동,1,대지,470,0,삼환,20251217,65000,84.945,0,4,,,1995,아파트,중개거래,서울 구로구
2025,11260,중랑구,10200,상봉동,1,대지,81,5,한일써너스빌,20251217,16300,34.8,48.843,5,,,2003,오피스텔,중개거래,서울 중랑구
2025,11560,영등포구,11100,당산동1가,1,대지,256,215,한울파크빌,20251217,29800,28.57,19,3,,,2015,연립다세대,중개거래,서울 영등포구
2025,11560,영등포구,12500,양평동1가,1,대지,14,1,한신공영,20251217,86000,59.98,0,6,,,1996,아파트,중개거래,서울 영등포구
2025,11530,구로구,10200,구로동,1,대지,642,9,한신,20251217,59000,59.88,0,5,,,1988,아파트,중개거래,서울 구로구
2025,11500,강서구,10900,방화동,1,대지,862,0,한숲마을대림,20251217,59900,84.83,0,1,,,1999,아파트,중개거래,서울 강서구
2025,11230,동대문구,10500,답십리동,1,대지,530,17,한성아펠시티,20251217,27000,29.93,42.86,8,,,2019,오피스텔,중개거래,"서울 동대문구, 서울 송파구"
2025,11230,동대문구,10500,답십리동,1,대지,530,17,한성아펠시티,20251217,17500,22.14,31.98,13,,,2019,오피스텔,직거래,
2025,11560,영등포구,11800,도림동,1,대지,231,1,한라,20251217,72000,59.85,0,15,,,1998,아파트,중개거래,"경기 성남시 분당구, 서울 영등포구"
2025,11170,용산구,12800,한강로3가,1,대지,16,85,한강자이에클라트,20251217,153000,84.73,0,26,,,2006,아파트,중개거래,서울 용산구
2025,11215,광진구,10300,구의동,1,대지,19,7,하이빌,20251217,8500,21.65,10,-1,,,2003,연립다세대,중개거래,서울 광진구
2025,11470,양천구,10200,목동,1,대지,318,268,하늘채,20251217,20000,32.12,23,4,,,2007,연립다세대,중개거래,서울 양천구
2025,11215,광진구,10100,중곡동,1,대지,159,26,해성래미안빌,20251217,45000,84.48,51,1,,,2002,연립다세대,중개거래,서울 광진구
2025,11260,중랑구,10200,상봉동,1,대지,500,0,프레미어스엠코,20251217,106000,79.73,0,17,,,2013,아파트,중개거래,서울 중랑구
2025,11545,금천구,10300,시흥동,1,대지,220,59,퍼스트빌,20251217,18500,29.96,24,3,,,2018,연립다세대,중개거래,서울 금천구
2025,11650,서초구,11100,신원동,1,대지,659,0,해피트리앤,20251217,16000,21.238,29.282,2,,,2015,오피스텔,중개거래,서울 서초구
2025,11350,노원구,10200,월계동,1,대지,18,0,한진한화그랑빌,20251217,95000,84.97,0,27,,,2002,아파트,중개거래,서울 노원구
2025,11170,용산구,10700,동자동,1,대지,56,0,트윈시티 남산,20251217,32500,27.69,44.58,23,,,2015,오피스텔,직거래,
2025,11440,마포구,12300,망원동,1,대지,404,28,부영빌라,20251217,41000,36.99,26,-1,,,1991,연립다세대,중개거래,서울 마포구
2025,11740,강동구,10900,천호동,1,대지,210,14,산돌하우스,20251217,53500,40.94,27,5,,,2023,연립다세대,직거래,
2025,11470,양천구,10300,신월동,1,대지,923,8,삼도빌라,20251217,25000,36.36,30,2,,,1988,연립다세대,중개거래,서울 양천구
2025,11380,은평구,10600,대조동,1,대지,8,7,삼보빌라,20251217,14000,32.25,23,5,,,2008,연립다세대,직거래,
2025,11320,도봉구,10700,창동,1,대지,299,0,상아1차아파트,20251217,63500,69.03,0,4,,,1987,아파트,중개거래,서울 도봉구
2025,11260,중랑구,10200,상봉동,1,대지,101,19,상봉베스트원,20251217,13400,12.95,0,9,,,2019,아파트,직거래,
2025,11350,노원구,10600,중계동,1,대지,593,0,삼성,20251217,82500,84.75,0,12,,,1999,아파트,중개거래,서울 노원구
2025,11350,노원구,10500,상계동,1,대지,691,0,상계주공7(고층),20251217,62500,49.94,0,8,,,1988,아파트,중개거래,서울 노원구
2025,11350,노원구,10600,중계동,1,대지,593,0,삼성,20251217,86000,114.67,0,6,,,1999,아파트,중개거래,서울 노원구
2025,11350,노원구,10500,상계동,1,대지,730,2,상계주공3(고층),20251217,88000,75.2,0,15,,,1987,아파트,중개거래,서울 노원구
2025,11740,강동구,10300,상일동,1,대지,180,3,삼성그린빌라(180-3),20251217,105000,149.19,112,1,,,1999,연립다세대,중개거래,경기 하남시
2025,11560,영등포구,13200,신길동,1,대지,4934,0,삼성래미안,20251217,112500,84.91,0,13,,,2001,아파트,중개거래,서울 영등포구
2025,11200,성동구,10800,응봉동,1,대지,265,89,(265-89),20251217,32500,42.24,21,1,,,1993,연립다세대,중개거래,서울 성동구
2025,11260,중랑구,10200,상봉동,1,대지,315,24,더힐탑,20251217,18500,17.29,10,4,,,2017,연립다세대,중개거래,서울 중랑구
2025,11170,용산구,10100,후암동,1,대지,339,4,(339-4),20251217,23500,34.38,34.38,2,,,1990,오피스텔,중개거래,서울 용산구
2025,11545,금천구,10200,독산동,1,대지,939,12,현대힐타운(939-12),20251217,25000,39.95,22,3,,,2012,연립다세대,중개거래,서울 금천구
2025,11350,노원구,10300,공릉동,1,대지,404,16,(404-16),20251217,29000,77.98,37,3,,,1993,연립다세대,직거래,
2025,11650,서초구,10100,방배동,1,대지,462,2,(462-2),20251217,40000,39,27,-1,,,1986,연립다세대,직거래,
2025,11215,광진구,10500,자양동,1,대지,839,12,(839-12),20251217,44000,30.84,16,4,,,2007,연립다세대,중개거래,서울 광진구
2025,11710,송파구,10600,삼전동,1,대지,60,10,호반디오빌,20251217,30500,27.92,16,2,,,2017,연립다세대,직거래,
2025,11470,양천구,10200,목동,1,대지,730,16,효성하이츠,20251217,14000,57.91,30,-1,,,2000,연립다세대,직거래,
2025,11545,금천구,10300,시흥동,1,대지,840,7,다청림(840-7),20251217,31000,46.32,29,2,,,2012,연립다세대,중개거래,서울 금천구
2025,11260,중랑구,10500,망우동,1,대지,508,2,효성 써너스빌 에코,20251217,9100,18.5,26.809,17,,,2016,오피스텔,중개거래,서울 중랑구
2025,11470,양천구,10200,목동,1,대지,941,0,대원칸타빌2,20251217,142000,84.98,0,4,,,2003,아파트,중개거래,서울 강서구
2025,11500,강서구,10300,화곡동,1,대지,105,90,황제파크빌(105-90),20251217,29500,63,34,2,,,2008,연립다세대,중개거래,서울 강서구
2025,11740,강동구,10800,성내동,1,대지,438,9,화영하우스,20251217,29500,46.18,28,6,,,2017,연립다세대,직거래,
2025,11500,강서구,10300,화곡동,1,대지,56,218,화성빌라B동,20251217,14000,47.64,21,4,,,2002,연립다세대,직거래,
2025,11500,강서구,10300,화곡동,1,대지,1091,0,화곡푸르지오,20251217,110000,84.914,0,10,,,2002,아파트,중개거래,서울 강서구
2025,11500,강서구,10300,화곡동,1,대지,361,1,대림e편한세상,20251217,62500,84.84,0,1,,,1992,아파트,중개거래,서울 강서구
2025,11650,서초구,10100,방배동,1,대지,884,21,대림e-편한세상1,20251217,288000,188.21,0,13,,,2003,아파트,중개거래,서울 서초구
2025,11200,성동구,10700,행당동,1,대지,347,0,대림e-편한세상,20251217,110000,84.87,0,13,,,2000,아파트,직거래,
2025,11500,강서구,10200,등촌동,1,대지,561,1,대림e편한세상,20251217,89500,84.96,0,1,,20260107,2002,아파트,중개거래,"서울 강서구, 서울 양천구"
2025,11440,마포구,10300,신공덕동,1,대지,155,0,신공덕1차삼성래미안1아파트,20251217,217000,114.75,0,10,,,2000,아파트,중개거래,서울 마포구
2025,11545,금천구,10300,시흥동,1,대지,864,0,시흥,20251217,27550,60,61,2,,,1980,연립다세대,직거래,
2025,11350,노원구,10300,공릉동,1,대지,748,0,신도1차아파트,20251217,72500,72.812,0,3,,,2002,아파트,중개거래,서울 노원구
2025,11260,중랑구,10200,상봉동,1,대지,92,2,시네마시티,20251217,11500,38.88,59.31,9,,,2000,오피스텔,중개거래,서울 중랑구
2025,11260,중랑구,10400,묵동,1,대지,162,17,헤르만스테이트,20251217,8600,13.77,0,8,,,2013,아파트,중개거래,서울 중랑구
2025,11620,관악구,10100,봉천동,1,대지,1000,0,현대(관악),20251217,116000,123.29,0,5,,,1992,아파트,중개거래,서울 관악구
2025,11740,강동구,10500,길동,1,대지,341,10,수빌리지,20251217,21000,14.55,9,4,,,2012,연립다세대,중개거래,서울 강동구
2025,11380,은평구,10900,신사동,1,대지,355,0,현대2,20251217,59700,84.83,0,18,,,1994,아파트,중개거래,서울 은평구
2025,11710,송파구,10800,문정동,1,대지,624,0,송파 아이파크,20251217,54500,49.95,71.576,4,,,2015,오피스텔,중개거래,서울 송파구
2025,11530,구로구,10600,고척동,1,대지,320,0,센츄리,20251217,65700,84.56,0,12,,,1994,아파트,중개거래,"서울 구로구, 서울 양천구"
2025,11560,영등포구,12300,문래동5가,1,대지,21,0,현대3차,20251217,78000,84.55,0,1,,,1991,아파트,중개거래,서울 영등포구
2025,11710,송파구,11300,거여동,1,대지,46,0,현대3차,20251217,94700,84.94,0,2,,,1993,아파트,중개거래,서울 송파구
2025,11560,영등포구,13300,대림동,1,대지,650,0,성원(650),20251217,70000,84.66,0,21,,,1995,아파트,중개거래,서울 영등포구
2025,11290,성북구,13200,보문동3가,1,대지,2,0,현대I-PARK,20251217,102000,84.3,0,7,,,2003,아파트,중개거래,서울 성북구
2025,11560,영등포구,11500,당산동5가,1,대지,40,0,성원,20251217,106000,59.94,0,9,,,1997,아파트,중개거래,서울 영등포구
2025,11440,마포구,12500,성산동,1,대지,446,0,성산시영(유원),20251217,155000,59.43,0,7,,,1986,아파트,중개거래,서울 마포구
2025,11290,성북구,13200,보문동3가,1,대지,2,0,현대I-PARK,20251217,91000,84.57,0,2,,,2003,아파트,중개거래,서울 성북구
2025,11545,금천구,10200,독산동,1,대지,971,21,성공리치빌2차,20251217,26000,29.56,20,5,,,2018,연립다세대,중개거래,서울 금천구
2025,11380,은평구,10400,갈현동,1,대지,327,135,선정쉐르빌,20251217,24500,72.68,39,3,,,2003,연립다세대,중개거래,서울 은평구
2025,11710,송파구,10300,풍납동,1,대지,260,0,현대리버빌1지구,20251217,76000,47.4,0,8,,,1999,아파트,중개거래,서울 송파구
2025,11590,동작구,10100,노량진동,,,,,,20251217,11000,66.12,102,,,,1959,단독다가구,중개거래,서울 강남구
2025,11230,동대문구,10500,답십리동,1,대지,530,15,현대썬앤빌청계,20251217,15200,18.27,0,5,,,2016,아파트,중개거래,서울 동대문구
2025,11230,동대문구,10500,답십리동,1,대지,75,21,힐하우스1동2동,20251217,35000,51.524,33,6,,,2025,연립다세대,직거래,
2025,11215,광진구,10300,구의동,1,대지,47,2,현대아트빌라(47-2),20251217,45000,71.87,45,2,,,1998,연립다세대,중개거래,서울 광진구
2025,11650,서초구,10900,내곡동,1,대지,411,0,서초더샵포레,20251217,187500,101.34,0,7,,,2014,아파트,중개거래,서울 서초구
2025,11500,강서구,10300,화곡동,1,대지,105,20,(105-20),20251217,12500,25.45,14,5,,,2011,연립다세대,중개거래,서울 강서구
2025,11650,서초구,10800,서초동,1,대지,1757,0,서초그랑자이,20251217,430000,100.31,0,27,,,2021,아파트,중개거래,서울 서초구
2025,11350,노원구,10200,월계동,1,대지,85,7,서울원 아이파크,20251217,153932,91.77,0,23,분양권,,0,아파트,중개거래,서울 성북구
2025,11215,광진구,10400,광장동,1,대지,577,0,현대파크빌,20251217,171000,59.76,0,21,,,2000,아파트,중개거래,서울 광진구
2025,11470,양천구,10300,신월동,1,대지,475,0,서울가든,20251217,59900,81,0,6,,,1985,아파트,중개거래,서울 양천구
2025,11215,광진구,10400,광장동,1,대지,577,0,현대파크빌,20251217,175000,59.76,0,24,,,2000,아파트,중개거래,서울 광진구
2025,11710,송파구,10700,가락동,1,대지,180,5,(180-5),20251217,13500,38.58,52.72,8,,,2002,오피스텔,중개거래,서울 송파구
2025,11260,중랑구,10600,신내동,1,대지,788,0,동성5,20251217,47800,59.91,0,4,,,1997,아파트,중개거래,서울 중랑구
2025,11590,동작구,10100,노량진동,1,대지,230,4,(230-4),20251217,176000,35.31,28,1,,,1988,연립다세대,중개거래,서울 동작구
2025,11380,은평구,10700,응암동,1,대지,358,8,동산제이콥스,20251217,32000,51.17,40,6,,,2022,연립다세대,중개거래,서울 은평구
2025,11545,금천구,10200,독산동,1,대지,945,1,동도맨션(945-1),20251217,27000,70.2,37,1,,,2006,연립다세대,중개거래,서울 금천구
2025,11710,송파구,10800,문정동,1,대지,639,5,힐스테이트에코송파,20251217,16000,21.064,31.3804,4,,,2017,오피스텔,중개거래,서울 송파구
2025,11380,은평구,10700,응암동,1,대지,770,0,힐스테이트녹번역,20251217,137000,84.99,0,13,,,2022,아파트,중개거래,서울 은평구
2025,11440,마포구,10400,도화동,1,대지,357,0,도화동현대,20251217,172000,128.26,0,4,,,1996,아파트,중개거래,서울 마포구
2025,11440,마포구,10400,도화동,1,대지,357,0,도화동현대,20251217,142000,68.22,0,2,,,1996,아파트,중개거래,서울 마포구
2025,11350,노원구,10600,중계동,1,대지,505,0,경남,20251217,47000,50.97,0,1,,,1989,아파트,중개거래,"경기 수원시 영통구, 서울 노원구"
2025,11350,노원구,10400,하계동,1,대지,273,0,장미(시영6),20251217,59000,49.5,0,4,,,1989,아파트,중개거래,서울 영등포구
2025,11650,서초구,10600,잠원동,1,대지,71,15,잠원중앙하이츠(A동),20251217,470000,229.98,0,17,,,1996,아파트,중개거래,서울 서초구
2025,11710,송파구,10100,잠실동,1,대지,19,0,잠실엘스,20251217,335000,84.97,0,10,,,2008,아파트,중개거래,서울 송파구
2025,11410,서대문구,11100,홍제동,1,대지,104,1,인왕,20251217,78000,56.79,0,6,,,1968,아파트,중개거래,서울 서대문구
2025,11710,송파구,10300,풍납동,1,대지,281,4,이트리움송파(281-4),20251217,84645,84.7,0,4,,,2024,아파트,직거래,
2025,11440,마포구,10800,대흥동,1,대지,12,27,이대역 푸르지오 시티,20251217,26000,28.8,39.6,15,,,2013,오피스텔,중개거래,서울 마포구
2025,11740,강동구,10800,성내동,1,대지,465,13,유원,20251217,58000,57.27,49,2,,,1989,연립다세대,중개거래,서울 강동구
2025,11290,성북구,13600,하월곡동,1,대지,222,0,월곡두산위브,20251217,91000,84.843,0,11,,,2003,아파트,중개거래,서울 성북구
2025,11530,구로구,10600,고척동,1,대지,76,55,"우성,현대아파트",20251217,60000,68.7,0,6,,,1987,아파트,중개거래,"서울 구로구, 서울 양천구"
2025,11590,동작구,10100,노량진동,1,대지,323,0,우성,20251217,131000,59.82,0,15,,,1997,아파트,중개거래,서울 동작구
2025,11500,강서구,10300,화곡동,1,대지,1085,9,와이앤비,20251217,18000,24.84,16,4,,,2015,연립다세대,중개거래,서울 강서구
2025,11410,서대문구,11200,대현동,1,대지,145,0,예스에이피엠,20251217,35500,38.72,0,12,,,2007,아파트,중개거래,서울 서대문구
2025,11620,관악구,10300,남현동,1,대지,1138,0,예성그랑펠리체,20251217,99500,83.45,0,7,,,2007,아파트,중개거래,서울 관악구
2025,11140,중구,16200,신당동,1,대지,366,314,다산미룸,20251217,52300,28.053,20,4,,,2020,연립다세대,중개거래,서울 마포구
2025,11500,강서구,10200,등촌동,1,대지,662,14,녹십초훼미리타운8동,20251217,32000,62.67,24,4,,,2003,연립다세대,중개거래,서울 강서구
2025,11380,은평구,10700,응암동,1,대지,769,0,녹번역e편한세상캐슬,20251217,135000,84.98,0,1,,,2021,아파트,중개거래,서울 은평구
2025,11680,강남구,10800,논현동,1,대지,114,23,로체샤르캐슬,20251217,137000,105.99,0,3,,20260107,2009,아파트,중개거래,서울 강남구
2025,11350,노원구,10600,중계동,1,대지,583,0,금호타운(583),20251217,53900,59.52,0,10,,,1997,아파트,중개거래,서울 노원구
2025,11470,양천구,10200,목동,1,대지,951,0,금호어울림,20251217,150000,133.03,0,5,,,2004,아파트,중개거래,"서울 양천구, 인천 남동구"
2025,11470,양천구,10200,목동,1,대지,951,0,금호어울림,20251217,139000,84.99,0,8,,,2004,아파트,중개거래,서울 양천구
2025,11545,금천구,10200,독산동,1,대지,711,2,금천현대,20251217,50800,59.82,0,1,,,2002,아파트,중개거래,서울 금천구
2025,11500,강서구,10100,염창동,1,대지,246,23,극동,20251217,101000,104.15,0,13,,,2000,아파트,중개거래,서울 강서구
2025,11650,서초구,10800,서초동,1,대지,1445,3,국제전자센터,20251217,47000,53.4,73.76,14,,,1997,오피스텔,중개거래,서울 서초구
2025,11215,광진구,10300,구의동,1,대지,682,0,광진파크하우스,20251217,61000,45.582,0,6,,,2023,아파트,중개거래,"서울 광진구, 서울 서초구"
2025,11215,광진구,10300,구의동,1,대지,682,0,광진파크하우스,20251217,61000,45.582,0,6,,,2023,아파트,중개거래,"서울 광진구, 서울 서초구"
2025,11215,광진구,10700,화양동,1,대지,113,1,광진코지웰,20251217,14300,15.63,0,10,,,2014,아파트,중개거래,서울 광진구
2025,11500,강서구,10100,염창동,1,대지,268,0,관음삼성,20251217,98000,84.93,0,6,,,1997,아파트,중개거래,서울 강서구
2025,11545,금천구,10300,시흥동,1,대지,1013,0,관악산벽산타운5,20251217,59850,84.97,0,13,,,2004,아파트,중개거래,서울 금천구
2025,11620,관악구,10100,봉천동,1,대지,1712,0,관악드림(동아),20251217,98000,60,0,20,,,2003,아파트,중개거래,서울 관악구
2025,11440,마포구,12300,망원동,1,대지,416,69,경일빌라,20251217,34500,43.17,21,-1,,,1993,연립다세대,중개거래,서울 마포구
2025,11500,강서구,10200,등촌동,1,대지,685,0,경동미르웰양천향교2차,20251217,26650,29.68,39.55,11,,,2020,오피스텔,중개거래,서울 강서구
2025,11620,관악구,10100,봉천동,1,대지,1710,10,1710-10,20251217,16000,39.68,17,2,,,1998,연립다세대,직거래,
2025,11590,동작구,10200,상도동,1,대지,211,135,건영(211-135),20251217,25700,29.89,16,2,,,2014,연립다세대,중개거래,서울 동작구
2025,11710,송파구,11300,거여동,1,대지,563,10,거여팰리스,20251217,32000,23.7,9,9,,,2019,연립다세대,중개거래,서울 송파구
2025,11710,송파구,11300,거여동,1,대지,293,0,거여4단지,20251217,76000,39.6,0,4,,,1997,아파트,중개거래,서울 송파구
2025,11500,강서구,10300,화곡동,1,대지,1165,0,강서힐스테이트,20251217,140000,84.99,0,4,,,2015,아파트,중개거래,서울 강서구
2025,11680,강남구,10100,역삼동,1,대지,825,20,강남역 센트럴 푸르지오 시티,20251217,28000,22.01,29.507,16,,,2015,오피스텔,중개거래,서울 강남구
2025,11470,양천구,10200,목동,1,대지,557,17,가성아트빌,20251217,34000,57.12,27,1,,,2001,연립다세대,중개거래,서울 양천구
2025,11560,영등포구,11300,당산동3가,1,대지,558,3,THE PARK 365,20251217,72000,105.63,144.25,6,,,2007,오피스텔,중개거래,서울 영등포구
2025,11740,강동구,10100,명일동,1,대지,228,9,RAUM101,20251217,56000,26.63,19,4,,,2025,연립다세대,직거래,
2025,11410,서대문구,12000,남가좌동,1,대지,385,0,DMC파크뷰자이1단지,20251217,152000,84.971,0,7,,,2015,아파트,중개거래,서울 서대문구
2025,11440,마포구,12700,상암동,1,대지,1654,0,DMC 이안상암1단지,20251217,80000,102.86,130.72,27,,,2007,오피스텔,중개거래,서울 마포구
2025,11620,관악구,10100,봉천동,1,대지,41,305,ACOCITY서울대입구역,20251217,41545,40.07,7,14,,,2025,연립다세대,중개거래,경기 화성시
2025,11620,관악구,10100,봉천동,1,대지,41,305,ACOCITY서울대입구역,20251217,41545,40.07,7,13,,,2025,연립다세대,중개거래,경기 화성시
2025,11620,관악구,10100,봉천동,1,대지,41,305,ACOCITY서울대입구역,20251217,41545,40.07,7,15,,,2025,연립다세대,중개거래,경기 화성시
2025,11620,관악구,10100,봉천동,1,대지,41,305,ACOCITY서울대입구역,20251217,41545,40.07,7,12,,,2025,연립다세대,중개거래,경기 화성시
2025,11620,관악구,10100,봉천동,1,대지,41,305,ACOCITY서울대입구역,20251217,40699,37.16,7,15,,,2025,연립다세대,중개거래,경기 화성시
2025,11620,관악구,10100,봉천동,1,대지,41,305,ACOCITY서울대입구역,20251217,40699,37.16,7,12,,,2025,연립다세대,중개거래,경기 화성시
2025,11620,관악구,10100,봉천동,1,대지,41,305,ACOCITY서울대입구역,20251217,40699,37.16,7,13,,,2025,연립다세대,중개거래,경기 화성시
2025,11620,관악구,10100,봉천동,1,대지,41,305,ACOCITY서울대입구역,20251217,40699,37.16,7,14,,,2025,연립다세대,중개거래,경기 화성시
2025,11620,관악구,10100,봉천동,1,대지,41,305,ACOCITY서울대입구역,20251217,38827,35.22,6,14,,,2025,연립다세대,중개거래,경기 화성시
2025,11620,관악구,10100,봉천동,1,대지,41,305,ACOCITY서울대입구역,20251217,38827,35.22,6,13,,,2025,연립다세대,중개거래,경기 화성시
2025,11620,관악구,10100,봉천동,1,대지,41,305,ACOCITY서울대입구역,20251217,38827,35.22,6,15,,,2025,연립다세대,중개거래,경기 화성시
2025,11620,관악구,10100,봉천동,1,대지,41,305,ACOCITY서울대입구역,20251217,38827,35.22,6,12,,,2025,연립다세대,중개거래,경기 화성시
2025,11620,관악구,10100,봉천동,1,대지,41,305,ACO CITY 서울대입구역,20251217,44204,49.35,69.4,4,,,2025,오피스텔,중개거래,경기 화성시
2025,11620,관악구,10100,봉천동,1,대지,41,305,ACO CITY 서울대입구역,20251217,44204,49.35,69.4,5,,,2025,오피스텔,중개거래,경기 화성시
2025,11620,관악구,10100,봉천동,1,대지,41,305,ACO CITY 서울대입구역,20251217,45409,49.35,69.4,11,,,2025,오피스텔,중개거래,경기 화성시
2025,11620,관악구,10100,봉천동,1,대지,41,305,ACO CITY 서울대입구역,20251217,44498,49.35,69.4,6,,,2025,오피스텔,중개거래,경기 화성시
2025,11620,관악구,10100,봉천동,1,대지,41,305,ACO CITY 서울대입구역,20251217,45085,49.35,69.4,7,,,2025,오피스텔,중개거래,경기 화성시
2025,11620,관악구,10100,봉천동,1,대지,41,305,ACO CITY 서울대입구역,20251217,45408,49.35,69.4,8,,,2025,오피스텔,중개거래,경기 화성시
2025,11620,관악구,10100,봉천동,1,대지,41,305,ACO CITY 서울대입구역,20251217,45408,49.35,69.4,9,,,2025,오피스텔,중개거래,경기 화성시
2025,11620,관악구,10100,봉천동,1,대지,41,305,ACO CITY 서울대입구역,20251217,45408,49.35,69.4,10,,,2025,오피스텔,중개거래,경기 화성시
2025,11620,관악구,10100,봉천동,1,대지,41,305,ACO CITY 서울대입구역,20251217,44182,49,68.62,6,,,2025,오피스텔,중개거래,경기 화성시
2025,11620,관악구,10100,봉천동,1,대지,41,305,ACO CITY 서울대입구역,20251217,45086,49,68.62,10,,,2025,오피스텔,중개거래,경기 화성시
2025,11620,관악구,10100,봉천동,1,대지,41,305,ACO CITY 서울대입구역,20251217,44765,49,68.62,7,,,2025,오피스텔,중개거래,경기 화성시
2025,11620,관악구,10100,봉천동,1,대지,41,305,ACO CITY 서울대입구역,20251217,43890,49,68.62,5,,,2025,오피스텔,중개거래,경기 화성시
2025,11620,관악구,10100,봉천동,1,대지,41,305,ACO CITY 서울대입구역,20251217,43890,49,68.62,4,,,2025,오피스텔,중개거래,경기 화성시
2025,11620,관악구,10100,봉천동,1,대지,41,305,ACO CITY 서울대입구역,20251217,45086,49,68.62,11,,,2025,오피스텔,중개거래,경기 화성시
2025,11620,관악구,10100,봉천동,1,대지,41,305,ACO CITY 서울대입구역,20251217,45086,49,68.62,8,,,2025,오피스텔,중개거래,경기 화성시
2025,11620,관악구,10100,봉천동,1,대지,41,305,ACO CITY 서울대입구역,20251217,45086,49,68.62,9,,,2025,오피스텔,중개거래,경기 화성시
2025,11620,관악구,10100,봉천동,1,대지,41,305,ACO CITY 서울대입구역,20251217,43815,47.96,67.71,7,,,2025,오피스텔,중개거래,경기 화성시
2025,11620,관악구,10100,봉천동,1,대지,41,305,ACO CITY 서울대입구역,20251217,44129,47.96,67.71,8,,,2025,오피스텔,중개거래,경기 화성시
2025,11620,관악구,10100,봉천동,1,대지,41,305,ACO CITY 서울대입구역,20251217,44129,47.96,67.71,9,,,2025,오피스텔,중개거래,경기 화성시
2025,11620,관악구,10100,봉천동,1,대지,41,305,ACO CITY 서울대입구역,20251217,43530,47.96,67.71,6,,,2025,오피스텔,중개거래,경기 화성시
2025,11620,관악구,10100,봉천동,1,대지,41,305,ACO CITY 서울대입구역,20251217,44129,47.96,67.71,11,,,2025,오피스텔,중개거래,경기 화성시
2025,11620,관악구,10100,봉천동,1,대지,41,305,ACO CITY 서울대입구역,20251217,44129,47.96,67.71,10,,,2025,오피스텔,중개거래,경기 화성시
2025,11620,관악구,10100,봉천동,1,대지,41,305,ACO CITY 서울대입구역,20251217,43244,47.96,67.71,5,,,2025,오피스텔,중개거래,경기 화성시
2025,11620,관악구,10100,봉천동,1,대지,41,305,ACO CITY 서울대입구역,20251217,43244,47.96,67.71,4,,,2025,오피스텔,중개거래,경기 화성시
2025,11140,중구,16300,흥인동,1,대지,8,0,동대문솔하임,20251216,20000,19.6,0,14,,,2016,아파트,직거래,
2025,11470,양천구,10300,신월동,1,대지,479,4,더그린신월,20251216,27500,37.88,24,3,,,2014,연립다세대,중개거래,서울 양천구
2025,11350,노원구,10400,하계동,1,대지,271,3,극동,20251216,65300,70.56,0,15,,,1988,아파트,중개거래,서울 노원구
2025,11230,동대문구,11000,이문동,1,대지,225,0,대림e-편한세상,20251216,107000,84.972,0,23,,,2003,아파트,중개거래,서울 동대문구
2025,11260,중랑구,10600,신내동,1,대지,317,0,데시앙,20251216,64500,59.99,0,1,,,2010,아파트,중개거래,서울 중랑구
2025,11320,도봉구,10800,도봉동,1,대지,95,0,도봉 금호어울림 리버파크,20251216,86842,84.96,0,9,분양권,,0,아파트,중개거래,서울 도봉구
2025,11230,동대문구,10200,용두동,1,대지,104,3,동대문 푸르지오시티,20251216,17400,23.47,31.87,6,,,null,오피스텔,중개거래,서울 동대문구
2025,11380,은평구,10500,구산동,1,대지,546,0,대림e-편한세상2,20251216,59000,84.618,0,1,,,2004,아파트,중개거래,서울 은평구
2025,11530,구로구,10100,신도림동,1,대지,646,0,대림e-편한세상4,20251216,199500,152.07,0,9,,,2003,아파트,중개거래,서울 구로구
2025,11380,은평구,10300,불광동,1,대지,334,1,대명스카이,20251216,43000,28.31,19,2,,,2017,연립다세대,중개거래,서울 은평구
2025,11290,성북구,13300,정릉동,1,대지,1015,0,길음뉴타운경남아너스빌,20251216,68000,59.59,0,4,,,1999,아파트,중개거래,서울 성북구
2025,11710,송파구,10300,풍납동,1,대지,506,0,동아한가람1,20251216,149000,84.38,0,13,,,1995,아파트,중개거래,서울 송파구
2025,11470,양천구,10300,신월동,1,대지,1060,0,동원데자뷰,20251216,57000,65.453,0,1,,,2012,아파트,중개거래,서울 양천구
2025,11290,성북구,13400,길음동,1,대지,1278,0,길음동동부센트레빌(1278-0),20251216,56000,59.998,0,4,,,2003,아파트,중개거래,서울 성북구
2025,11680,강남구,11500,수서동,1,대지,746,0,까치마을,20251216,140000,34.44,0,6,,,1993,아파트,중개거래,서울 강남구
2025,11140,중구,16200,신당동,1,대지,405,7,동원스위트홈,20251216,38000,29.73,20,3,,,2015,연립다세대,중개거래,서울 동대문구
2025,11215,광진구,10500,자양동,1,대지,2,3,더 라움 펜트하우스,20251216,112500,58.82,88.97,19,,,2022,오피스텔,중개거래,"서울 광진구, 서울 성동구"
2025,11230,동대문구,10500,답십리동,1,대지,75,27,그린빌라다동,20251216,30000,64.32,92,2,,,1984,연립다세대,직거래,
2025,11680,강남구,11500,수서동,1,대지,746,0,까치마을,20251216,145500,39.6,0,4,,,1993,아파트,중개거래,서울 강남구
2025,11140,중구,16200,신당동,1,대지,844,0,남산타운,20251216,145000,59.94,0,10,,,2002,아파트,중개거래,서울 중구
2025,11350,노원구,10500,상계동,1,대지,1251,0,노원우성,20251216,66700,84.88,0,4,,,1992,아파트,중개거래,서울 노원구
2025,11290,성북구,10300,돈암동,1,대지,1,0,돈암현대아파트,20251216,63000,56.7,0,3,,,1991,아파트,중개거래,서울 성북구
2025,11500,강서구,10800,공항동,1,대지,1398,0,더트루엘마곡HQ,20251216,64500,48.329,0,7,,,2024,아파트,직거래,
2025,11410,서대문구,11000,북아현동,1,대지,1009,0,두산,20251216,114300,59.96,0,2,,,1999,아파트,중개거래,서울 서대문구
2025,11350,노원구,10300,공릉동,1,대지,747,0,두산힐스빌아파트,20251216,86000,84.9,0,15,,,2000,아파트,중개거래,서울 노원구
2025,11140,중구,16200,신당동,1,대지,349,208,그레이스빌,20251216,79700,55.15,26,4,,,2002,연립다세대,중개거래,서울 중구
2025,11530,구로구,10100,신도림동,1,대지,643,0,동아1,20251216,139500,84.908,0,19,,,1999,아파트,중개거래,서울 구로구
2025,11680,강남구,10300,개포동,1,대지,1281,0,디에이치아너힐즈,20251216,390000,84.357,0,20,,,2019,아파트,중개거래,서울 강남구
2025,11215,광진구,10200,능동,1,대지,240,9,라비앙,20251216,61800,49.22,40,3,,,2022,연립다세대,중개거래,서울 광진구
2025,11650,서초구,10300,우면동,1,대지,59,0,동고,20251216,115000,84.96,0,1,,,1995,아파트,중개거래,서울 서초구
2025,11470,양천구,10200,목동,1,대지,951,0,금호어울림,20251216,140000,84.99,0,7,,,2004,아파트,중개거래,서울 양천구
2025,11710,송파구,11200,오금동,1,대지,2,0,대림,20251216,245000,125.79,0,13,,,1988,아파트,중개거래,"서울 강남구, 서울 송파구"
2025,11410,서대문구,12000,남가좌동,1,대지,385,0,DMC파크뷰자이2단지,20251216,149000,84.968,0,5,,20260202,2015,아파트,중개거래,서울 서대문구
2025,11620,관악구,10100,봉천동,1,대지,866,6,덕산스테이트,20251216,16000,19.14,26.2,5,,,2017,오피스텔,중개거래,서울 관악구
2025,11590,동작구,10700,사당동,1,대지,43,18,디에스리브1단지101동,20251216,33500,29.98,18,2,,,2021,연립다세대,중개거래,"서울 동작구, 서울 서초구"
2025,11530,구로구,10100,신도림동,1,대지,642,0,대림1,20251216,90500,59.82,0,3,,,1999,아파트,중개거래,서울 구로구
2025,11530,구로구,10100,신도림동,1,대지,642,0,대림1,20251216,104000,59.82,0,16,,,1999,아파트,중개거래,서울 구로구
2025,11350,노원구,10500,상계동,1,대지,691,0,상계주공7(고층),20251216,51300,45.55,0,13,,,1988,아파트,중개거래,서울 노원구
2025,11350,노원구,10500,상계동,1,대지,670,0,상계주공9(고층),20251216,51000,49.94,0,12,,,1988,아파트,중개거래,서울 노원구
2025,11590,동작구,10200,상도동,1,대지,412,0,상도현대,20251216,78000,59.72,0,8,,,2003,아파트,중개거래,서울 관악구
2025,11350,노원구,10500,상계동,1,대지,626,0,상계주공14(고층),20251216,38800,45.9,0,4,,,1989,아파트,중개거래,서울 노원구
2025,11260,중랑구,10600,신내동,1,대지,650,0,신내6대주,20251216,40000,39.84,0,3,,,1996,아파트,중개거래,서울 중랑구
2025,11440,마포구,12700,상암동,1,대지,1637,0,상암월드컵파크2단지,20251216,116000,59.92,0,17,,,2003,아파트,중개거래,서울 마포구
2025,11500,강서구,10200,등촌동,1,대지,638,0,서광등촌마을아파트,20251216,85500,59.67,0,7,,,1999,아파트,중개거래,서울 강서구
2025,11215,광진구,10300,구의동,1,대지,23,17,삼성스위트빌,20251216,35000,72.62,33,3,,,2002,연립다세대,직거래,
2025,11320,도봉구,10700,창동,1,대지,807,0,쌍용,20251216,120000,135,0,11,,,1997,아파트,중개거래,서울 도봉구
2025,11470,양천구,10200,목동,1,대지,131,39,삼성하이츠빌라1동,20251216,62000,57.48,70,3,,,1990,연립다세대,중개거래,"서울 서초구, 서울 양천구"
2025,11305,강북구,10200,번동,1,대지,411,0,수유역두산위브2,20251216,78000,84.99,0,20,,20260225,2009,아파트,중개거래,서울 강북구
2025,11710,송파구,11200,오금동,1,대지,617,0,송파레미니스2단지,20251216,164000,84.82,0,14,,,2018,아파트,중개거래,서울 송파구
2025,11260,중랑구,10400,묵동,1,대지,243,64,서로팰리스,20251216,25000,39.47,23,2,,,2012,연립다세대,중개거래,서울 중랑구
2025,11650,서초구,10800,서초동,1,대지,1344,13,서초트라팰리스,20251216,248500,121.71,0,10,,,2005,아파트,중개거래,서울 영등포구
2025,11350,노원구,10500,상계동,1,대지,691,0,상계주공7(고층),20251216,67500,49.94,0,6,,,1988,아파트,중개거래,서울 노원구
2025,11500,강서구,10300,화곡동,1,대지,343,39,우성(343-39),20251216,40000,67.02,0,7,,20251226,2001,아파트,중개거래,서울 영등포구
2025,11305,강북구,10200,번동,1,대지,411,0,수유역두산위브2,20251216,78000,84.99,0,20,,,2009,아파트,중개거래,서울 강북구
2025,11350,노원구,10500,상계동,1,대지,463,0,상계신동아,20251216,57000,84.99,0,11,,,1995,아파트,중개거래,서울 노원구
2025,11305,강북구,10300,수유동,1,대지,478,13,세인트캐슬102동,20251216,24600,29.92,19,2,,,2022,연립다세대,직거래,
2025,11470,양천구,10300,신월동,1,대지,475,0,서울가든,20251216,62500,81,0,9,,,1985,아파트,중개거래,서울 양천구
2025,11350,노원구,10500,상계동,1,대지,720,0,상계주공6(고층),20251216,65000,58.01,0,7,,,1988,아파트,중개거래,서울 노원구
2025,11620,관악구,10100,봉천동,1,대지,1591,2,서울대입구삼성,20251216,91000,84.85,0,11,,,1999,아파트,중개거래,경기 과천시
2025,11200,성동구,10200,하왕십리동,1,대지,1070,0,센트라스,20251216,196500,59.95,0,3,,,2016,아파트,중개거래,서울 성동구
2025,11290,성북구,10700,동소문동4가,1,대지,279,0,송산아파트,20251216,60000,58.59,0,10,,,1998,아파트,중개거래,서울 성북구
2025,11470,양천구,10300,신월동,1,대지,218,7,삼성하이츠B,20251216,10000,31.77,17,5,,,2002,연립다세대,중개거래,서울 양천구
2025,11545,금천구,10300,시흥동,1,대지,864,0,시흥,20251216,19500,60,26,1,,,1980,연립다세대,직거래,
2025,11710,송파구,11300,거여동,1,대지,136,0,삼호아파트,20251216,86000,84.96,0,2,,,1999,아파트,중개거래,서울 송파구
2025,11530,구로구,11100,천왕동,1,대지,279,2,천왕이펜하우스2단지,20251216,82000,84.97,0,12,,,2011,아파트,중개거래,서울 구로구
2025,11320,도봉구,10700,창동,1,대지,373,0,창동주공4단지,20251216,37200,41.3,0,8,,20251226,1991,아파트,중개거래,서울 도봉구
2025,11500,강서구,10300,화곡동,1,대지,1091,0,화곡푸르지오,20251216,119800,125.021,0,12,,,2002,아파트,중개거래,서울 강서구
2025,11410,서대문구,11100,홍제동,1,대지,82,0,홍제한양,20251216,67000,60.06,0,1,,,1993,아파트,중개거래,서울 서대문구
2025,11530,구로구,10700,개봉동,1,대지,480,0,현대홈타운,20251216,70000,59.49,0,16,,,2001,아파트,중개거래,서울 구로구
2025,11305,강북구,10300,수유동,1,대지,486,516,현대하이츠빌라,20251216,15500,29.64,17,3,,,1994,연립다세대,중개거래,서울 강북구
2025,11410,서대문구,11100,홍제동,1,대지,19,6,현대빌라(19-6),20251216,62240,39.18,22,1,,,1994,연립다세대,중개거래,서울 서대문구
2025,11710,송파구,11200,오금동,1,대지,11,0,현대백조,20251216,157000,78.59,0,19,,,1997,아파트,중개거래,서울 송파구
2025,11710,송파구,10300,풍납동,1,대지,260,0,현대리버빌1지구,20251216,70500,43.2,0,14,,,1999,아파트,중개거래,서울 송파구
2025,11500,강서구,10100,염창동,1,대지,288,0,현대1,20251216,95000,84.34,0,14,,,1994,아파트,중개거래,서울 강서구
2025,11620,관악구,10100,봉천동,1,대지,1000,0,현대(관악),20251216,84000,58.59,0,6,,,1992,아파트,중개거래,서울 관악구
2025,11740,강동구,10100,명일동,1,대지,56,0,현대(고덕),20251216,186000,84.91,0,3,,,1986,아파트,중개거래,서울 강동구
2025,11110,종로구,18700,무악동,1,대지,82,0,현대,20251216,149980,114.9,0,16,,,2000,아파트,중개거래,서울 종로구
2025,11710,송파구,10400,송파동,1,대지,119,0,한양아파트,20251216,185500,64.26,0,3,,,1983,아파트,중개거래,서울 송파구
2025,11680,강남구,11000,압구정동,1,대지,490,0,한양1차(영동한양),20251216,408500,49.98,0,12,,,1977,아파트,중개거래,서울 강남구
2025,11530,구로구,10700,개봉동,1,대지,476,0,한마을,20251216,75000,59.57,0,4,,,1999,아파트,중개거래,서울 구로구
2025,11530,구로구,10200,구로동,1,대지,182,6,한라빌리언스 오피스텔,20251216,14000,25.99,35.04,8,,,2003,오피스텔,중개거래,서울 구로구
2025,11560,영등포구,10800,영등포동7가,1,대지,94,328,한가람 더원,20251216,23000,25.55,25.55,7,,,2020,오피스텔,중개거래,서울 영등포구
2025,11380,은평구,10700,응암동,1,대지,111,13,하나테크빌,20251216,12500,28.39,39.91,6,,,2003,오피스텔,중개거래,서울 은평구
2025,11710,송파구,10800,문정동,1,대지,618,0,파크하비오,20251216,44500,47.04,59.62,15,,,null,오피스텔,중개거래,"서울 강동구, 서울 송파구"
2025,11470,양천구,10100,신정동,1,대지,339,0,파인빌,20251216,60000,51.92,0,9,,,2001,아파트,중개거래,서울 양천구
2025,11650,서초구,10100,방배동,1,대지,790,8,토담빌라,20251216,108000,80.91,42,1,,,2002,연립다세대,중개거래,"서울 동작구, 서울 서초구"
2025,11710,송파구,10700,가락동,1,대지,166,6,테라펠리체송파,20251216,79500,44.035,0,6,,,2021,아파트,중개거래,서울 송파구
2025,11590,동작구,10200,상도동,1,대지,279,101,태성빌라,20251216,60000,56.81,30,-1,,,1992,연립다세대,중개거래,서울 동작구
2025,11290,성북구,11200,삼선동2가,1,대지,233,0,타임스카이뷰101동102동,20251216,32000,29.38,17,6,,,2019,연립다세대,중개거래,서울 성북구
2025,11380,은평구,10200,녹번동,1,대지,142,89,킴스하임(142-89),20251216,37400,27.77,22,5,,,2021,연립다세대,중개거래,서울 은평구
2025,11350,노원구,10600,중계동,1,대지,582,0,청암3단지(582),20251216,65700,84.536,0,5,,,2003,아파트,중개거래,서울 노원구
2025,11350,노원구,10400,하계동,1,대지,274,0,청솔(시영7),20251216,40200,39.92,0,7,,,1989,아파트,중개거래,서울 노원구
2025,11470,양천구,10300,신월동,1,대지,45,24,청산빌라(45-24),20251216,15500,36.32,30,2,,,1987,연립다세대,중개거래,서울 양천구
2025,11530,구로구,10600,고척동,1,대지,326,0,청구,20251216,86000,114.12,0,5,,,1999,아파트,중개거래,서울 구로구
2025,11110,종로구,17400,창신동,1,대지,703,0,창신쌍용2,20251216,68000,79.87,0,3,,,1993,아파트,중개거래,서울 종로구
2025,11320,도봉구,10700,창동,1,대지,373,0,창동주공4단지,20251216,37200,41.3,0,8,,,1991,아파트,중개거래,서울 도봉구
2025,11740,강동구,10600,둔촌동,1,대지,455,4,아미하우스,20251216,59000,54.05,30,3,,20260116,2019,연립다세대,중개거래,서울 강동구
2025,11410,서대문구,11100,홍제동,1,대지,361,62,우신아트빌(361-62),20251216,26000,42.15,23,1,,,2002,연립다세대,중개거래,서울 서대문구
2025,11530,구로구,10900,궁동,1,대지,213,21,우신빌라,20251216,44700,39.86,51,3,,,1988,연립다세대,중개거래,서울 구로구
2025,11500,강서구,10300,화곡동,1,대지,1165,0,강서힐스테이트,20251216,131500,59.99,0,15,,,2015,아파트,중개거래,서울 강서구
2025,11500,강서구,10100,염창동,1,대지,272,28,염창3우성,20251216,90800,84.96,0,13,,,1993,아파트,중개거래,"서울 강서구, 서울 서대문구"
2025,11500,강서구,10300,화곡동,1,대지,343,39,우성(343-39),20251216,40000,67.02,0,7,,,2001,아파트,중개거래,서울 영등포구
2025,11590,동작구,10700,사당동,1,대지,1135,0,경남아너스빌2차,20251216,83500,59.9,0,9,,,1998,아파트,중개거래,"서울 동작구, 서울 은평구"
2025,11530,구로구,10800,오류동,1,대지,348,0,우림필유,20251216,52800,59.95,0,2,,,2005,아파트,중개거래,서울 구로구
2025,11215,광진구,10700,화양동,1,대지,24,14,경성빌라,20251216,43700,64.4,35,4,,,1993,연립다세대,직거래,
2025,11620,관악구,10100,봉천동,1,대지,1719,0,관악동부센트레빌,20251216,88500,59.75,0,1,,,2004,아파트,중개거래,"대구 수성구, 서울 관악구"
2025,11620,관악구,10100,봉천동,1,대지,1719,0,관악동부센트레빌,20251216,109000,84.7,0,4,,,2004,아파트,중개거래,서울 관악구
2025,11350,노원구,10200,월계동,1,대지,13,0,미성,20251216,62000,33.28,0,1,,20260121,1986,아파트,중개거래,서울 노원구
2025,11740,강동구,10800,성내동,1,대지,133,6,아주주택,20251216,12100,41.46,29,1,,,1986,연립다세대,중개거래,서울 강동구
2025,11500,강서구,10500,마곡동,1,대지,758,4,마곡럭스나인오피스텔,20251216,19900,25.29,35.5,12,,20260413,2016,오피스텔,중개거래,서울 강서구
2025,11620,관악구,10200,신림동,1,대지,1735,0,관악산휴먼시아2단지,20251216,60500,59.96,0,3,,,2008,아파트,중개거래,서울 관악구
2025,11560,영등포구,13200,신길동,1,대지,59,2,엔-씨티오피스텔,20251216,13100,27.72,39.39,5,,,2000,오피스텔,중개거래,서울 영등포구
2025,11170,용산구,11900,효창동,1,대지,5,262,예빌리지,20251216,118000,84.83,0,2,,,2004,아파트,중개거래,서울 용산구
2025,11110,종로구,18200,구기동,1,대지,86,1,(86-1),20251216,107000,84.84,67,3,,,2024,연립다세대,직거래,
2025,11710,송파구,10100,잠실동,1,대지,27,0,주공아파트 5단지,20251216,417500,82.51,0,4,,,1978,아파트,중개거래,서울 송파구
2025,11500,강서구,10200,등촌동,1,대지,695,0,주공5,20251216,89000,58.14,0,4,,,1995,아파트,중개거래,서울 강서구
2025,11290,성북구,13500,종암동,1,대지,131,0,아이파크종암동2차,20251216,93500,84.73,0,5,,,2005,아파트,중개거래,서울 성북구
2025,11350,노원구,10200,월계동,1,대지,556,0,주공2,20251216,46500,58.65,0,1,,,1992,아파트,중개거래,서울 노원구
2025,11110,종로구,17500,숭인동,1,대지,2,1,종로센트레빌,20251216,113000,84.92,0,6,,,2008,아파트,중개거래,서울 종로구
2025,11350,노원구,10500,상계동,1,대지,112,1,연희빌라,20251216,23000,49.97,28,3,,,1996,연립다세대,중개거래,서울 노원구
2025,11470,양천구,10200,목동,1,대지,546,10,(546-10),20251216,38000,54.32,39,4,,,2008,연립다세대,중개거래,서울 양천구
2025,11650,서초구,10700,반포동,1,대지,58,1,(58-1),20251216,43500,24.48,16,6,,,2017,연립다세대,중개거래,서울 서초구
2025,11680,강남구,10100,역삼동,1,대지,777,12,(777-12),20251216,51500,42.37,25,3,,,2015,연립다세대,중개거래,서울 강남구
2025,11710,송파구,10100,잠실동,1,대지,214,19,잠실파크,20251216,50500,27.75,17,4,,,2016,연립다세대,중개거래,서울 송파구
2025,11710,송파구,10100,잠실동,1,대지,176,0,잠실 포레디움,20251216,14900,15.314,23.9371,14,,,2019,오피스텔,중개거래,서울 송파구
2025,11710,송파구,10700,가락동,1,대지,79,7,(79-7),20251216,13000,29.52,38.86,4,,,1990,오피스텔,직거래,
2025,11710,송파구,10200,신천동,1,대지,20,4,잠실 래미안아이파크,20251216,710710,157.92,0,30,입주권,,0,아파트,중개거래,서울 송파구
2025,11710,송파구,10700,가락동,1,대지,79,7,(79-7),20251216,13000,29.52,38.86,3,,,1990,오피스텔,직거래,
2025,11710,송파구,10700,가락동,1,대지,79,7,(79-7),20251216,13000,29.52,38.86,3,,,1990,오피스텔,직거래,
2025,11320,도봉구,10700,창동,1,대지,623,89,이화빌라B,20251216,14600,33.12,26,1,,,1991,연립다세대,중개거래,서울 도봉구
2025,11260,중랑구,10400,묵동,1,대지,396,0,이편한세상화랑대,20251216,90800,59.953,0,16,,,2017,아파트,중개거래,서울 중랑구
2025,11710,송파구,10700,가락동,1,대지,79,7,(79-7),20251216,16000,34.44,45.31,5,,,1990,오피스텔,직거래,
2025,11440,마포구,10800,대흥동,1,대지,12,27,이대역 푸르지오 시티,20251216,26300,28.8,39.6,8,,,2013,오피스텔,중개거래,서울 마포구
2025,11470,양천구,10200,목동,1,대지,728,11,이가채(728-11),20251216,41800,44.75,31,5,,,2014,연립다세대,중개거래,서울 양천구
2025,11380,은평구,10700,응암동,1,대지,88,8,응암아네스트,20251216,11200,13.679,0,14,,,2014,아파트,중개거래,서울 은평구
2025,11380,은평구,10900,신사동,1,대지,371,0,은평신사두산위브2차,20251216,77500,84.99,0,3,,,2011,아파트,중개거래,서울 은평구
2025,11680,강남구,10100,역삼동,1,대지,783,36,783-36,20251216,65000,52.15,29,4,,,2017,연립다세대,중개거래,서울 서초구
2025,11380,은평구,10500,구산동,1,대지,178,32,DH팰리스,20251216,16000,29.98,18,2,,,2015,연립다세대,중개거래,서울 은평구
2025,11410,서대문구,11900,북가좌동,1,대지,453,0,DMC현대아파트,20251216,59900,55.47,0,7,,,2000,아파트,중개거래,서울 서대문구
2025,11500,강서구,10300,화곡동,1,대지,1044,11,MONO(1044-11),20251216,22000,29.91,19,2,,,2012,연립다세대,중개거래,경기 김포시
2025,11620,관악구,10100,봉천동,1,대지,1568,2,PRAVIDA 162,20251216,19000,19.82,26.41,12,,,2013,오피스텔,중개거래,서울 관악구
2025,11545,금천구,10200,독산동,1,대지,1007,13,e편한세상독산더타워,20251216,86000,76.293,0,19,,,2019,아파트,중개거래,서울 금천구
2025,11410,서대문구,11800,홍은동,1,대지,469,0,e편한세상홍제가든플라츠,20251216,125500,84.994,0,11,,,2023,아파트,중개거래,서울 서대문구
2025,11350,노원구,10200,월계동,1,대지,951,0,월계센트럴아이파크,20251216,110000,84.99,0,12,,,2020,아파트,중개거래,서울 노원구
2025,11500,강서구,10400,가양동,1,대지,448,11,가양글로벌퍼스트,20251216,25500,28.12,36.55,7,,,2018,오피스텔,중개거래,서울 강서구
2025,11680,강남구,11200,자곡동,1,대지,600,0,강남 푸르지오시티 1차,20251216,16500,25.06,31.989,7,,,2014,오피스텔,중개거래,서울 강남구
2025,11500,강서구,10600,내발산동,1,대지,657,0,우장산힐스테이트,20251216,159000,84.98,0,11,,,2005,아파트,중개거래,서울 강서구
2025,11680,강남구,11200,자곡동,1,대지,651,0,강남유탑유블레스,20251216,13950,25.57,32.4106,3,,,2014,오피스텔,중개거래,서울 강남구
2025,11320,도봉구,10500,쌍문동,1,대지,486,18,우이그린빌라,20251216,38000,75.24,86,2,,,1986,연립다세대,중개거래,서울 도봉구
2025,11680,강남구,10100,역삼동,1,대지,778,11,아이리스,20251216,32000,19.2,11,4,,,2010,연립다세대,중개거래,서울 강남구
2025,11650,서초구,10300,우면동,1,대지,788,0,엘에이치서초4단지,20251216,180000,84.99,0,7,,,2013,아파트,중개거래,서울 서초구
2025,11350,노원구,10600,중계동,1,대지,445,0,염광,20251216,88000,132.01,0,18,,,1996,아파트,중개거래,서울 노원구
2025,11560,영등포구,12500,양평동1가,1,대지,271,0,영등포중흥에스클래스,20251216,47900,24.85,0,8,,,2021,아파트,중개거래,서울 영등포구
2025,11560,영등포구,10100,영등포동,1,대지,647,0,영등포푸르지오,20251216,142000,73.133,0,13,,,2002,아파트,중개거래,서울 영등포구
2025,11650,서초구,10100,방배동,1,대지,809,34,부림빌라,20251216,76000,68.28,45,3,,,1993,연립다세대,중개거래,서울 서초구
2025,11590,동작구,10100,노량진동,,,,,,20251216,325000,223.8,165,,,,1984,단독다가구,중개거래,"서울 동작구, 서울 용산구"
2025,11440,마포구,12000,서교동,,,,,,20251216,84000,168.66,90,,,,1995,단독다가구,중개거래,서울 양천구
2025,11470,양천구,10200,목동,1,대지,961,0,목동 현대 하이페리온2,20251216,205000,94.486,122.831,30,,,2006,오피스텔,중개거래,서울 양천구
2025,11470,양천구,10100,신정동,1,대지,1295,0,목동2삼성래미안,20251216,150000,84.65,0,10,,,2001,아파트,중개거래,서울 양천구
2025,11470,양천구,10300,신월동,1,대지,1076,0,목동센트럴아이파크위브2단지,20251216,90500,52.85,0,9,,,2020,아파트,중개거래,서울 양천구
2025,11470,양천구,10100,신정동,1,대지,325,0,목동신시가지11,20251216,185000,66.24,0,12,,,1988,아파트,중개거래,서울 양천구
2025,11470,양천구,10100,신정동,1,대지,326,0,목동신시가지12,20251216,184700,56.76,0,1,,,1988,아파트,중개거래,서울 양천구
2025,11140,중구,16200,신당동,,,,,,20251216,95000,87.86,54,,,,1999,단독다가구,중개거래,서울 중구
2025,11470,양천구,10200,목동,1,대지,904,0,목동신시가지4,20251216,186000,47.25,0,18,,,1986,아파트,중개거래,서울 양천구
2025,11470,양천구,10200,목동,1,대지,925,0,목동신시가지7,20251216,259000,66.6,0,6,,,1986,아파트,중개거래,서울 양천구
2025,11230,동대문구,10700,청량리동,,,,,,20251216,100000,54.54,93,,,,1960,단독다가구,중개거래,서울 동대문구
2025,11470,양천구,10200,목동,1,대지,917,0,목동파라곤,20251216,160000,82.69,97.31,30,,,2004,오피스텔,중개거래,서울 양천구
2025,11530,구로구,10200,구로동,1,대지,1127,25,몽삐에뜨3차,20251216,20500,22,31.26,6,,,2019,오피스텔,직거래,
2025,11710,송파구,11400,마천동,,,,,,20251216,86000,44.88,45,,,,1985,단독다가구,중개거래,서울 송파구
2025,11500,강서구,10900,방화동,1,대지,814,0,방화5,20251216,70000,49.77,0,7,,,1994,아파트,중개거래,서울 강서구
2025,11500,강서구,10900,방화동,1,대지,839,0,방화그린,20251216,34000,33.6,0,10,,,1993,아파트,중개거래,서울 강서구
2025,11410,서대문구,11800,홍은동,1,대지,470,0,힐스테이트홍은포레스트,20251216,99000,59.99,0,11,,,2023,아파트,중개거래,서울 서대문구
2025,11740,강동구,10200,고덕동,1,대지,312,0,배재현대,20251216,141000,59.94,0,3,,,1995,아파트,중개거래,서울 강동구
2025,11590,동작구,10200,상도동,1,대지,531,0,힐스테이트 상도 센트럴파크,20251216,185000,84.609,0,15,,,2012,아파트,중개거래,서울 동작구
2025,11560,영등포구,11700,당산동,1,대지,121,108,훼미리하우스138,20251216,10500,14.28,0,11,,,2013,아파트,중개거래,서울 영등포구
2025,11380,은평구,10700,응암동,1,대지,759,0,백련산힐스테이트1차,20251216,76000,59.93,0,14,,,2011,아파트,중개거래,서울 은평구
2025,11440,마포구,12100,동교동,1,대지,155,27,효성홍익인간오피스텔,20251216,33000,43.46,57.563,13,,,2004,오피스텔,중개거래,서울 마포구
2025,11440,마포구,12100,동교동,1,대지,155,27,효성홍익인간오피스텔,20251216,24500,32.25,42.717,12,,,2004,오피스텔,중개거래,서울 마포구
2025,11590,동작구,10400,본동,1,대지,492,0,삼성래미안,20251216,132000,59.901,0,2,,,2004,아파트,중개거래,서울 동작구
2025,11350,노원구,10500,상계동,1,대지,173,1,벽산,20251216,60000,75.03,0,10,,,1989,아파트,중개거래,"서울 강남구, 서울 노원구"
2025,11740,강동구,10100,명일동,1,대지,312,31,삼보아트빌(312-31),20251216,33000,72.64,42,3,,,2004,연립다세대,중개거래,서울 강동구
2025,11590,동작구,10900,신대방동,1,대지,709,0,벽산,20251216,74700,59.76,0,14,,,1997,아파트,중개거래,서울 동작구
2025,11590,동작구,10900,신대방동,1,대지,709,0,벽산,20251216,79000,75.42,0,1,,,1997,아파트,중개거래,서울 동작구
2025,11305,강북구,10100,미아동,1,대지,1354,0,벽산라이브파크,20251216,57500,60,0,3,,,2004,아파트,중개거래,서울 강북구
2025,11305,강북구,10100,미아동,1,대지,1354,0,벽산라이브파크,20251216,67800,84.89,0,8,,,2004,아파트,중개거래,서울 강북구
2025,11305,강북구,10100,미아동,1,대지,1357,0,삼각산아이원,20251216,76000,84.705,0,23,,,2003,아파트,중개거래,서울 강북구
2025,11590,동작구,10700,사당동,1,대지,1149,0,사당롯데캐슬2차,20251216,145000,84.614,0,8,,,2004,아파트,중개거래,서울 동작구
2025,11620,관악구,10100,봉천동,1,대지,1718,0,벽산블루밍,20251216,83000,59.99,0,15,,,2005,아파트,중개거래,서울 관악구
2025,11620,관악구,10100,봉천동,1,대지,1716,0,벽산타운II,20251216,64800,57.36,0,15,,,2003,아파트,중개거래,"서울 관악구, 서울 동작구"
2025,11560,영등포구,13300,대림동,1,대지,1125,0,보라매 신동아 파밀리에,20251216,97500,84.91,0,6,,,2016,아파트,중개거래,"서울 동작구, 서울 영등포구"
2025,11350,노원구,10600,중계동,1,대지,107,13,부강그린빌라트D동,20251216,6600,50.76,23,-1,,,1997,연립다세대,중개거래,서울 노원구
2025,11290,성북구,11000,동소문동7가,1,대지,120,0,브라운스톤동선,20251216,86500,59.96,0,12,,,2010,아파트,중개거래,서울 성북구
2025,11380,은평구,10300,불광동,1,대지,636,0,북한산한양수자인아파트,20251216,57500,59.69,0,6,,,2006,아파트,중개거래,서울 은평구
2025,11320,도봉구,10500,쌍문동,1,대지,732,0,북한산코오롱하늘채,20251216,71000,84.98,0,2,,,2014,아파트,중개거래,서울 도봉구
2025,11290,성북구,13600,하월곡동,1,대지,225,0,래미안월곡,20251216,81000,59.754,0,2,,,2006,아파트,중개거래,서울 성북구
2025,11305,강북구,10100,미아동,1,대지,813,0,래미안트리베라1단지,20251216,92000,84.97,0,17,,,2010,아파트,중개거래,서울 강북구
2025,11590,동작구,10400,본동,1,대지,494,0,래미안트윈파크,20251216,190000,59.9,0,17,,,2011,아파트,중개거래,"서울 강남구, 서울 동작구"
2025,11710,송파구,10700,가락동,1,대지,165,0,래미안파크팰리스,20251216,202000,59.968,0,12,,,2007,아파트,중개거래,서울 송파구
2025,11140,중구,16200,신당동,1,대지,851,0,래미안하이베르,20251216,135000,59.95,0,4,,,2011,아파트,중개거래,서울 중구
2025,11530,구로구,10200,구로동,1,대지,97,0,로제리움2차,20251216,12000,19.74,27.82,3,,,2014,오피스텔,직거래,
2025,11500,강서구,10600,내발산동,1,대지,728,0,롯데1차,20251216,87000,84.512,0,8,,,2002,아파트,중개거래,"서울 강서구, 서울 서대문구"
2025,11560,영등포구,12800,양평동4가,1,대지,249,6,롯데아트빌(249-6),20251216,42200,61.1,28,3,,,2003,연립다세대,중개거래,서울 영등포구
2025,11530,구로구,10700,개봉동,1,대지,64,44,롯데타운,20251216,19700,46.87,30,3,,,2014,연립다세대,중개거래,서울 구로구
2025,11260,중랑구,10100,면목동,1,대지,101,14,루체빌A동,20251216,44000,49.21,29,6,,,2020,연립다세대,중개거래,서울 중랑구
2025,11215,광진구,10500,자양동,1,대지,648,36,리버탑(648-36),20251216,34200,60.73,35,2,,,2010,연립다세대,직거래,
2025,11740,강동구,10100,명일동,1,대지,312,214,리베바움,20251216,27200,41.05,22,3,,,2012,연립다세대,중개거래,서울 강동구
2025,11710,송파구,10100,잠실동,1,대지,22,0,리센츠,20251216,317000,84.99,0,7,,,2008,아파트,중개거래,경기 하남시
2025,11470,양천구,10200,목동,1,대지,318,81,리치빌,20251216,30000,49.82,33,1,,,2007,연립다세대,중개거래,서울 양천구
2025,11500,강서구,10500,마곡동,1,대지,758,4,마곡럭스나인오피스텔,20251216,19900,25.29,35.5,12,,,2016,오피스텔,중개거래,서울 강서구
2025,11500,강서구,10500,마곡동,1,대지,776,2,마곡센트럴대방디엠시티오피스텔,20251216,21500,29.479,42.3423,10,,,2017,오피스텔,중개거래,서울 강서구
2025,11710,송파구,10600,삼전동,,,,,,20251216,630000,492.18,247,,,,2025,단독다가구,중개거래,서울 송파구
2025,11710,송파구,11400,마천동,1,대지,90,27,메이저하이츠,20251216,80000,54.43,25,4,,,2003,연립다세대,중개거래,서울 송파구
2025,11440,마포구,11100,신수동,1,대지,234,3,메종드234,20251216,59000,18.55,16,3,,,2021,연립다세대,중개거래,서울 마포구
2025,11305,강북구,10100,미아동,,,,,,20251216,136400,261.9,205,,,,1989,단독다가구,중개거래,서울 강북구
2025,11590,동작구,10200,상도동,1,대지,416,0,아이파크,20251215,142000,84.96,0,7,,,2004,아파트,중개거래,서울 동작구
2025,11710,송파구,10100,잠실동,1,대지,86,0,아시아선수촌아파트,20251215,545000,151.008,0,3,,,1986,아파트,중개거래,서울 송파구
2025,11200,성동구,10300,홍익동,1,대지,298,0,애드하우징,20251215,37500,28.9,19,6,,,2019,연립다세대,중개거래,서울 성동구
2025,11410,서대문구,11600,창천동,1,대지,20,41,아남오피스텔,20251215,15000,24.525,32.745,8,,,2004,오피스텔,직거래,
2025,11710,송파구,10300,풍납동,1,대지,401,1,쌍용,20251215,140000,84.85,0,4,,,1994,아파트,중개거래,"경기 남양주시, 서울 송파구"
2025,11710,송파구,10700,가락동,1,대지,42,10,신현대빌라(2동),20251215,89800,146.26,78,2,,,1993,연립다세대,중개거래,서울 송파구
2025,11230,동대문구,10800,회기동,1,대지,65,0,신현대,20251215,89500,84.96,0,7,,,1989,아파트,중개거래,"서울 강동구, 서울 동대문구"
2025,11410,서대문구,11900,북가좌동,1,대지,350,2,신정빌라,20251215,98000,73.68,30,2,,,2003,연립다세대,중개거래,"서울 서대문구, 서울 은평구"
2025,11470,양천구,10300,신월동,1,대지,1039,0,신월2차보람쉬움,20251215,53000,59.43,0,4,,,2005,아파트,중개거래,"서울 구로구, 서울 양천구"
2025,11200,성동구,11800,송정동,1,대지,104,0,서울숲아이파크,20251215,126000,84.88,0,10,,,2009,아파트,중개거래,서울 성동구
2025,11680,강남구,10100,역삼동,1,대지,603,7,신논현 마에스트로,20251215,18020,20.35,30.26,4,,,2013,오피스텔,직거래,
2025,11560,영등포구,13200,신길동,1,대지,4938,0,신길자이,20251215,107000,84.94,0,1,,,2011,아파트,중개거래,서울 영등포구
2025,11650,서초구,11100,신원동,1,대지,579,0,서초포레스타5단지,20251215,198000,84.81,0,4,,,2014,아파트,중개거래,서울 서초구
2025,11650,서초구,10800,서초동,1,대지,1355,3,서초월드오피스텔,20251215,30000,59.11,80.42,5,,,1993,오피스텔,중개거래,서울 서초구
2025,11410,서대문구,11100,홍제동,1,대지,478,0,서대문푸르지오센트럴파크,20251215,110000,49.5,0,9,,,2023,아파트,중개거래,서울 서대문구
2025,11215,광진구,10200,능동,1,대지,176,0,신궁전빌라(176-0),20251215,53800,61.42,34,3,,,2000,연립다세대,중개거래,서울 광진구
2025,11500,강서구,10300,화곡동,1,대지,971,5,스위트빌3,20251215,19300,61.23,40,-1,,,2002,연립다세대,중개거래,서울 강서구
2025,11710,송파구,10900,장지동,1,대지,847,0,송파파인타운6단지,20251215,109000,84.93,0,4,,,2008,아파트,직거래,
2025,11350,노원구,10500,상계동,1,대지,670,0,상계주공9(고층),20251215,50000,58.01,0,4,,,1988,아파트,중개거래,서울 노원구
2025,11710,송파구,10800,문정동,1,대지,624,0,송파 아이파크,20251215,28500,29.83,42.745,8,,,2015,오피스텔,직거래,
2025,11215,광진구,10200,능동,1,대지,223,19,솔하우스,20251215,57000,40.76,44,5,,,2018,연립다세대,중개거래,서울 광진구
2025,11215,광진구,10200,능동,1,대지,223,19,솔하우스,20251215,33000,23.5,25,2,,,2018,연립다세대,중개거래,서울 광진구
2025,11215,광진구,10200,능동,1,대지,223,19,솔하우스,20251215,35000,23.5,25,3,,,2018,연립다세대,중개거래,서울 광진구
2025,11650,서초구,10800,서초동,1,대지,1490,1,상지리츠빌(1),20251215,215000,147.46,0,9,,,2002,아파트,중개거래,서울 서초구
2025,11530,구로구,10700,개봉동,1,대지,470,0,삼환,20251215,58000,59.4,0,22,,,1995,아파트,중개거래,서울 구로구
2025,11215,광진구,10200,능동,1,대지,223,19,솔하우스,20251215,25000,18.04,19,4,,,2018,연립다세대,중개거래,서울 광진구
2025,11560,영등포구,10400,영등포동3가,,,,,,20251215,329000,510.02,155,,,20260202,1976,단독다가구,중개거래,서울 영등포구
2025,11320,도봉구,10500,쌍문동,1,대지,137,158,수정그랜드빌(137-158),20251215,20000,62.24,27,1,,20251217,2002,연립다세대,중개거래,경기 시흥시
2025,11215,광진구,10200,능동,1,대지,223,19,솔하우스,20251215,24000,16.95,18,3,,,2018,연립다세대,중개거래,서울 광진구
2025,11215,광진구,10200,능동,1,대지,223,19,솔하우스,20251215,24000,16.95,18,2,,,2018,연립다세대,중개거래,서울 광진구
2025,11215,광진구,10200,능동,1,대지,223,19,솔하우스,20251215,23000,16.51,17,2,,,2018,연립다세대,중개거래,서울 광진구
2025,11215,광진구,10200,능동,1,대지,223,19,솔하우스,20251215,23000,16.51,17,4,,,2018,연립다세대,중개거래,서울 광진구
2025,11530,구로구,10800,오류동,1,대지,340,0,삼천리,20251215,63000,84.75,0,14,,,1998,아파트,중개거래,서울 구로구
2025,11215,광진구,10200,능동,1,대지,223,19,솔하우스,20251215,23000,16.51,17,3,,,2018,연립다세대,중개거래,서울 광진구
2025,11470,양천구,10100,신정동,1,대지,1306,0,세양청마루,20251215,109500,84.98,0,12,,,2006,아파트,중개거래,서울 구로구
2025,11380,은평구,11400,진관동,1,대지,1,0,상림마을6단지푸르지오(615~621동)BL1-6,20251215,88000,101.61,0,7,,,2008,아파트,중개거래,서울 은평구
2025,11350,노원구,10200,월계동,1,대지,12,0,삼호4,20251215,71500,59.49,0,1,,,1987,아파트,중개거래,서울 노원구
2025,11290,성북구,13600,하월곡동,1,대지,224,0,샹그레빌아파트,20251215,72500,79.248,0,12,,,2004,아파트,중개거래,"서울 강북구, 서울 성북구"
2025,11320,도봉구,10800,도봉동,1,대지,641,0,서원,20251215,37000,49.77,0,12,,,1996,아파트,중개거래,서울 도봉구
2025,11650,서초구,11100,신원동,1,대지,557,0,힐스테이트서초젠트리스,20251215,234000,114.9,0,6,,,2014,아파트,중개거래,서울 서초구
2025,11470,양천구,10200,목동,1,대지,743,16,효성빌라,20251215,13000,41.53,31,-1,,,1990,연립다세대,중개거래,서울 양천구
2025,11110,종로구,14800,계동,,,,,,20251215,49000,23.01,56,,,,1911,단독다가구,중개거래,서울 종로구
2025,11260,중랑구,10600,신내동,,,,,,20251215,23200,50.84,95,,,,1985,단독다가구,중개거래,서울 중랑구
2025,11410,서대문구,11800,홍은동,1,대지,455,0,홍은동벽산,20251215,60000,58.64,0,10,,,1997,아파트,중개거래,서울 서대문구
2025,11500,강서구,10900,방화동,1,대지,615,103,형제,20251215,94500,80.03,0,4,,,1982,아파트,중개거래,서울 강서구
2025,11170,용산구,11900,효창동,1,대지,265,0,현진텔,20251215,60000,22.23,11,4,,,2002,연립다세대,중개거래,서울 용산구
2025,11260,중랑구,10100,면목동,,,,,,20251215,35000,73.66,50,,,,1993,단독다가구,중개거래,서울 중랑구
2025,11320,도봉구,10700,창동,1,대지,813,0,현대조합,20251215,56000,59.91,0,7,,,2000,아파트,중개거래,서울 도봉구
2025,11560,영등포구,12400,문래동6가,1,대지,45,0,현대2차,20251215,56000,59.31,0,8,,,1987,아파트,중개거래,서울 강남구
2025,11620,관악구,10100,봉천동,1,대지,1000,0,현대(관악),20251215,105000,84.74,0,9,,,1992,아파트,중개거래,서울 관악구
2025,11620,관악구,10100,봉천동,1,대지,1000,0,현대(관악),20251215,87000,58.59,0,11,,,1992,아파트,중개거래,"경기 하남시, 서울 관악구"
2025,11350,노원구,10200,월계동,1,대지,929,0,현대,20251215,86500,84.98,0,24,,,2000,아파트,중개거래,서울 노원구
2025,11140,중구,16200,신당동,1,대지,840,0,현대,20251215,120000,122.275,0,9,,,1993,아파트,중개거래,서울 중구
2025,11530,구로구,10700,개봉동,1,대지,481,0,현대,20251215,82500,84.99,0,17,,,2001,아파트,중개거래,"서울 구로구, 서울 양천구"
2025,11710,송파구,10400,송파동,1,대지,163,14,현대,20251215,135000,59.91,0,4,,,1997,아파트,중개거래,서울 송파구
2025,11545,금천구,10200,독산동,1,대지,1022,111,해비치빌(1022-111),20251215,25000,24.52,15,5,,,2022,연립다세대,중개거래,서울 금천구
2025,11545,금천구,10200,독산동,1,대지,1022,111,해비치빌(1022-111),20251215,23000,22.055,13,2,,,2022,연립다세대,중개거래,서울 금천구
2025,11380,은평구,10800,역촌동,1,대지,66,8,(66-8),20251215,14000,43.17,19,1,,,1991,연립다세대,중개거래,서울 은평구
2025,11350,노원구,10200,월계동,1,대지,18,0,한진한화그랑빌,20251215,86000,59.94,0,18,,,2002,아파트,중개거래,서울 노원구
2025,11560,영등포구,12500,양평동1가,1,대지,14,1,한신공영,20251215,84500,59.98,0,8,,,1996,아파트,중개거래,서울 영등포구
2025,11350,노원구,10500,상계동,1,대지,458,0,한신3차,20251215,61750,84.59,0,7,,,1990,아파트,중개거래,서울 노원구
2025,11530,구로구,10200,구로동,1,대지,642,9,한신,20251215,44000,44.78,0,5,,,1988,아파트,중개거래,서울 구로구
2025,11500,강서구,10300,화곡동,1,대지,1019,25,한솔스위트홈9차,20251215,34000,76.17,41,2,,,2008,연립다세대,중개거래,서울 강서구
2025,11680,강남구,10100,역삼동,1,대지,781,18,하우징허브,20251215,53000,27.74,16,5,,,2018,연립다세대,중개거래,서울 강남구
2025,11530,구로구,11200,항동,1,대지,242,0,하버라인3단지,20251215,68000,59.86,0,14,,,2019,아파트,중개거래,서울 구로구
2025,11650,서초구,10200,양재동,1,대지,364,5,풍원하임빌,20251215,84500,41.375,24,5,,,2017,연립다세대,중개거래,"서울 강남구, 서울 서초구"
2025,11350,노원구,10300,공릉동,1,대지,727,0,풍림아파트B,20251215,29800,31.32,0,4,,,2001,아파트,중개거래,서울 노원구
2025,11380,은평구,10800,역촌동,1,대지,19,4,푸른솔,20251215,39000,71.82,0,3,,,2007,아파트,중개거래,서울 은평구
2025,11470,양천구,10100,신정동,1,대지,942,18,트라움타운,20251215,20500,25.82,11,6,,,2015,연립다세대,중개거래,서울 양천구
2025,11620,관악구,10200,신림동,1,대지,1424,28,태영,20251215,47700,51.84,0,23,,,1997,아파트,중개거래,서울 관악구
2025,11350,노원구,10300,공릉동,1,대지,81,0,태강아파트(아이파크),20251215,57900,49.6,0,15,,,1999,아파트,중개거래,서울 노원구
2025,11710,송파구,11100,방이동,1,대지,212,8,코오롱아파트,20251215,187500,84.95,0,13,,,1991,아파트,중개거래,서울 송파구
2025,11650,서초구,10800,서초동,1,대지,1338,21,코리아비지니스센타,20251215,34000,45.68,65.23,15,,,1991,오피스텔,중개거래,서울 서초구
2025,11350,노원구,10400,하계동,1,대지,274,0,청솔(시영7),20251215,61500,59.46,0,3,,,1989,아파트,중개거래,서울 노원구
2025,11530,구로구,10200,구로동,1,대지,1278,0,구로두산위브,20251215,49500,36.88,0,18,,,2006,아파트,중개거래,서울 구로구
2025,11530,구로구,10200,구로동,1,대지,1278,0,구로두산위브,20251215,48500,36.88,0,4,,,2006,아파트,중개거래,서울 구로구
2025,11530,구로구,10700,개봉동,1,대지,472,0,두산,20251215,58500,84.96,0,3,,20260122,1997,아파트,중개거래,서울 구로구
2025,11650,서초구,10100,방배동,1,대지,878,15,광명하이츠빌라,20251215,129500,116.31,64,3,,,1993,연립다세대,중개거래,서울 서초구
2025,11290,성북구,11500,삼선동5가,1,대지,298,10,광남 제니텔,20251215,16800,35.88,35.88,13,,,2003,오피스텔,중개거래,서울 성북구
2025,11215,광진구,10400,광장동,1,대지,567,0,광나루현대,20251215,185000,84.92,0,13,,,1996,아파트,중개거래,서울 광진구
2025,11440,마포구,10300,신공덕동,1,대지,15,80,공덕프로포즈Ⅱ,20251215,13050,18.53,26.17,8,,,2015,오피스텔,중개거래,서울 마포구
2025,11740,강동구,10300,상일동,1,대지,513,0,고덕센트럴IPARK,20251215,184000,84.91,0,16,,,2019,아파트,중개거래,서울 강동구
2025,11590,동작구,10700,사당동,1,대지,71,50,경문(71-50),20251215,55000,37.57,22,2,,,1997,연립다세대,중개거래,서울 동작구
2025,11260,중랑구,10600,신내동,1,대지,785,0,건영2차,20251215,63000,57.3,0,10,,,1996,아파트,중개거래,서울 중랑구
2025,11710,송파구,11300,거여동,1,대지,294,0,거여5단지,20251215,113000,59.74,0,7,,,1997,아파트,중개거래,서울 송파구
2025,11710,송파구,11300,거여동,1,대지,293,0,거여4단지,20251215,111000,59.73,0,11,,,1997,아파트,중개거래,서울 송파구
2025,11380,은평구,10400,갈현동,1,대지,484,11,거성리젠시(484-11),20251215,32500,73.22,33,5,,,2012,연립다세대,중개거래,서울 은평구
2025,11710,송파구,10100,잠실동,1,대지,40,0,갤러리아팰리스,20251215,282000,123.291,0,28,,,2005,아파트,중개거래,서울 송파구
2025,11500,강서구,10300,화곡동,1,대지,1165,0,강서힐스테이트,20251215,140000,84.99,0,5,,,2015,아파트,중개거래,서울 강서구
2025,11500,강서구,10100,염창동,1,대지,299,0,강변힐스테이트,20251215,135000,84.99,0,15,,,2005,아파트,중개거래,"서울 강서구, 서울 양천구"
2025,11380,은평구,11000,증산동,1,대지,132,38,(132-38),20251215,67400,49.79,31,-1,,,1991,연립다세대,중개거래,"서울 은평구, 전북 전주시 덕진구"
2025,11500,강서구,10400,가양동,1,대지,1475,0,강변,20251215,66000,34.44,0,9,,,1992,아파트,중개거래,서울 강서구
2025,11680,강남구,11200,자곡동,1,대지,651,0,강남유탑유블레스,20251215,14000,25.57,32.4106,8,,,2014,오피스텔,중개거래,서울 강남구
2025,11290,성북구,13800,장위동,1,대지,233,39,가원하이빌,20251215,60700,48.44,23,3,,,2002,연립다세대,중개거래,서울 성북구
2025,11545,금천구,10200,독산동,1,대지,1005,4,가산글로벌퍼스트,20251215,21500,28.5,37.36,7,,,2018,오피스텔,중개거래,서울 금천구
2025,11620,관악구,10100,봉천동,1,대지,1730,0,e편한세상서울대입구1단지,20251215,148000,84.93,0,11,,,2019,아파트,중개거래,서울 관악구
2025,11620,관악구,10100,봉천동,1,대지,1730,0,e편한세상서울대입구1단지,20251215,130000,59.9,0,16,,,2019,아파트,중개거래,서울 관악구
2025,11215,광진구,10300,구의동,1,대지,680,0,e편한세상광진그랜드파크,20251215,250000,115.946,0,23,,,2021,아파트,중개거래,서울 광진구
2025,11380,은평구,10100,수색동,1,대지,415,1,e편한세상 수색 에코포레,20251215,67500,59.895,0,6,,,2003,아파트,중개거래,서울 은평구
2025,11530,구로구,10200,구로동,1,대지,650,4,SK 허브수 ,20251215,20400,37.53,46.4,6,,,2005,오피스텔,중개거래,서울 구로구
2025,11680,강남구,10500,삼성동,1,대지,142,3,LG선릉에클라트(B),20251215,36000,36.35,0,9,,,2004,아파트,중개거래,서울 강남구
2025,11545,금천구,10200,독산동,1,대지,972,7,JJ팰리스3차,20251215,43900,39.08,29,5,,,2023,연립다세대,중개거래,서울 금천구
2025,11650,서초구,10800,서초동,1,대지,1658,19,(1658-19),20251215,37700,28.15,14,4,,,2018,연립다세대,중개거래,서울 서초구
2025,11410,서대문구,12000,남가좌동,1,대지,385,0,DMC파크뷰자이3단지,20251215,121500,59.981,0,3,,,2015,아파트,중개거래,서울 서대문구
2025,11410,서대문구,12000,남가좌동,1,대지,385,0,DMC파크뷰자이1단지,20251215,177000,121.614,0,16,,,2015,아파트,중개거래,서울 서대문구
2025,11380,은평구,10100,수색동,1,대지,418,0,DMCSKVIEW,20251215,133000,84.996,0,1,,,2023,아파트,중개거래,서울 은평구
2025,11440,마포구,10400,도화동,1,대지,555,0,마포 한화 오벨리스크,20251215,56000,42.28,58.68,22,,20251219,2004,오피스텔,중개거래,서울 마포구
2025,11590,동작구,10200,상도동,1,대지,361,63,(361-63),20251215,20500,20.68,13,1,,,2004,연립다세대,중개거래,서울 동작구
2025,11230,동대문구,10400,전농동,1,대지,558,68,(558-68),20251215,29500,23.33,15,3,,,2014,연립다세대,중개거래,서울 동대문구
2025,11305,강북구,10300,수유동,1,대지,391,36,대원빌,20251215,18500,68.29,32,5,,,2012,연립다세대,중개거래,서울 강북구
2025,11560,영등포구,11100,당산동1가,1,대지,256,117,당산아틀리에,20251215,35000,25.08,16,3,,,2020,연립다세대,중개거래,서울 영등포구
2025,11560,영등포구,11400,당산동4가,1,대지,95,0,당산금호어울림,20251215,153000,84.25,0,14,,,2002,아파트,중개거래,"서울 양천구, 서울 영등포구"
2025,11680,강남구,11400,일원동,1,대지,671,3,다세대주택,20251215,78000,49.81,33,2,,,1986,연립다세대,중개거래,서울 강남구
2025,11350,노원구,10500,상계동,1,대지,1410,0,노원롯데캐슬시그니처,20251215,88500,59.975,0,12,,,2023,아파트,중개거래,서울 노원구
2025,11215,광진구,10100,중곡동,1,대지,91,46,금화아트빌,20251215,36000,35.93,21,2,,,2012,연립다세대,중개거래,서울 광진구
2025,11545,금천구,10200,독산동,1,대지,1147,0,금천롯데캐슬골드파크1차,20251215,114500,84.396,0,20,,,2016,아파트,중개거래,"경기 남양주시, 서울 금천구"
2025,11215,광진구,10100,중곡동,1,대지,58,21,극동빌라,20251215,12500,50.92,21,-1,,,1996,연립다세대,중개거래,서울 광진구
2025,11590,동작구,10700,사당동,1,대지,105,0,극동(105),20251215,118000,46.75,0,11,,,1993,아파트,중개거래,서울 동작구
2025,11230,동대문구,10200,용두동,1,대지,792,0,래미안 허브리츠,20251215,144000,84.97,0,9,,,2011,아파트,중개거래,서울 동대문구
2025,11320,도봉구,10700,창동,1,대지,749,15,라르플레이스2단지,20251215,17800,29.16,36.98,8,,,2019,오피스텔,중개거래,서울 도봉구
2025,11530,구로구,10100,신도림동,1,대지,692,0,디큐브시티,20251215,147000,84.96,0,33,,,2011,아파트,중개거래,서울 구로구
2025,11680,강남구,10800,논현동,1,대지,252,1,두산위브1단지,20251215,225000,84.914,0,6,,,2004,아파트,중개거래,서울 강남구
2025,11230,동대문구,10500,답십리동,1,대지,990,0,두산,20251215,82000,59.96,0,7,,,2000,아파트,중개거래,서울 동대문구
2025,11320,도봉구,10700,창동,1,대지,808,0,동아청솔,20251215,82000,59.76,0,10,,,1997,아파트,중개거래,서울 도봉구
2025,11560,영등포구,13200,신길동,1,대지,158,28,주원베르빌101동,20251215,60000,29.69,17,4,,20251223,2019,연립다세대,중개거래,서울 영등포구
2025,11545,금천구,10200,독산동,1,대지,887,21,동산아트(887-21),20251215,21500,51.21,30,5,,,2014,연립다세대,중개거래,서울 금천구
2025,11230,동대문구,10900,휘경동,1,대지,294,136,동부체리빌,20251215,32500,47.24,28,2,,,2003,연립다세대,중개거래,서울 동대문구
2025,11710,송파구,11100,방이동,1,대지,168,10,덕원파크맨션,20251215,68500,79.56,71,2,,,1989,연립다세대,직거래,
2025,11440,마포구,10800,대흥동,1,대지,660,0,대흥동태영아파트,20251215,198000,84.77,0,2,,,1999,아파트,중개거래,서울 마포구
2025,11215,광진구,10500,자양동,1,대지,651,31,대원빌13차,20251215,88000,29,19,4,,,2017,연립다세대,중개거래,서울 광진구
2025,11500,강서구,10200,등촌동,1,대지,684,3,대룡드림타워-1,20251215,16500,30.32,40.56,3,,,2004,오피스텔,직거래,
2025,11440,마포구,10300,신공덕동,1,대지,167,0,대우메트로디오빌,20251215,39000,35.14,0,25,,,2005,아파트,중개거래,서울 마포구
2025,11680,강남구,10100,역삼동,1,대지,720,25,대우디오빌,20251215,85000,59.15,0,23,,,2002,아파트,중개거래,서울 강남구
2025,11530,구로구,10600,고척동,1,대지,296,0,대우,20251215,60000,59.97,0,9,,,1999,아파트,중개거래,서울 구로구
2025,11620,관악구,10200,신림동,1,대지,646,204,미성빌라트,20251215,29000,76.24,35,-1,,20260122,2001,연립다세대,중개거래,서울 관악구
2025,11500,강서구,10300,화곡동,1,대지,105,493,대영주택,20251215,16000,44.34,33,1,,,1986,연립다세대,직거래,
2025,11200,성동구,10700,행당동,1,대지,347,0,대림e-편한세상,20251215,134500,59.96,0,1,,,2000,아파트,중개거래,서울 성동구
2025,11530,구로구,10100,신도림동,1,대지,642,0,대림2,20251215,127000,84.95,0,3,,,2001,아파트,중개거래,"서울 구로구, 서울 마포구"
2025,11710,송파구,11100,방이동,1,대지,191,9,에덴파크맨션,20251215,49500,77.49,44,3,,,1990,연립다세대,중개거래,"서울 강동구, 서울 송파구"
2025,11650,서초구,10800,서초동,1,대지,1487,110,에비앙하우스,20251215,40000,27.44,15,4,,,2017,연립다세대,중개거래,서울 서초구
2025,11260,중랑구,10600,신내동,1,대지,644,0,엘리어트하우스,20251215,8300,18.59,20.77,3,,,2003,오피스텔,중개거래,서울 중랑구
2025,11650,서초구,10800,서초동,1,대지,1599,2,엘지서초에클라트,20251215,25700,30.967,41.112,14,,,2004,오피스텔,중개거래,서울 서초구
2025,11380,은평구,10800,역촌동,1,대지,232,0,역촌센트레빌,20251215,65000,59.86,0,15,,,2011,아파트,중개거래,서울 은평구
2025,11680,강남구,10300,개포동,1,대지,1224,4,예가풍경채3차,20251215,83000,37.43,22,5,,,2019,연립다세대,중개거래,"서울 강남구, 서울 서초구"
2025,11215,광진구,10500,자양동,1,대지,229,21,예다움,20251215,59900,25.16,15,3,,,2016,연립다세대,중개거래,"서울 광진구, 서울 성동구"
2025,11500,강서구,10200,등촌동,1,대지,530,27,예지보금자리45차,20251215,25000,57.9,32,4,,,2007,연립다세대,직거래,
2025,11530,구로구,11000,온수동,1,대지,155,0,온수힐스테이트,20251215,70000,84.97,0,1,,,2010,아파트,중개거래,서울 구로구
2025,11410,서대문구,11900,북가좌동,1,대지,150,0,요진,20251215,63000,82.08,0,12,,,1998,아파트,중개거래,서울 서대문구
2025,11710,송파구,11300,거여동,1,대지,604,4,우성르보아 위례,20251215,65000,59.8,90.8243,14,,,2023,오피스텔,직거래,
2025,11680,강남구,11800,도곡동,1,대지,463,1,우성사원5,20251215,280000,78.99,0,9,,,1986,아파트,중개거래,서울 강남구
2025,11200,성동구,10500,마장동,1,대지,835,0,우성에비뉴,20251215,81000,70.88,0,6,,,2017,아파트,중개거래,"서울 동대문구, 서울 성동구"
2025,11500,강서구,10300,화곡동,1,대지,1159,0,"우장산아이파크,이편한세상",20251215,140000,84.97,0,3,,,2008,아파트,중개거래,서울 강서구
2025,11410,서대문구,11900,북가좌동,1,대지,371,1,월드컵현대,20251215,80000,59.76,0,9,,,1998,아파트,중개거래,서울 서대문구
2025,11530,구로구,10700,개봉동,1,대지,264,12,위하우스(264-12),20251215,19000,29.78,18,2,,,2018,연립다세대,중개거래,서울 구로구
2025,11230,동대문구,10600,장안동,1,대지,131,1,유엔팰리스(131-1),20251215,67500,123.53,0,5,,,2004,아파트,중개거래,서울 동대문구
2025,11380,은평구,11400,진관동,1,대지,62,0,은평스카이뷰자이,20251215,114000,84.336,0,18,,,2019,아파트,중개거래,서울 은평구
2025,11650,서초구,10800,서초동,1,대지,1512,3,일광빌라(1512),20251215,90000,56.57,52,3,,,1986,연립다세대,중개거래,서울 서초구
2025,11620,관악구,10100,봉천동,1,대지,1021,0,일두(1021),20251215,54500,57.66,0,5,,,1985,아파트,중개거래,"경기 고양시 일산서구, 서울 관악구"
2025,11215,광진구,10500,자양동,1,대지,861,0,자양 호반써밋,20251215,48000,29.937,45.8881,17,,,2021,오피스텔,중개거래,서울 광진구
2025,11710,송파구,10500,석촌동,1,대지,285,0,잠실한솔,20251215,190000,84.87,0,17,,,2000,아파트,중개거래,서울 송파구
2025,11350,노원구,10400,하계동,1,대지,273,0,장미(시영6),20251215,49800,39.78,0,4,,,1989,아파트,중개거래,서울 노원구
2025,11230,동대문구,10600,장안동,1,대지,374,1,장안현대벤처빌,20251215,18000,43.42,56.03,21,,,2004,오피스텔,직거래,
2025,11290,성북구,13300,정릉동,1,대지,1028,0,정릉e-편한세상,20251215,66500,59.77,0,15,,,2006,아파트,중개거래,서울 성북구
2025,11290,성북구,13300,정릉동,1,대지,1020,0,정릉우성아파트 101~105동,20251215,73000,84.99,0,9,,,2000,아파트,중개거래,서울 성북구
2025,11320,도봉구,10700,창동,1,대지,603,55,제2차둥지빌라,20251215,14800,35.61,17,3,,,1993,연립다세대,직거래,
2025,11230,동대문구,10900,휘경동,1,대지,57,0,주공2,20251215,54300,39.98,0,13,,,2001,아파트,중개거래,서울 동대문구
2025,11230,동대문구,10900,휘경동,1,대지,57,0,주공2,20251215,52300,39.98,0,11,,,2001,아파트,중개거래,서울 동대문구
2025,11560,영등포구,13200,신길동,1,대지,158,28,주원베르빌101동,20251215,60000,29.69,17,4,,,2019,연립다세대,중개거래,서울 영등포구
2025,11350,노원구,10600,중계동,1,대지,599,0,중계스타클래스,20251215,69300,84.686,0,9,,,2005,아파트,중개거래,서울 노원구
2025,11350,노원구,10600,중계동,1,대지,41,0,중계현대하이츠,20251215,40000,77.88,58,3,,,2007,연립다세대,중개거래,서울 노원구
2025,11710,송파구,10400,송파동,1,대지,41,1,진흥하임빌B동,20251215,33000,29.78,20,3,,,2015,연립다세대,중개거래,"서울 강남구, 서울 송파구"
2025,11320,도봉구,10700,창동,1,대지,305,0,창동주공1단지,20251215,51600,49.94,0,10,,,1990,아파트,중개거래,서울 도봉구
2025,11320,도봉구,10700,창동,1,대지,347,0,창동주공3단지(해등마을),20251215,50500,41.3,0,12,,,1990,아파트,중개거래,서울 도봉구
2025,11410,서대문구,11900,북가좌동,1,대지,5,82,청나맨션,20251215,16000,43.46,17,4,,,1994,연립다세대,직거래,
2025,11320,도봉구,10500,쌍문동,1,대지,713,0,에덴,20251215,42700,67.404,0,6,,,2001,아파트,중개거래,서울 도봉구
2025,11470,양천구,10200,목동,1,대지,901,0,목동신시가지1,20251215,270000,99.15,0,5,,,1985,아파트,중개거래,서울 양천구
2025,11500,강서구,10100,염창동,1,대지,248,3,삼성하나로,20251215,70500,59.26,0,14,,,1994,아파트,중개거래,서울 강서구
2025,11740,강동구,10800,성내동,1,대지,562,10,삼성아트빌(562-10),20251215,46500,45.82,28,3,,,2014,연립다세대,중개거래,서울 강동구
2025,11440,마포구,12700,상암동,1,대지,1597,0,사보이시티디엠씨,20251215,14000,21.65,29.78,12,,,2016,오피스텔,중개거래,서울 마포구
2025,11680,강남구,11500,수서동,1,대지,716,0,사이룩스,20251215,43500,51.38,68.77,15,,,2003,오피스텔,중개거래,서울 강남구
2025,11305,강북구,10100,미아동,1,대지,1357,0,삼각산아이원,20251215,73000,84.705,0,14,,,2003,아파트,중개거래,서울 강북구
2025,11530,구로구,10200,구로동,1,대지,256,1,삼성래미안,20251215,100500,109.651,0,12,,,2004,아파트,중개거래,서울 구로구
2025,11620,관악구,10200,신림동,1,대지,1638,1,삼모 더 프라임 타워,20251215,16000,23.89,34.87,19,,,2011,오피스텔,중개거래,서울 관악구
2025,11545,금천구,10200,독산동,1,대지,1057,8,삼성아르빌A,20251215,32500,45.34,23,3,,,2002,연립다세대,중개거래,서울 금천구
2025,11440,마포구,10700,마포동,1,대지,407,0,마포강변타운,20251215,37000,45.78,20,2,,,2013,연립다세대,중개거래,서울 마포구
2025,11290,성북구,11200,삼선동2가,1,대지,420,0,삼선현대힐스테이트,20251215,83000,56.83,0,4,,,2009,아파트,중개거래,서울 성북구
2025,11530,구로구,10200,구로동,1,대지,112,32,삼성드림빌,20251215,26200,29.92,18,5,,,2020,연립다세대,중개거래,"경기 부천시 원미구, 서울 구로구"
2025,11470,양천구,10100,신정동,1,대지,325,0,목동신시가지11,20251215,189000,66.24,0,9,,,1988,아파트,중개거래,서울 양천구
2025,11470,양천구,10200,목동,1,대지,905,22,목동트윈빌,20251215,170000,129.37,0,12,,,2000,아파트,중개거래,서울 양천구
2025,11470,양천구,10200,목동,1,대지,539,4,목동효성,20251215,91000,84.8,0,16,,,2003,아파트,중개거래,서울 양천구
2025,11710,송파구,11400,마천동,1,대지,575,0,마천금호어울림1차아파트,20251215,99700,84.95,0,5,,,2002,아파트,중개거래,서울 송파구
2025,11620,관악구,10100,봉천동,1,대지,180,146,무궁화맨션(180-146),20251215,18000,41.07,21,4,,,1994,연립다세대,직거래,
2025,11710,송파구,10800,문정동,1,대지,145,0,문정시영,20251215,72700,35.46,0,12,,,1989,아파트,중개거래,서울 송파구
2025,11500,강서구,10600,내발산동,1,대지,753,0,마곡수명산파크4단지,20251215,114500,84.53,0,5,,,2008,아파트,중개거래,서울 강서구
2025,11470,양천구,10200,목동,1,대지,318,81,리치빌,20251215,26000,50.25,34,2,,,2007,연립다세대,중개거래,서울 양천구
2025,11710,송파구,10800,문정동,1,대지,145,0,문정시영,20251215,95000,39.69,0,13,,,1989,아파트,중개거래,서울 송파구
2025,11530,구로구,10100,신도림동,1,대지,290,0,미성,20251215,80000,66.03,0,7,,,1987,아파트,중개거래,서울 구로구
2025,11230,동대문구,10200,용두동,1,대지,790,0,롯데캐슬피렌체,20251215,49000,37.73,0,12,,,2009,아파트,직거래,
2025,11305,강북구,10100,미아동,1,대지,812,0,삼성래미안트리베라2단지,20251215,99000,84.29,0,19,,,2010,아파트,중개거래,서울 강북구
2025,11290,성북구,13400,길음동,1,대지,1289,0,롯데캐슬클라시아,20251215,163600,84.769,0,13,,,2022,아파트,중개거래,서울 강북구
2025,11350,노원구,10200,월계동,1,대지,947,0,롯데캐슬루나,20251215,82000,84.985,0,1,,,2006,아파트,중개거래,"서울 노원구, 서울 동대문구"
2025,11140,중구,16500,황학동,1,대지,2545,0,롯데캐슬,20251215,114500,84.97,0,23,,,2008,아파트,중개거래,서울 중구
2025,11710,송파구,10200,신천동,1,대지,29,0,롯데월드타워앤드롯데월드몰,20251215,1010000,252.83,413.24,63,,,null,오피스텔,중개거래,서울 강남구
2025,11380,은평구,11400,진관동,1,대지,102,0,박석고개1단지힐스테이트(116~131동)BL2-1,20251215,108000,84.72,0,13,,,2009,아파트,중개거래,서울 은평구
2025,11560,영등포구,11600,당산동6가,1,대지,237,14,반석빌라(237-14),20251215,38000,47.67,32,-1,,,1996,연립다세대,중개거래,서울 영등포구
2025,11110,종로구,18300,평창동,1,대지,523,27,발트하우스(523-27),20251215,142000,238.44,378,2,,,2009,연립다세대,중개거래,서울 종로구
2025,11500,강서구,10900,방화동,1,대지,814,0,방화5,20251215,45000,39.6,0,2,,,1994,아파트,중개거래,서울 강서구
2025,11500,강서구,10900,방화동,1,대지,814,0,방화5,20251215,61000,49.77,0,2,,,1994,아파트,중개거래,서울 강서구
2025,11380,은평구,10700,응암동,1,대지,767,0,백련산에스케이뷰아이파크,20251215,93000,59.933,0,4,,,2020,아파트,중개거래,서울 은평구
2025,11215,광진구,10200,능동,1,대지,239,42,로뎀하우스,20251215,15000,12.15,10,3,,,2009,연립다세대,중개거래,서울 광진구
2025,11215,광진구,10200,능동,1,대지,239,42,로뎀하우스,20251215,12200,11.31,8,1,,,2009,연립다세대,중개거래,서울 광진구
2025,11380,은평구,10700,응암동,1,대지,768,0,백련산해모로,20251215,73000,50.74,0,9,,,2020,아파트,중개거래,"광주 남구, 서울 은평구"
2025,11545,금천구,10300,시흥동,1,대지,1010,0,벽산,20251215,50200,84.99,0,5,,,2000,아파트,중개거래,서울 금천구
2025,11545,금천구,10300,시흥동,1,대지,1002,1,럭키남서울아파트,20251215,41000,41.26,0,11,,,1981,아파트,중개거래,서울 금천구
2025,11215,광진구,10300,구의동,1,대지,668,0,래미안파크스위트,20251215,175000,75.71,0,5,,,2018,아파트,중개거래,서울 광진구
2025,11710,송파구,10800,문정동,1,대지,618,0,파크하비오,20251215,44500,47.04,59.62,15,,20251222,null,오피스텔,중개거래,"서울 강동구, 서울 송파구"
2025,11710,송파구,11400,마천동,1,대지,10,9,보아스힐,20251215,17800,33.68,25,2,,,2008,연립다세대,직거래,
2025,11560,영등포구,10400,영등포동3가,,,,,,20251215,329000,510.02,155,,,,1976,단독다가구,중개거래,서울 영등포구
2025,11140,중구,16200,신당동,,,,,,20251215,157500,250.09,83,,,,1997,단독다가구,중개거래,"서울 강남구, 서울 중구"
2025,11620,관악구,10100,봉천동,1,대지,1706,0,봉천우성,20251215,83400,59.76,0,15,,,2000,아파트,중개거래,서울 관악구
2025,11590,동작구,10100,노량진동,,,,,,20251215,280000,206.5,139,,,,1995,단독다가구,중개거래,서울 동작구
2025,11620,관악구,10200,신림동,,,,,,20251215,102000,197.91,132,,,,1989,단독다가구,중개거래,서울 관악구
2025,11380,은평구,10300,불광동,1,대지,633,0,북한산현대홈타운,20251215,103000,114.998,0,9,,,2004,아파트,중개거래,서울 은평구
2025,11215,광진구,10500,자양동,,,,,,20251215,122500,143.1,123,,,,1975,단독다가구,중개거래,"서울 광진구, 서울 동작구"
2025,11650,서초구,10800,서초동,1,대지,1677,1,브라운스톤서초,20251215,35000,37.98,50.63,3,,,2006,오피스텔,중개거래,서울 서초구
2025,11740,강동구,10800,성내동,1,대지,64,13,브라운스톤천호,20251215,22000,30.09,42.43,9,,,2007,오피스텔,중개거래,서울 강동구
2025,11530,구로구,10800,오류동,1,대지,355,0,비앤비퀸즈빌(355),20251215,23200,39.8,24,4,,,2013,연립다세대,중개거래,서울 구로구
2025,11470,양천구,10300,신월동,1,대지,42,2,삼성충효빌라다동,20251214,10000,42.22,23,3,,,1996,연립다세대,직거래,
2025,11620,관악구,10200,신림동,1,대지,1730,0,신림푸르지오,20251214,97000,84.79,0,18,,,2005,아파트,중개거래,"서울 관악구, 서울 동대문구"
2025,11590,동작구,10400,본동,1,대지,481,0,신동아,20251214,73000,46.75,0,9,,,1993,아파트,중개거래,서울 동작구
2025,11500,강서구,10300,화곡동,1,대지,105,258,아성위너스빌,20251214,24200,56.52,33,3,,,2008,연립다세대,중개거래,서울 강서구
2025,11650,서초구,10800,서초동,1,대지,1420,18,신원아침도시(1420),20251214,175000,84.34,0,9,,,2005,아파트,중개거래,서울 서초구
2025,11320,도봉구,10800,도봉동,1,대지,641,0,서원,20251214,34700,49.77,0,15,,,1996,아파트,중개거래,"서울 노원구, 서울 도봉구"
2025,11290,성북구,13800,장위동,1,대지,233,143,세창빌라,20251214,52500,34.38,17,1,,,1991,연립다세대,중개거래,서울 성북구
2025,11560,영등포구,12600,양평동2가,1,대지,38,1,삼성래미안,20251214,120000,114.63,0,11,,,1998,아파트,중개거래,서울 영등포구
2025,11500,강서구,10900,방화동,1,대지,251,30,송화그린빌,20251214,13000,38.47,32,2,,,2005,연립다세대,직거래,
2025,11470,양천구,10200,목동,1,대지,324,93,신한캐슬,20251214,34300,41.56,24,3,,,2017,연립다세대,중개거래,서울 양천구
2025,11290,성북구,13300,정릉동,1,대지,266,30,설운각빌라,20251214,9500,65.64,30,-1,,,1992,연립다세대,직거래,
2025,11230,동대문구,10700,청량리동,1,대지,235,1,미주,20251214,130000,101.62,0,5,,,1978,아파트,중개거래,서울 동대문구
2025,11650,서초구,10100,방배동,1,대지,816,13,르시엘6차(816-13),20251214,36000,29.88,21,4,,,2011,연립다세대,중개거래,경기 안양시 동안구
2025,11590,동작구,10200,상도동,1,대지,279,414,라이프하우스(279-414),20251214,43000,64.59,32,4,,,2012,연립다세대,중개거래,서울 동작구
2025,11470,양천구,10200,목동,1,대지,908,34,부영3,20251214,247000,152.63,0,23,,,2000,아파트,중개거래,"경기 김포시, 서울 양천구"
2025,11680,강남구,10500,삼성동,1,대지,27,5,로얄빌,20251214,76000,39.6,24,4,,,2001,연립다세대,직거래,
2025,11500,강서구,10900,방화동,1,대지,830,5,방화샤르망2오피스텔,20251214,5700,17.636,24.965,9,,,2003,오피스텔,중개거래,서울 강서구
2025,11470,양천구,10200,목동,1,대지,911,0,목동신시가지6,20251214,368000,142.39,0,1,,,1986,아파트,중개거래,"경기 김포시, 서울 양천구"
2025,11590,동작구,10700,사당동,1,대지,229,11,베스트빌,20251214,25500,27.13,16,3,,,2004,연립다세대,중개거래,서울 동작구
2025,11470,양천구,10300,신월동,1,대지,1078,0,목동센트럴아이파크위브4단지,20251214,85000,84.97,0,17,,,2020,아파트,중개거래,서울 양천구
2025,11230,동대문구,10600,장안동,1,대지,431,7,장안 루아르 오피스텔,20251214,9800,21.5,30.12,12,,,2012,오피스텔,중개거래,서울 동대문구
2025,11200,성동구,10800,응봉동,1,대지,265,39,(265-39),20251214,25000,28.22,14,3,,,1993,연립다세대,중개거래,서울 성동구
2025,11545,금천구,10200,독산동,1,대지,976,19,(그린아트빌라),20251214,20300,54.6,28,3,,,1995,연립다세대,중개거래,서울 금천구
2025,11410,서대문구,12000,남가좌동,1,대지,396,0,DMC금호리첸시아,20251214,128000,74.343,0,17,,,2024,아파트,중개거래,"서울 서대문구, 서울 서초구"
2025,11440,마포구,12500,성산동,1,대지,112,4,SK-VIEW,20251214,25000,41.9,29,4,,,1995,연립다세대,중개거래,서울 마포구
2025,11290,성북구,13500,종암동,1,대지,130,0,아이파크종암동1차,20251214,113000,114.99,0,8,,,2004,아파트,중개거래,서울 성북구
2025,11140,중구,16200,신당동,1,대지,842,0,약수하이츠,20251214,136300,57.63,0,10,,,1999,아파트,중개거래,서울 중구
2025,11500,강서구,10100,염창동,1,대지,281,22,염창1차한화꿈에그린,20251214,140000,84.93,0,1,,,2005,아파트,중개거래,서울 강서구
2025,11305,강북구,10300,수유동,1,대지,469,254,예솔하이츠,20251214,15000,35.63,20,2,,,2008,연립다세대,중개거래,서울 강북구
2025,11260,중랑구,10600,신내동,1,대지,654,0,진로아파트,20251214,97000,134.37,0,11,,,1995,아파트,중개거래,"서울 노원구, 서울 중랑구"
2025,11470,양천구,10100,신정동,1,대지,1317,0,이펜하우스4단지,20251214,79400,84.96,0,6,,,2011,아파트,중개거래,서울 양천구
2025,11380,은평구,10700,응암동,1,대지,739,0,응암동금호,20251214,69000,84.93,0,3,,,1998,아파트,중개거래,서울 은평구
2025,11320,도봉구,10700,창동,1,대지,27,0,주공19단지(창동리버타운),20251214,78900,60.5,0,9,,,1988,아파트,중개거래,서울 도봉구
2025,11530,구로구,10100,신도림동,1,대지,643,0,동아1,20251214,146500,148.296,0,7,,,1999,아파트,중개거래,서울 구로구
2025,11260,중랑구,10100,면목동,1,대지,174,2,동성네스트,20251214,39000,55.98,31,6,,,2012,연립다세대,중개거래,"서울 용산구, 서울 중랑구"
2025,11470,양천구,10200,목동,1,대지,318,193,동원씨티빌,20251214,20000,59.64,26,-1,,,2002,연립다세대,중개거래,서울 양천구
2025,11350,노원구,10300,공릉동,1,대지,745,0,동신아파트,20251214,75000,84.97,0,12,,,1999,아파트,중개거래,서울 노원구
2025,11410,서대문구,10500,냉천동,1,대지,260,0,동부센트레빌,20251214,109000,114.92,0,6,,,2002,아파트,중개거래,서울 서대문구
2025,11470,양천구,10200,목동,1,대지,324,158,까사지오,20251214,35500,44.32,26,5,,,2016,연립다세대,중개거래,서울 양천구
2025,11560,영등포구,11300,당산동3가,1,대지,566,0,당산계룡리슈빌2단지,20251214,79500,46.203,0,12,,,2014,아파트,중개거래,서울 영등포구
2025,11470,양천구,10300,신월동,1,대지,469,12,금남맨션,20251214,32000,75.24,34,4,,,2002,연립다세대,중개거래,서울 양천구
2025,11710,송파구,11400,마천동,1,대지,1,15,대광빌라,20251214,26900,39.1,27,4,,,1993,연립다세대,중개거래,서울 송파구
2025,11710,송파구,11400,마천동,,,,,,20251214,122000,190.8,132,,,,1987,단독다가구,중개거래,서울 송파구
2025,11530,구로구,10100,신도림동,1,대지,642,0,대림1,20251214,107000,59.9,0,18,,,1999,아파트,중개거래,서울 구로구
2025,11470,양천구,10300,신월동,1,대지,80,21,동원10차C동,20251214,23000,36.78,28,2,,,1987,연립다세대,중개거래,서울 양천구
2025,11680,강남구,10800,논현동,1,대지,162,5,논현알베로,20251214,14800,20.31,12,5,,,2011,연립다세대,중개거래,서울 강남구
2025,11440,마포구,11500,상수동,1,대지,353,25,그레이25,20251214,24000,20.53,16,4,,,2014,연립다세대,중개거래,서울 마포구
2025,11440,마포구,11500,상수동,1,대지,353,25,그레이25,20251214,24000,19.2,15,5,,,2014,연립다세대,중개거래,서울 용산구
2025,11215,광진구,10700,화양동,1,대지,113,1,광진코지웰,20251214,14300,15.2,0,4,,,2014,아파트,중개거래,서울 광진구
2025,11350,노원구,10300,공릉동,1,대지,745,0,동신아파트,20251214,57900,59.99,0,18,,,1999,아파트,중개거래,서울 노원구
2025,11470,양천구,10200,목동,1,대지,318,268,하늘채,20251214,18000,25.44,18,3,,,2007,연립다세대,중개거래,서울 양천구
2025,11710,송파구,10700,가락동,1,대지,102,0,한신1,20251214,160500,84.51,0,12,,,1993,아파트,중개거래,서울 송파구
2025,11260,중랑구,10600,신내동,1,대지,656,0,화성.두산아파트,20251214,62000,66.96,0,10,,,1995,아파트,중개거래,"서울 노원구, 서울 중랑구"
2025,11380,은평구,10200,녹번동,1,대지,282,0,힐스테이트녹번,20251214,116000,59.9,0,7,,,2019,아파트,중개거래,"서울 서대문구, 서울 은평구"
2025,11260,중랑구,10400,묵동,1,대지,247,25,환진그린빌,20251214,18700,27.8,16,4,,,2017,연립다세대,중개거래,서울 중랑구
2025,11500,강서구,10200,등촌동,1,대지,655,27,현대,20251214,72500,84.62,0,1,,,1995,아파트,중개거래,서울 강서구
2025,11350,노원구,10200,월계동,1,대지,447,5,한전빌라B동(447-5),20251214,10500,32.4,29,-1,,,1987,연립다세대,중개거래,서울 동대문구
2025,11260,중랑구,10400,묵동,1,대지,247,25,환진그린빌,20251214,18700,27.8,16,4,,,2017,연립다세대,중개거래,서울 중랑구
2025,11350,노원구,10300,공릉동,1,대지,758,0,태릉해링턴플레이스,20251214,93500,59.97,0,9,,,2022,아파트,중개거래,서울 노원구
2025,11740,강동구,10800,성내동,1,대지,448,14,하나플러스,20251214,74200,59.86,0,9,,,2003,아파트,중개거래,서울 강동구
2025,11710,송파구,10800,문정동,1,대지,652,4,힐스테이트에코문정,20251214,19000,20.79,32.68,9,,,2018,오피스텔,중개거래,서울 송파구
2025,11380,은평구,10600,대조동,1,대지,171,30,하오빌,20251214,50000,44.34,29,3,,,2016,연립다세대,중개거래,서울 강남구
2025,11470,양천구,10200,목동,1,대지,907,0,현대월드타워,20251214,24500,38.22,54.78,21,,,1999,오피스텔,중개거래,서울 양천구
2025,11560,영등포구,11400,당산동4가,1,대지,29,0,한강아파트,20251214,110000,59.4,0,11,,,1999,아파트,중개거래,서울 영등포구
2025,11560,영등포구,13300,대림동,1,대지,607,1,코오롱,20251214,89000,59.94,0,8,,,1998,아파트,중개거래,서울 영등포구
2025,11260,중랑구,10100,면목동,1,대지,1543,0,한양수자인사가정파크,20251214,88000,59.959,0,7,,,2019,아파트,중개거래,서울 중랑구
2025,11110,종로구,18400,부암동,1,대지,208,11,하이스트빌,20251214,55000,77.305,78,3,,,2002,연립다세대,중개거래,서울 종로구
2025,11680,강남구,11800,도곡동,1,대지,464,0,한신(개포),20251214,315000,52.73,0,2,,,1985,아파트,중개거래,서울 강남구
2025,11620,관악구,10100,봉천동,1,대지,463,69,향남빌라,20251214,10000,40.68,31,-1,,,1993,연립다세대,직거래,
2025,11560,영등포구,13300,대림동,1,대지,607,1,코오롱,20251214,93800,59.94,0,16,,,1998,아파트,중개거래,서울 영등포구
2025,11710,송파구,10600,삼전동,1,대지,42,10,햇살하우스,20251213,55000,47.37,26,3,,,2004,연립다세대,중개거래,서울 송파구
2025,11350,노원구,10300,공릉동,1,대지,727,0,풍림아파트B,20251213,29100,31.32,0,18,,,2001,아파트,중개거래,서울 노원구
2025,11410,서대문구,11900,북가좌동,1,대지,347,3,혁수맨션,20251213,27000,40.23,17,4,,,2001,연립다세대,중개거래,서울 서대문구
2025,11710,송파구,10400,송파동,1,대지,163,14,현대,20251213,155000,84.96,0,10,,,1997,아파트,중개거래,"경기 성남시 수정구, 서울 송파구"
2025,11350,노원구,10200,월계동,1,대지,929,0,현대,20251213,83000,84.98,0,2,,,2000,아파트,중개거래,"서울 노원구, 서울 동대문구"
2025,11410,서대문구,11800,홍은동,1,대지,202,5,"현대(1,2차)",20251213,64000,59.96,0,10,,,1988,아파트,중개거래,서울 서대문구
2025,11620,관악구,10100,봉천동,1,대지,1000,0,현대(관악),20251213,90000,68.8,0,3,,,1992,아파트,중개거래,"서울 관악구, 서울 서초구"
2025,11215,광진구,10500,자양동,1,대지,548,0,청정팰리스,20251213,75500,44.25,27,6,,,2016,연립다세대,중개거래,서울 광진구
2025,11410,서대문구,11100,홍제동,1,대지,473,0,홍제센트럴IPARK,20251213,120000,59.983,0,8,,,2020,아파트,중개거래,서울 서대문구
2025,11590,동작구,10200,상도동,1,대지,521,0,포스코더샵,20251213,156000,59.96,0,7,,,2007,아파트,중개거래,서울 동작구
2025,11680,강남구,11400,일원동,1,대지,642,5,팰리체,20251213,57800,16.76,10,3,,,2020,연립다세대,중개거래,서울 강남구
2025,11620,관악구,10100,봉천동,1,대지,635,473,체이스빌A동,20251213,23000,26.58,16,2,,,2016,연립다세대,중개거래,서울 관악구
2025,11230,동대문구,10600,장안동,1,대지,373,3,현대썬앤빌601,20251213,10450,21.03,30.083,14,,,2015,오피스텔,중개거래,서울 동대문구
2025,11560,영등포구,13300,대림동,1,대지,785,1,현대1,20251213,74000,84.75,0,13,,,1992,아파트,중개거래,서울 영등포구
2025,11350,노원구,10400,하계동,1,대지,274,0,청솔(시영7),20251213,48200,49.5,0,2,,,1989,아파트,중개거래,서울 노원구
2025,11710,송파구,11100,방이동,1,대지,155,18,파크하우스(155-18),20251213,42000,50.45,28,4,,,2012,연립다세대,중개거래,서울 송파구
2025,11215,광진구,10400,광장동,1,대지,484,0,현대3,20251213,213000,84.97,0,11,,,1990,아파트,중개거래,서울 광진구
2025,11410,서대문구,11100,홍제동,1,대지,82,0,홍제한양,20251213,79500,60.06,0,10,,,1993,아파트,중개거래,서울 서대문구
2025,11350,노원구,10600,중계동,1,대지,49,0,현대그린,20251213,62500,84.99,0,7,,,1998,아파트,중개거래,서울 노원구
2025,11710,송파구,10800,문정동,1,대지,618,0,파크하비오,20251213,43500,47.04,59.62,9,,,null,오피스텔,중개거래,서울 송파구
2025,11620,관악구,10100,봉천동,1,대지,180,97,청운빌라2차,20251213,25000,51.3,26,1,,,1994,연립다세대,직거래,
2025,11710,송파구,10800,문정동,1,대지,618,0,파크하비오,20251213,42500,46.58,58.86,14,,,null,오피스텔,중개거래,서울 송파구
2025,11230,동대문구,10500,답십리동,1,대지,1002,0,청계한신휴플러스,20251213,150000,107.75,0,13,,,2010,아파트,중개거래,서울 동대문구
2025,11710,송파구,10700,가락동,1,대지,166,6,테라펠리체송파,20251213,77500,44.035,0,3,,,2021,아파트,중개거래,서울 송파구
2025,11500,강서구,10300,화곡동,1,대지,73,23,청기와빌라,20251213,12500,41.43,30,3,,,1986,연립다세대,중개거래,서울 강서구
2025,11410,서대문구,11800,홍은동,1,대지,9,534,홍은빌라(9-534),20251213,6500,23.14,18,2,,,1973,연립다세대,중개거래,"서울 서대문구, 서울 종로구"
2025,11470,양천구,10200,목동,1,대지,923,14,현대드림타워,20251213,89500,105.51,150.92,17,,,2000,오피스텔,중개거래,"서울 강서구, 서울 양천구"
2025,11350,노원구,10300,공릉동,1,대지,81,0,태강아파트(아이파크),20251213,57500,49.6,0,7,,,1999,아파트,중개거래,서울 노원구
2025,11530,구로구,10700,개봉동,1,대지,476,0,한마을,20251213,80000,59.57,0,9,,,1999,아파트,중개거래,서울 구로구
2025,11530,구로구,10700,개봉동,1,대지,476,0,한마을,20251213,99000,123.46,0,18,,,1999,아파트,중개거래,서울 구로구
2025,11290,성북구,13500,종암동,1,대지,10,135,한빛하이츠빌라,20251213,34700,52.38,27,2,,,1994,연립다세대,중개거래,서울 성북구
2025,11230,동대문구,10700,청량리동,1,대지,60,0,한신,20251213,90000,84.92,0,5,,,1997,아파트,중개거래,서울 동대문구
2025,11290,성북구,10300,돈암동,1,대지,609,1,한신,20251213,89000,113.67,0,4,,,1998,아파트,중개거래,서울 성북구
2025,11350,노원구,10600,중계동,1,대지,359,1,주공5,20251213,74500,58.46,0,15,,,1992,아파트,중개거래,서울 노원구
2025,11350,노원구,10300,공릉동,1,대지,81,0,태강아파트(아이파크),20251213,57500,49.6,0,7,,,1999,아파트,중개거래,서울 노원구
2025,11350,노원구,10400,하계동,1,대지,284,0,한신2,20251213,49700,44.52,0,14,,,1988,아파트,중개거래,"경기 수원시 팔달구, 서울 노원구"
2025,11530,구로구,10700,개봉동,1,대지,476,0,한마을,20251213,79000,59.57,0,9,,,1999,아파트,중개거래,서울 구로구
2025,11350,노원구,10600,중계동,1,대지,512,0,중계무지개,20251213,57500,49.89,0,8,,,1991,아파트,중개거래,"서울 강남구, 서울 노원구"
2025,11170,용산구,13100,한남동,1,대지,828,0,한남아이파크애비뉴,20251213,86000,48.41,0,15,,,2017,아파트,중개거래,서울 서초구
2025,11680,강남구,11800,도곡동,1,대지,467,17,타워팰리스2,20251213,380000,115.63,0,15,,,2003,아파트,중개거래,서울 강남구
2025,11350,노원구,10600,중계동,1,대지,592,0,중계3벽산,20251213,59700,59.88,0,5,,,1999,아파트,중개거래,서울 노원구
2025,11320,도봉구,10500,쌍문동,1,대지,388,33,한양1,20251213,59000,66.33,0,9,,,1986,아파트,중개거래,서울 도봉구
2025,11170,용산구,13100,한남동,1,대지,522,1,한남동동원베네스트,20251213,149000,76.07,0,6,,,2010,아파트,중개거래,서울 용산구
2025,11500,강서구,10300,화곡동,1,대지,504,56,한울정원,20251213,17500,34.88,22,4,,,2011,연립다세대,중개거래,서울 강서구
2025,11560,영등포구,13300,대림동,1,대지,607,1,코오롱,20251213,90000,59.94,0,4,,,1998,아파트,중개거래,서울 영등포구
2025,11710,송파구,11200,오금동,1,대지,11,0,현대백조,20251213,65000,31,0,4,,,1997,아파트,중개거래,서울 송파구
2025,11620,관악구,10200,신림동,1,대지,1712,0,초원,20251213,43800,59.93,0,6,,,1999,아파트,중개거래,서울 관악구
2025,11560,영등포구,11100,당산동1가,1,대지,256,215,한울파크빌,20251213,31000,28.57,19,2,,,2015,연립다세대,중개거래,서울 마포구
2025,11470,양천구,10300,신월동,1,대지,1006,16,현대빌라,20251213,16700,41.32,28,1,,,1986,연립다세대,중개거래,서울 양천구
2025,11740,강동구,10700,암사동,1,대지,442,1,한강현대,20251213,103700,59.94,0,7,,,1999,아파트,중개거래,서울 강동구
2025,11350,노원구,10500,상계동,1,대지,1262,0,하이베라스,20251213,15300,39.29,48,6,,,2003,오피스텔,중개거래,서울 노원구
2025,11650,서초구,10200,양재동,1,대지,386,6,지니하우스,20251213,86000,57.07,23,5,,,2002,연립다세대,중개거래,서울 서초구
2025,11260,중랑구,10100,면목동,1,대지,126,36,청명에버빌에이동,20251213,37000,45.06,23,6,,,2015,연립다세대,중개거래,서울 중랑구
2025,11740,강동구,10800,성내동,1,대지,545,8,집앤사비키아파트,20251213,81500,71.25,0,3,,,2019,아파트,중개거래,서울 강동구
2025,11260,중랑구,10500,망우동,1,대지,479,0,한일써너스빌리젠시1단지(101동),20251213,80000,84.69,0,13,,,2008,아파트,중개거래,서울 중랑구
2025,11650,서초구,10800,서초동,1,대지,1623,3,피앤디 솔로빌,20251213,12900,15.76,23.99,8,,,2005,오피스텔,중개거래,서울 서초구
2025,11740,강동구,10700,암사동,1,대지,413,0,프라이어팰리스,20251213,173000,84.988,0,4,,,2007,아파트,중개거래,서울 강동구
2025,11290,성북구,10300,돈암동,1,대지,609,1,한진(609-1),20251213,90500,84.87,0,19,,,1998,아파트,중개거래,서울 성북구
2025,11740,강동구,10700,암사동,1,대지,413,0,프라이어팰리스,20251213,167000,84.975,0,28,,,2007,아파트,중개거래,서울 강동구
2025,11530,구로구,10200,구로동,1,대지,1259,0,구일우성,20251213,74500,84.49,0,14,,,1998,아파트,중개거래,서울 구로구
2025,11620,관악구,10100,봉천동,1,대지,1522,33,금강아미움(104동),20251213,84900,71.345,0,6,,,2010,아파트,중개거래,서울 관악구
2025,11260,중랑구,10200,상봉동,1,대지,286,2,금성프라임,20251213,40000,62.19,33,6,,,2015,연립다세대,중개거래,서울 중랑구
2025,11380,은평구,10300,불광동,1,대지,105,34,흥영빌라(105-34),20251213,36800,63.89,33,3,,,1997,연립다세대,중개거래,서울 은평구
2025,11545,금천구,10300,시흥동,1,대지,883,11,금천리메인시티,20251213,15500,23.01,37.06,10,,,2018,오피스텔,중개거래,서울 금천구
2025,11545,금천구,10200,독산동,1,대지,711,2,금천현대,20251213,57500,59.82,0,16,,,2002,아파트,중개거래,서울 금천구
2025,11290,성북구,13400,길음동,1,대지,1279,0,길음뉴타운1단지(래미안길음1차),20251213,104500,84.96,0,2,,,2003,아파트,중개거래,서울 성북구
2025,11290,성북구,13400,길음동,1,대지,1281,0,길음뉴타운4단지(e편한세상),20251213,95000,59.86,0,15,,,2005,아파트,중개거래,"서울 강서구, 서울 성북구"
2025,11290,성북구,13400,길음동,1,대지,1281,0,길음뉴타운4단지(e편한세상),20251213,93500,59.86,0,10,,,2005,아파트,중개거래,서울 성북구
2025,11620,관악구,10100,봉천동,1,대지,480,152,흥남빌라2차나동,20251213,64500,61.38,44,3,,,1992,연립다세대,중개거래,서울 관악구
2025,11470,양천구,10300,신월동,1,대지,45,1,NEWSK아파트,20251213,35800,70.14,0,3,,,2002,아파트,중개거래,서울 양천구
2025,11740,강동구,11000,강일동,1,대지,673,0,강일리버파크4단지,20251213,114000,84.74,0,2,,,2009,아파트,중개거래,"경기 하남시, 서울 강동구"
2025,11410,서대문구,11800,홍은동,,,,,,20251213,92000,156.3,82,,,,1998,단독다가구,중개거래,서울 서대문구
2025,11290,성북구,13400,길음동,1,대지,1281,0,길음뉴타운4단지(e편한세상),20251213,110000,84.64,0,18,,,2005,아파트,중개거래,서울 성북구
2025,11290,성북구,13300,정릉동,1,대지,1015,0,길음뉴타운경남아너스빌,20251213,75800,84.88,0,12,,,1999,아파트,중개거래,서울 성북구
2025,11710,송파구,11300,거여동,1,대지,605,0,휴먼빌 시티,20251213,17500,23.138,34.0001,11,,,2020,오피스텔,중개거래,서울 송파구
2025,11290,성북구,13400,길음동,1,대지,1278,0,길음동동부센트레빌(1278-0),20251213,83000,59.998,0,1,,,2003,아파트,중개거래,서울 성북구
2025,11680,강남구,11500,수서동,1,대지,746,0,까치마을,20251213,135000,34.44,0,2,,,1993,아파트,중개거래,서울 강남구
2025,11305,강북구,10100,미아동,1,대지,4,0,꿈의숲롯데캐슬,20251213,91000,84.98,0,10,,,2017,아파트,중개거래,서울 강북구
2025,11710,송파구,10500,석촌동,1,대지,273,20,SD찬누리채(102동),20251213,51500,59.51,35,2,,,2008,연립다세대,중개거래,서울 송파구
2025,11680,강남구,11800,도곡동,1,대지,953,1,SK허브프리모,20251213,105000,67.57,0,13,,,2006,아파트,중개거래,서울 서초구
2025,11560,영등포구,10100,영등포동,1,대지,620,245,힐하우스,20251213,56000,24.78,16,2,,,2013,연립다세대,중개거래,서울 영등포구
2025,11740,강동구,11000,강일동,1,대지,679,3,강일리슈빌에스,20251213,10500,18.474,28.5448,7,,,2016,오피스텔,중개거래,서울 강동구
2025,11305,강북구,10100,미아동,1,대지,1369,0,꿈의숲해링턴플레이스,20251213,92000,84.67,0,5,,,2019,아파트,중개거래,서울 강북구
2025,11560,영등포구,12500,양평동1가,1,대지,118,2,더스톤,20251213,23000,17.83,26.81,4,,,2018,오피스텔,중개거래,서울 영등포구
2025,11140,중구,16200,신당동,1,대지,844,0,남산타운,20251213,178500,114.88,0,3,,,2002,아파트,중개거래,서울 중구
2025,11440,마포구,11000,노고산동,1,대지,25,12,노고산어반힐,20251213,59000,26.33,18,2,,,2020,연립다세대,중개거래,서울 마포구
2025,11650,서초구,10800,서초동,1,대지,1506,83,노블레스빌(A),20251213,100000,55.41,29,4,,,2002,연립다세대,중개거래,서울 서초구
2025,11170,용산구,12900,이촌동,1,대지,402,0,강촌,20251213,220000,59.12,0,3,,,1998,아파트,중개거래,서울 용산구
2025,11380,은평구,10700,응암동,1,대지,769,0,녹번역e편한세상캐슬,20251213,115000,59.94,0,2,,,2021,아파트,중개거래,서울 은평구
2025,11650,서초구,10600,잠원동,1,대지,42,13,대우아이빌,20251213,61000,27.07,0,5,,,2001,아파트,중개거래,서울 서초구
2025,11380,은평구,10700,응암동,1,대지,769,0,녹번역e편한세상캐슬,20251213,104500,59.96,0,1,,,2021,아파트,중개거래,서울 은평구
2025,11470,양천구,10300,신월동,1,대지,946,1,대성주택(3동),20251213,25000,44.19,32,1,,,1986,연립다세대,중개거래,서울 양천구
2025,11620,관악구,10100,봉천동,1,대지,908,18,대산하이츠빌,20251213,36800,73.24,27,4,,,2003,연립다세대,중개거래,서울 관악구
2025,11590,동작구,10800,대방동,1,대지,501,0,대림아파트,20251213,165000,84.92,0,17,,,1993,아파트,중개거래,서울 동작구
2025,11305,강북구,10200,번동,1,대지,434,45,대광맨션,20251213,30500,48.47,29,2,,,2016,연립다세대,중개거래,서울 강북구
2025,11560,영등포구,11400,당산동4가,1,대지,88,0,당산현대3차,20251213,126500,59.26,0,1,,,1988,아파트,중개거래,서울 영등포구
2025,11230,동대문구,10500,답십리동,1,대지,80,0,답십리청솔우성,20251213,85000,59.89,0,13,,,2000,아파트,중개거래,서울 동대문구
2025,11680,강남구,10800,논현동,1,대지,152,5,논현동대우아이빌 힐타운,20251213,21000,40.55,54.18,5,,,2003,오피스텔,직거래,
2025,11710,송파구,10500,석촌동,1,대지,218,17,다이아몬드빌,20251213,22500,22.58,11,2,,,2002,연립다세대,중개거래,서울 송파구
2025,11290,성북구,13900,석관동,1,대지,332,387,단독형(332-387),20251213,25500,43.39,23,2,,,1993,연립다세대,직거래,
2025,11530,구로구,11000,온수동,1,대지,157,0,다청림시티,20251213,28500,42.85,0,5,,,2015,아파트,중개거래,서울 구로구
2025,11710,송파구,10500,석촌동,1,대지,218,17,다이아몬드빌,20251213,47300,47.72,24,3,,,2002,연립다세대,중개거래,서울 송파구
2025,11620,관악구,10100,봉천동,1,대지,1730,0,e편한세상서울대입구1단지,20251213,152000,114.88,0,11,,,2019,아파트,중개거래,"서울 강남구, 서울 관악구"
2025,11710,송파구,10700,가락동,1,대지,140,0,가락(1차)쌍용아파트,20251213,183000,59.92,0,10,,,1997,아파트,중개거래,서울 송파구
2025,11530,구로구,10700,개봉동,1,대지,489,0,개봉동현대아이파크,20251213,95500,84.98,0,16,,,2006,아파트,중개거래,서울 구로구
2025,11530,구로구,10700,개봉동,1,대지,492,0,개봉푸르지오,20251213,78000,59.86,0,21,,,2014,아파트,중개거래,서울 구로구
2025,11530,구로구,10700,개봉동,1,대지,492,0,개봉푸르지오,20251213,110000,119.86,0,17,,,2014,아파트,중개거래,서울 구로구
2025,11680,강남구,10300,개포동,1,대지,185,0,개포주공7단지,20251213,342000,60.76,0,12,,,1983,아파트,중개거래,서울 강남구
2025,11710,송파구,10700,가락동,1,대지,95,1,가락금호아파트,20251213,195000,85,0,20,,,1997,아파트,중개거래,서울 송파구
2025,11680,강남구,11200,자곡동,1,대지,662,0,강남 지웰홈스,20251213,14700,20.059,27.874,8,,,2014,오피스텔,중개거래,서울 강남구
2025,11710,송파구,11300,거여동,1,대지,291,0,거여2단지효성아파트,20251213,155000,134.88,0,2,,,1997,아파트,직거래,
2025,11710,송파구,11300,거여동,1,대지,293,0,거여4단지,20251213,98000,49.8,0,4,,,1997,아파트,중개거래,서울 송파구
2025,11470,양천구,10200,목동,1,대지,928,0,건영,20251213,72000,84.27,0,9,,,1994,아파트,중개거래,서울 양천구
2025,11710,송파구,11200,오금동,1,대지,165,0,상아2차아파트,20251213,160000,84.98,0,8,,20260106,1988,아파트,중개거래,서울 송파구
2025,11680,강남구,10100,역삼동,1,대지,832,3,강남역 쉐르빌,20251213,21250,26.37,37.71,7,,,2014,오피스텔,중개거래,서울 강남구
2025,11140,중구,15600,입정동,1,대지,277,0,힐스테이트세운센트럴1단지,20251213,45900,25.065,0,24,,,2023,아파트,중개거래,서울 중구
2025,11620,관악구,10200,신림동,1,대지,1746,0,힐스테이트뉴포레,20251213,125000,59.998,0,27,,,2022,아파트,중개거래,서울 관악구
2025,11650,서초구,10200,양재동,1,대지,11,11,강남월드메르디앙프레스티지,20251213,74000,37.424,0,9,,,2022,아파트,중개거래,서울 서초구
2025,11260,중랑구,10100,면목동,,,,,,20251213,34700,133.9,107,,,,1991,단독다가구,직거래,
2025,11500,강서구,10400,가양동,1,대지,1475,0,강변,20251213,71700,39.6,0,9,,,1992,아파트,중개거래,서울 강서구
2025,11590,동작구,10700,사당동,1,대지,1134,0,경남아너스빌1차,20251213,90000,59.9,0,14,,,1997,아파트,중개거래,서울 동작구
2025,11380,은평구,10600,대조동,1,대지,88,0,힐스테이트 메디알레,20251213,121060,74.9,0,7,입주권,,0,아파트,중개거래,서울 은평구
2025,11380,은평구,10600,대조동,1,대지,88,0,힐스테이트 메디알레,20251213,107586,59.94,0,12,입주권,,0,아파트,중개거래,서울 은평구
2025,11350,노원구,10500,상계동,1,대지,749,5,상계주공4(고층),20251213,63000,62.1,0,11,,20260110,1988,아파트,중개거래,서울 노원구
2025,11740,강동구,10300,상일동,1,대지,490,0,고덕리엔파크3단지,20251213,119700,84.83,0,17,,,2011,아파트,중개거래,서울 강동구
2025,11710,송파구,10500,석촌동,1,대지,281,12,희망주택,20251213,19900,22.2,13,5,,,2003,연립다세대,중개거래,"서울 강동구, 서울 송파구"
2025,11290,성북구,10100,성북동,1,대지,145,37,고려빌라,20251213,54000,78.57,49,3,,,2004,연립다세대,중개거래,서울 성북구
2025,11380,은평구,10400,갈현동,1,대지,227,45,고은명가(C동),20251213,19900,29.98,25,3,,,2017,연립다세대,중개거래,서울 은평구
2025,11530,구로구,10600,고척동,1,대지,339,0,고척파크푸르지오,20251213,93500,59.89,0,9,,,2009,아파트,중개거래,서울 구로구
2025,11500,강서구,10300,화곡동,1,대지,1165,0,강서힐스테이트,20251213,150000,128.81,0,14,,,2015,아파트,중개거래,서울 강서구
2025,11530,구로구,10600,고척동,1,대지,339,0,고척파크푸르지오,20251213,109000,84.94,0,12,,,2009,아파트,중개거래,서울 구로구
2025,11620,관악구,10100,봉천동,1,대지,1717,0,관악푸르지오,20251213,95500,59.58,0,18,,20260112,2004,아파트,중개거래,서울 관악구
2025,11140,중구,16500,황학동,1,대지,1743,0,골드캐슬Ⅲ,20251213,30000,32.75,0,8,,,2017,아파트,중개거래,서울 중구
2025,11590,동작구,10700,사당동,1,대지,175,40,골든빌,20251213,60000,59.95,33,3,,,2007,연립다세대,중개거래,서울 동작구
2025,11740,강동구,10900,천호동,,,,,,20251213,228000,321.66,166,,,,2019,단독다가구,중개거래,서울 강동구
2025,11500,강서구,10900,방화동,1,대지,281,57,공림드림빌(281-57),20251213,35500,70.62,38,2,,,2010,연립다세대,중개거래,서울 강서구
2025,11620,관악구,10100,봉천동,1,대지,1712,0,관악드림(동아),20251213,111800,84.96,0,10,,,2003,아파트,중개거래,서울 관악구
2025,11545,금천구,10300,시흥동,1,대지,1013,0,관악산벽산타운5,20251213,43300,59.34,0,12,,,2004,아파트,중개거래,서울 금천구
2025,11620,관악구,10200,신림동,1,대지,1735,1,관악산휴먼시아1단지,20251213,59700,59.99,0,5,,,2008,아파트,중개거래,서울 관악구
2025,11620,관악구,10200,신림동,1,대지,1735,0,관악산휴먼시아2단지,20251213,69500,84.97,0,18,,,2008,아파트,중개거래,서울 관악구
2025,11620,관악구,10100,봉천동,1,대지,1717,0,관악푸르지오,20251213,95500,59.58,0,18,,,2004,아파트,중개거래,서울 관악구
2025,11620,관악구,10100,봉천동,1,대지,1717,0,관악푸르지오,20251213,95000,59.58,0,16,,,2004,아파트,중개거래,서울 관악구
2025,11215,광진구,10400,광장동,1,대지,576,0,광장현대9단지,20251213,167000,59.97,0,9,,,1999,아파트,중개거래,서울 광진구
2025,11230,동대문구,10600,장안동,1,대지,581,0,일성트루엘,20251213,82500,84.921,0,4,,,2012,아파트,중개거래,서울 동대문구
2025,11440,마포구,12400,연남동,1,대지,361,16,유일헤리지움,20251213,55500,43.05,23,5,,,2019,연립다세대,중개거래,서울 마포구
2025,11740,강동구,10700,암사동,1,대지,425,22,일우비앤비,20251213,36800,45.27,25,3,,,2016,연립다세대,중개거래,서울 강동구
2025,11215,광진구,10500,자양동,1,대지,792,0,자양10차현대홈타운,20251213,220000,111.88,0,16,,,2002,아파트,중개거래,서울 광진구
2025,11710,송파구,11100,방이동,1,대지,39,0,잠실 제니알,20251213,25500,23.57,37.1,5,,,2020,오피스텔,중개거래,"서울 서초구, 서울 송파구"
2025,11500,강서구,10900,방화동,1,대지,841,0,장미,20251213,55000,49.2,0,7,,,1994,아파트,중개거래,서울 강서구
2025,11350,노원구,10300,공릉동,1,대지,217,13,장미빌라,20251213,14300,38.66,20,4,,,1991,연립다세대,중개거래,서울 노원구
2025,11410,서대문구,11100,홍제동,1,대지,158,17,장성케이씨빌,20251213,45500,62.65,31,4,,,2001,연립다세대,중개거래,서울 서대문구
2025,11140,중구,16200,신당동,1,대지,309,64,전원빌라,20251213,63000,48.96,21,-1,,,1994,연립다세대,중개거래,서울 중구
2025,11650,서초구,10100,방배동,1,대지,921,15,정광아트빌라,20251213,29500,62.64,32,-1,,,1991,연립다세대,중개거래,서울 서초구
2025,11410,서대문구,11100,홍제동,1,대지,454,0,유원하나,20251213,55400,58.77,0,9,,,1996,아파트,중개거래,서울 서대문구
2025,11290,성북구,13300,정릉동,1,대지,1020,0,정릉우성아파트 101~105동,20251213,58000,59.97,0,19,,,2000,아파트,중개거래,서울 성북구
2025,11290,성북구,13300,정릉동,1,대지,239,0,정릉풍림아이원,20251213,60000,84.09,0,6,,,2005,아파트,중개거래,서울 성북구
2025,11380,은평구,10800,역촌동,1,대지,56,22,정우빌라(가동),20251213,9000,52.15,20,-1,,,1991,연립다세대,중개거래,서울 은평구
2025,11230,동대문구,10200,용두동,1,대지,39,74,제이더블유베르데,20251213,58500,29.57,18,2,,,2023,연립다세대,중개거래,서울 동대문구
2025,11410,서대문구,11800,홍은동,1,대지,22,0,유원,20251213,50000,64.26,0,7,,,1987,아파트,중개거래,서울 서대문구
2025,11710,송파구,10900,장지동,1,대지,878,0,위례신도시송파푸르지오,20251213,185000,112.115,0,12,,,2015,아파트,중개거래,서울 송파구
2025,11380,은평구,10900,신사동,1,대지,1,119,조이빌,20251213,25000,36.94,21,3,,,2017,연립다세대,중개거래,서울 은평구
2025,11500,강서구,10300,화곡동,1,대지,1159,0,"우장산아이파크,이편한세상",20251213,138000,84.97,0,17,,,2008,아파트,중개거래,서울 강서구
2025,11710,송파구,10100,잠실동,1,대지,101,1,우성아파트,20251213,374000,131.08,0,1,,,1981,아파트,중개거래,"서울 광진구, 서울 송파구"
2025,11560,영등포구,13200,신길동,1,대지,4933,0,우성5,20251213,86500,84.98,0,14,,,1993,아파트,중개거래,서울 영등포구
2025,11560,영등포구,13200,신길동,1,대지,4518,0,우성2,20251213,145500,84.47,0,10,,,1986,아파트,중개거래,서울 영등포구
2025,11560,영등포구,13200,신길동,1,대지,4518,0,우성2,20251213,124500,53.24,0,12,,,1986,아파트,중개거래,서울 동작구
2025,11290,성북구,13500,종암동,1,대지,132,0,우림카이저팰리스,20251213,74000,84.54,0,11,,,2008,아파트,중개거래,서울 성북구
2025,11620,관악구,10200,신림동,1,대지,708,30,오륜빌라D동(708-30),20251213,9100,33.42,23,-1,,,1987,연립다세대,중개거래,서울 관악구
2025,11545,금천구,10200,독산동,1,대지,234,16,예울아트빌,20251213,23500,62.08,35,3,,,2002,연립다세대,중개거래,서울 금천구
2025,11410,서대문구,11100,홍제동,1,대지,361,70,예가크레시아,20251213,35000,44.93,30,5,,,2015,연립다세대,중개거래,서울 서대문구
2025,11560,영등포구,10100,영등포동,1,대지,647,0,영등포푸르지오,20251213,142000,73.133,0,13,,,2002,아파트,중개거래,"서울 강남구, 서울 영등포구"
2025,11560,영등포구,11800,도림동,1,대지,57,0,영광빌라,20251213,50000,24.35,25,2,,,2021,연립다세대,중개거래,서울 영등포구
2025,11380,은평구,10800,역촌동,1,대지,232,0,역촌센트레빌,20251213,66200,59.86,0,7,,,2011,아파트,중개거래,서울 은평구
2025,11650,서초구,10700,반포동,1,대지,46,0,엠브이아파트,20251213,195000,59.82,0,18,,,1994,아파트,중개거래,서울 서초구
2025,11440,마포구,12600,중동,1,대지,193,0,에코빌,20251213,34000,44.39,23,1,,,2001,연립다세대,중개거래,서울 마포구
2025,11215,광진구,10100,중곡동,1,대지,30,69,에덴빌25차,20251213,34700,29.9,18,3,,,2020,연립다세대,중개거래,서울 광진구
2025,11560,영등포구,12600,양평동2가,1,대지,23,0,양평벽산블루밍,20251213,93900,71.04,0,11,,,1990,아파트,중개거래,서울 영등포구
2025,11350,노원구,10500,상계동,1,대지,1299,0,양우,20251213,73500,79.419,0,12,,,2002,아파트,중개거래,서울 노원구
2025,11140,중구,16200,신당동,1,대지,842,0,약수하이츠,20251213,131000,57.63,0,17,,,1999,아파트,중개거래,서울 중구
2025,11680,강남구,11800,도곡동,1,대지,948,26,아크로파크3차,20251213,40500,29.77,17,1,,,2016,연립다세대,중개거래,서울 강남구
2025,11290,성북구,13500,종암동,1,대지,130,0,아이파크종암동1차,20251213,88000,59.73,0,13,,,2004,아파트,중개거래,서울 성북구
2025,11440,마포구,11500,상수동,1,대지,354,6,아름다운공간,20251213,31700,29.58,18,5,,,2017,연립다세대,중개거래,서울 마포구
2025,11650,서초구,10800,서초동,1,대지,1641,13,아남,20251213,206000,71.1,0,9,,,1989,아파트,중개거래,서울 서초구
2025,11470,양천구,10200,목동,1,대지,733,13,써니빌2차,20251213,38000,40.98,25,3,,,2015,연립다세대,중개거래,서울 양천구
2025,11410,서대문구,12000,남가좌동,1,대지,380,0,쌍용스윗닷홈,20251213,105000,84.98,0,5,,,2005,아파트,중개거래,서울 서대문구
2025,11290,성북구,13300,정릉동,1,대지,1017,0,쌍용2,20251213,50500,59.9,0,2,,,1999,아파트,중개거래,서울 성북구
2025,11320,도봉구,10700,창동,1,대지,807,0,쌍용,20251213,90500,84.76,0,20,,,1997,아파트,중개거래,서울 도봉구
2025,11410,서대문구,11900,북가좌동,1,대지,455,0,신일해피트리,20251213,68000,59.23,0,4,,,2005,아파트,중개거래,서울 서대문구
2025,11560,영등포구,13200,신길동,1,대지,48,1,신원빌라A동(48-1),20251213,49000,22,17,2,,,1997,연립다세대,중개거래,서울 영등포구
2025,11350,노원구,10600,중계동,1,대지,590,0,신안,20251213,96000,84.93,0,16,,,1999,아파트,중개거래,서울 노원구
2025,11500,강서구,10500,마곡동,1,대지,422,0,신안,20251213,83000,59.98,0,6,,,1993,아파트,중개거래,서울 강서구
2025,11740,강동구,10600,둔촌동,1,대지,134,10,신성둔촌미소지움2,20251213,149000,84.78,0,16,,,2000,아파트,중개거래,"서울 강남구, 서울 강동구"
2025,11500,강서구,10900,방화동,1,대지,904,0,신마곡벽산블루밍,20251213,97000,84.918,0,3,,,2020,아파트,중개거래,서울 강서구
2025,11620,관악구,10200,신림동,1,대지,1694,0,신림현대,20251213,39200,34.86,0,1,,,1993,아파트,중개거래,서울 관악구
2025,11620,관악구,10200,신림동,1,대지,1736,0,신림2차푸르지오,20251213,72500,84.809,0,5,,,2007,아파트,중개거래,서울 관악구
2025,11215,광진구,10400,광장동,1,대지,250,0,신동아파밀리에,20251213,187000,84.69,0,8,,,2007,아파트,중개거래,"서울 광진구, 서울 성북구"
2025,11350,노원구,10600,중계동,1,대지,366,0,신동아(366),20251213,130000,115.35,0,8,,,1993,아파트,중개거래,서울 노원구
2025,11680,강남구,10800,논현동,1,대지,22,0,신동아(22),20251213,108000,35.73,0,10,,,1997,아파트,중개거래,서울 강남구
2025,11500,강서구,10100,염창동,1,대지,289,0,신동아,20251213,96700,84.9,0,8,,,1995,아파트,중개거래,"서울 강서구, 서울 영등포구"
2025,11530,구로구,10200,구로동,1,대지,1267,0,신도림태영타운,20251213,95800,59.88,0,1,,,2000,아파트,중개거래,서울 구로구
2025,11530,구로구,10700,개봉동,1,대지,489,0,개봉동현대아이파크,20251213,102000,117.74,0,18,,20260109,2006,아파트,중개거래,서울 구로구
2025,11650,서초구,10600,잠원동,1,대지,10,45,KEA사우스(10-45),20251213,23000,25.58,16,4,,,2017,연립다세대,중개거래,서울 강남구
2025,11440,마포구,12500,성산동,1,대지,590,4,KCC상암스튜디오380,20251213,16000,23.09,31.42,8,,,2014,오피스텔,중개거래,서울 마포구
2025,11440,마포구,12200,합정동,1,대지,431,26,ES하임,20251213,50300,27.07,23,4,,,2023,연립다세대,중개거래,서울 마포구
2025,11410,서대문구,11900,북가좌동,1,대지,431,0,DMC한양,20251213,90000,105.88,0,6,,,1987,아파트,중개거래,서울 서대문구
2025,11410,서대문구,12000,남가좌동,1,대지,385,0,DMC파크뷰자이1단지,20251213,156000,84.98,0,4,,,2015,아파트,중개거래,"강원 춘천시, 서울 서대문구"
2025,11410,서대문구,12000,남가좌동,1,대지,388,0,DMC센트럴아이파크,20251213,132500,84.97,0,7,,,2018,아파트,중개거래,서울 서대문구
2025,11380,은평구,10100,수색동,1,대지,417,0,DMC롯데캐슬더퍼스트,20251213,84000,49.86,0,11,,,2021,아파트,중개거래,서울 은평구
2025,11410,서대문구,11900,북가좌동,1,대지,481,0,DMC래미안e편한세상,20251213,134500,84.95,0,3,,,2012,아파트,중개거래,서울 서대문구
2025,11500,강서구,10300,화곡동,1,대지,918,15,(918-15),20251213,10000,34.79,43.56,6,,,1997,오피스텔,중개거래,"서울 강서구, 서울 양천구"
2025,11530,구로구,10200,구로동,1,대지,780,67,(780-67)우정빌라,20251213,25000,46.08,0,3,,,1996,아파트,중개거래,서울 구로구
2025,11530,구로구,10200,구로동,1,대지,780,54,(780-54),20251213,29800,48.44,19,1,,,2000,연립다세대,중개거래,서울 구로구
2025,11215,광진구,10100,중곡동,1,대지,601,5,(601-5),20251213,18900,61.97,34,-1,,,2000,연립다세대,중개거래,서울 중랑구
2025,11440,마포구,12000,서교동,1,대지,470,19,(470-19),20251213,38500,37.8,23,6,,,2011,연립다세대,중개거래,서울 마포구
2025,11380,은평구,10300,불광동,1,대지,391,177,(391-177),20251213,20000,21.71,13,2,,,2003,연립다세대,중개거래,서울 은평구
2025,11410,서대문구,11100,홍제동,1,대지,367,23,(367-23),20251213,34500,48.15,26,2,,,2004,연립다세대,중개거래,서울 서대문구
2025,11710,송파구,10100,잠실동,1,대지,226,1,(226-1)중앙빌라,20251213,74500,53.28,30,5,,,2004,연립다세대,중개거래,서울 송파구
2025,11650,서초구,10800,서초동,1,대지,1511,15,(1511-15),20251213,45500,26.39,10,4,,,2020,연립다세대,중개거래,서울 서초구
2025,11560,영등포구,13300,대림동,1,대지,1101,1,(1101-1),20251213,10300,13.9,0,3,,,2012,아파트,중개거래,서울 영등포구
2025,11680,강남구,11500,수서동,1,대지,746,0,까치마을,20251213,135000,34.44,0,2,,20260209,1993,아파트,중개거래,서울 강남구
2025,11740,강동구,10900,천호동,1,대지,106,4,(106-4),20251213,43000,51.54,37,1,,,1986,연립다세대,중개거래,서울 강동구
2025,11410,서대문구,11000,북아현동,1,대지,1,358,이안휴빌4차,20251213,73000,56.44,43,3,,20260122,2025,연립다세대,중개거래,서울 서대문구
2025,11500,강서구,10100,염창동,1,대지,255,0,무학,20251213,87000,59.38,0,16,,20260205,1999,아파트,중개거래,서울 서초구
2025,11350,노원구,10500,상계동,1,대지,1256,0,은빛2단지,20251213,51000,59.95,0,6,,,1998,아파트,중개거래,서울 노원구
2025,11380,은평구,11400,진관동,1,대지,66,0,은평뉴타운꿈에그린,20251213,68000,59.92,0,3,,,2018,아파트,중개거래,서울 은평구
2025,11410,서대문구,11200,대현동,1,대지,90,60,이대 포레스트,20251213,21500,17.84,23.27,16,,,2019,오피스텔,중개거래,서울 서대문구
2025,11290,성북구,10300,돈암동,1,대지,636,0,이수브라운스톤돈암,20251213,74800,59.99,0,2,,,2004,아파트,중개거래,서울 성북구
2025,11260,중랑구,10400,묵동,1,대지,396,0,이편한세상화랑대,20251213,90500,59.953,0,14,,,2017,아파트,중개거래,서울 중랑구
2025,11350,노원구,10500,상계동,1,대지,1256,0,은빛2단지,20251213,54000,59.92,0,11,,,1998,아파트,중개거래,서울 노원구
2025,11710,송파구,10700,가락동,1,대지,103,13,유진빌리지,20251213,38000,36.4,23,2,,,2016,연립다세대,중개거래,서울 송파구
2025,11650,서초구,10100,방배동,1,대지,856,2,방배하이빌Ⅱ,20251213,69800,48.9,29,4,,,2013,연립다세대,중개거래,"서울 동작구, 서울 서초구"
2025,11620,관악구,10200,신림동,1,대지,1733,0,벽산블루밍,20251213,73500,84.98,0,9,,20251219,2005,아파트,중개거래,서울 관악구
2025,11680,강남구,11800,도곡동,1,대지,948,30,도곡동948-30공동주택(부백),20251213,41000,29.04,17,5,,,2016,연립다세대,중개거래,서울 강남구
2025,11740,강동구,10900,천호동,1,대지,316,0,도원하늘채,20251213,34000,26.5,12,4,,,2021,연립다세대,중개거래,서울 강동구
2025,11290,성북구,10300,돈암동,1,대지,15,1,돈암동삼성,20251213,73000,59.4,0,9,,,1999,아파트,중개거래,서울 노원구
2025,11230,동대문구,10600,장안동,1,대지,587,0,동대문더퍼스트데시앙,20251213,89900,59.807,0,10,,,2019,아파트,중개거래,서울 동대문구
2025,11230,동대문구,10400,전농동,1,대지,695,0,동대문롯데캐슬노블레스,20251213,163000,84.98,0,9,,,2018,아파트,중개거래,서울 동대문구
2025,11680,강남구,10300,개포동,1,대지,1164,29,동산빌라,20251213,36000,44.54,19,-1,,,1996,연립다세대,중개거래,서울 강남구
2025,11230,동대문구,10500,답십리동,1,대지,10,0,동아,20251213,94000,84.72,0,20,,,2001,아파트,중개거래,서울 동대문구
2025,11530,구로구,10100,신도림동,1,대지,645,0,동아3,20251213,153000,84.99,0,10,,,2000,아파트,중개거래,"서울 구로구, 서울 은평구"
2025,11320,도봉구,10700,창동,1,대지,805,0,동아그린,20251213,73500,84.94,0,17,,,1996,아파트,중개거래,서울 도봉구
2025,11290,성북구,13700,상월곡동,1,대지,101,0,동아에코빌,20251213,67800,59.95,0,5,,,2003,아파트,중개거래,서울 성북구
2025,11290,성북구,13700,상월곡동,1,대지,101,0,동아에코빌,20251213,71000,59.95,0,21,,,2003,아파트,중개거래,서울 성북구
2025,11680,강남구,10400,청담동,1,대지,69,18,동양파라곤,20251213,507000,171.1,0,1,,,2006,아파트,중개거래,서울 강남구
2025,11200,성동구,10200,하왕십리동,1,대지,890,181,동인드림힐스,20251213,29200,27.51,44.522,13,,,2017,오피스텔,중개거래,서울 성동구
2025,11470,양천구,10200,목동,1,대지,530,28,동화빌라,20251213,17500,29.4,22,2,,,1989,연립다세대,중개거래,서울 양천구
2025,11290,성북구,13900,석관동,1,대지,10,0,두산,20251213,77000,59.97,0,9,,,1998,아파트,중개거래,서울 성북구
2025,11620,관악구,10100,봉천동,1,대지,1708,0,두산,20251213,127000,114.99,0,21,,,2000,아파트,중개거래,서울 관악구
2025,11740,강동구,10900,천호동,1,대지,414,0,두산위브센티움,20251213,16200,31.37,44.64,19,,,2004,오피스텔,중개거래,서울 강동구
2025,11440,마포구,12200,합정동,1,대지,468,0,두영이지안,20251213,104500,73.58,0,7,,,2005,아파트,중개거래,서울 마포구
2025,11710,송파구,10800,문정동,1,대지,88,14,두현빌리지,20251213,39000,64.57,30,3,,,2001,연립다세대,중개거래,서울 송파구
2025,11740,강동구,10600,둔촌동,1,대지,630,0,둔촌푸르지오,20251213,140000,59.98,0,10,,,2010,아파트,중개거래,서울 강동구
2025,11500,강서구,10200,등촌동,1,대지,707,0,"등촌7,8단지주공아파트",20251213,58000,41.85,0,1,,,1994,아파트,중개거래,서울 강서구
2025,11350,노원구,10600,중계동,1,대지,366,0,라이프,20251213,127000,115.65,0,2,,,1993,아파트,중개거래,서울 노원구
2025,11380,은평구,10300,불광동,1,대지,248,0,라이프미성,20251213,82000,84.65,0,2,,,1988,아파트,중개거래,서울 은평구
2025,11410,서대문구,12000,남가좌동,1,대지,390,0,래미안루센티아,20251213,149500,84.95,0,6,,,2020,아파트,중개거래,"서울 서대문구, 인천 서구"
2025,11290,성북구,13500,종암동,1,대지,133,0,래미안세레니티,20251213,92700,59.97,0,8,,,2009,아파트,중개거래,서울 성북구
2025,11230,동대문구,10500,답십리동,1,대지,1003,0,래미안위브,20251213,160000,84.98,0,5,,,2014,아파트,중개거래,서울 동대문구
2025,11230,동대문구,10500,답십리동,1,대지,1003,0,래미안위브,20251213,167500,84.99,0,11,,,2014,아파트,중개거래,서울 동대문구
2025,11230,동대문구,10600,장안동,1,대지,329,3,래미안장안2차,20251213,115000,81.05,0,11,,,2007,아파트,중개거래,서울 동대문구
2025,11290,성북구,13500,종암동,1,대지,80,0,래미안크리시엘,20251213,85000,59.99,0,10,,,2004,아파트,중개거래,서울 성북구
2025,11290,성북구,13500,종암동,1,대지,80,0,래미안크리시엘,20251213,96000,84.95,0,11,,,2004,아파트,중개거래,서울 성북구
2025,11470,양천구,10200,목동,1,대지,30,13,레이나(30-13),20251213,30500,29.74,19,3,,,2016,연립다세대,중개거래,서울 양천구
2025,11215,광진구,10200,능동,1,대지,239,42,로뎀하우스,20251213,16200,12.15,10,3,,,2009,연립다세대,중개거래,서울 광진구
2025,11215,광진구,10200,능동,1,대지,239,42,로뎀하우스,20251213,15500,12.74,10,3,,,2009,연립다세대,중개거래,서울 광진구
2025,11290,성북구,13500,종암동,1,대지,3,952,로얄팰리스,20251213,21000,20.34,13,4,,,2017,연립다세대,중개거래,서울 동대문구
2025,11680,강남구,10300,개포동,1,대지,1226,8,로얄팰리체2차A동,20251213,86000,49.57,29,4,,,2019,연립다세대,중개거래,서울 강남구
2025,11410,서대문구,11800,홍은동,1,대지,281,0,로하스,20251213,48000,79.89,0,5,,,2010,아파트,중개거래,서울 서대문구
2025,11230,동대문구,10900,휘경동,1,대지,78,0,롯데,20251213,74000,84.69,0,2,,,2000,아파트,중개거래,"서울 동대문구, 서울 성북구"
2025,11350,노원구,10600,중계동,1,대지,361,1,롯데우성,20251213,141000,115.26,0,14,,,1993,아파트,중개거래,서울 노원구
2025,11590,동작구,10700,사당동,1,대지,1132,0,롯데캐슬,20251213,118000,155.6,0,7,,,2003,아파트,중개거래,서울 양천구
2025,11290,성북구,13400,길음동,1,대지,1287,1,롯데캐슬골든힐스,20251213,87800,59.928,0,4,,,2019,아파트,중개거래,"서울 강북구, 서울 성북구"
2025,11530,구로구,10700,개봉동,1,대지,278,6,리벤하임,20251213,29500,44.72,27,2,,,2014,연립다세대,중개거래,서울 구로구
2025,11500,강서구,10500,마곡동,1,대지,776,0,마곡 파크뷰 대방디엠시티 오피스텔,20251213,17500,21.25,31.7629,8,,,2019,오피스텔,중개거래,서울 강서구
2025,11500,강서구,10600,내발산동,1,대지,741,0,마곡수명산파크2단지,20251213,124000,84.53,0,5,,,2007,아파트,중개거래,서울 강서구
2025,11500,강서구,10600,내발산동,1,대지,741,0,마곡수명산파크2단지,20251213,122900,84.82,0,13,,,2007,아파트,중개거래,서울 강서구
2025,11500,강서구,10600,내발산동,1,대지,753,0,마곡수명산파크4단지,20251213,114000,84.96,0,14,,,2008,아파트,중개거래,서울 강서구
2025,11500,강서구,10500,마곡동,1,대지,747,0,마곡엠밸리10단지,20251213,155000,84.89,0,11,,,2016,아파트,중개거래,서울 강서구
2025,11500,강서구,10500,마곡동,1,대지,1467,0,마곡우림필유아파트,20251213,93500,84.528,0,9,,,2003,아파트,중개거래,서울 강서구
2025,11500,강서구,10900,방화동,1,대지,852,0,마곡중앙하이츠아파트,20251213,43500,39.58,0,14,,,1994,아파트,중개거래,서울 강서구
2025,11500,강서구,10800,공항동,1,대지,22,112,마루하우스,20251213,16000,12.19,8,5,,,2014,연립다세대,중개거래,서울 강서구
2025,11710,송파구,11400,마천동,1,대지,354,17,마일맨션3동,20251213,98000,44.81,24,4,,,2004,연립다세대,중개거래,서울 송파구
2025,11440,마포구,10100,아현동,1,대지,617,1,마포 에피트 어바닉,20251213,118540,46.243,0,14,분양권,,0,아파트,중개거래,서울 마포구
2025,11440,마포구,12500,성산동,1,대지,593,7,마포상암시티프라디움리버,20251213,19300,17.02,25.86,7,,,2021,오피스텔,중개거래,서울 마포구
2025,11440,마포구,10400,도화동,1,대지,559,0,마포트라팰리스,20251213,89000,73.72,95.04,28,,,2006,오피스텔,중개거래,서울 마포구
2025,11440,마포구,10100,아현동,1,대지,275,2,마포푸르지오더센트럴,20251213,75000,40.07,0,4,,,2023,아파트,중개거래,서울 마포구
2025,11590,동작구,10100,노량진동,1,대지,57,1,메가스터디타워,20251213,16400,16.01,0,8,,,2015,아파트,중개거래,서울 동작구
2025,11470,양천구,10300,신월동,1,대지,954,13,명승빌라A동,20251213,24700,44.62,31,1,,,1988,연립다세대,중개거래,서울 양천구
2025,11380,은평구,10600,대조동,1,대지,215,10,명진하이빌,20251213,45800,57.62,33,4,,,2016,연립다세대,중개거래,서울 은평구
2025,11590,동작구,10200,상도동,1,대지,210,193,모건하이빌(210-193),20251213,43700,50.16,30,2,,,2014,연립다세대,중개거래,서울 동작구
2025,11470,양천구,10200,목동,1,대지,318,25,목동예스빌(318-25),20251213,22000,31.73,22,5,,,2013,연립다세대,중개거래,서울 양천구
2025,11470,양천구,10100,신정동,1,대지,337,0,목동우성2,20251213,120000,113.91,0,1,,,2000,아파트,중개거래,서울 양천구
2025,11410,서대문구,11100,홍제동,1,대지,464,0,무악재한화,20251213,127500,113.52,0,8,,,2001,아파트,중개거래,서울 서대문구
2025,11500,강서구,10500,마곡동,1,대지,422,0,신안,20251213,83000,59.98,0,6,,20251231,1993,아파트,중개거래,서울 강서구
2025,11560,영등포구,12100,문래동3가,1,대지,55,4,문래동메가트리움,20251213,108000,99.53,126.04,18,,,null,오피스텔,중개거래,서울 영등포구
2025,11710,송파구,10800,문정동,1,대지,117,0,문정대우푸르지오3차,20251213,140000,84.96,0,7,,,2002,아파트,중개거래,서울 송파구
2025,11200,성동구,12200,용답동,1,대지,170,7,미산빌-14,20251213,60000,29.57,18,3,,,2022,연립다세대,중개거래,서울 성동구
2025,11305,강북구,10100,미아동,1,대지,474,0,미아동부센트레빌,20251213,95000,84.93,0,13,,,2006,아파트,중개거래,서울 강북구
2025,11230,동대문구,11000,이문동,1,대지,325,20,민족통일 대통령 리빙텔,20251213,13500,22.14,31.24,6,,,2004,오피스텔,중개거래,서울 동대문구
2025,11650,서초구,10100,방배동,1,대지,902,23,바를정,20251213,48800,29.88,19,2,,,2015,연립다세대,중개거래,서울 서초구
2025,11650,서초구,10100,방배동,1,대지,888,53,방배자이,20251213,320000,164.96,0,8,,,2003,아파트,중개거래,서울 서초구
2025,11500,강서구,10900,방화동,1,대지,814,0,방화5,20251213,43000,39.6,0,1,,,1994,아파트,중개거래,서울 강서구
2025,11500,강서구,10900,방화동,1,대지,839,0,방화그린,20251213,31500,33.6,0,5,,,1993,아파트,중개거래,서울 강서구
2025,11500,강서구,10900,방화동,1,대지,839,0,방화그린,20251213,55800,49.77,0,10,,,1993,아파트,중개거래,서울 강서구
2025,11380,은평구,10700,응암동,1,대지,760,0,백련산힐스테이트2차,20251213,75000,59.63,0,2,,,2011,아파트,중개거래,서울 은평구
2025,11410,서대문구,11900,북가좌동,1,대지,310,31,백명그린타운(가),20251213,23500,46.04,21,2,,,1996,연립다세대,중개거래,서울 서대문구
2025,11530,구로구,11000,온수동,1,대지,158,0,스마트타운,20251213,33000,53.19,32,5,,,2015,연립다세대,중개거래,서울 구로구
2025,11230,동대문구,10500,답십리동,1,대지,470,28,샤인파크빌,20251213,46000,26.91,17,3,,,2019,연립다세대,중개거래,서울 동대문구
2025,11620,관악구,10100,봉천동,1,대지,1591,2,서울대입구삼성,20251213,80000,59.78,0,16,,,1999,아파트,중개거래,서울 강동구
2025,11500,강서구,10900,방화동,1,대지,337,3,서진리치빌,20251213,20000,29.56,18,5,,,2017,연립다세대,중개거래,서울 강서구
2025,11650,서초구,10800,서초동,1,대지,1344,13,서초트라팰리스,20251213,163000,81.76,0,16,,,2005,아파트,중개거래,서울 서초구
2025,11740,강동구,10700,암사동,1,대지,509,0,선사현대아파트,20251213,126700,59.64,0,3,,,2000,아파트,중개거래,서울 강동구
2025,11440,마포구,12500,성산동,1,대지,604,0,성산2차e-편한세상,20251213,94000,84.95,0,1,,,2005,아파트,중개거래,서울 마포구
2025,11500,강서구,10300,화곡동,1,대지,354,35,이노셀(INNOCELL),20251213,19250,29.7,18,3,,20251226,2017,연립다세대,직거래,
2025,11440,마포구,12500,성산동,1,대지,597,0,성산동성,20251213,75000,60,0,8,,,1999,아파트,중개거래,서울 마포구
2025,11110,종로구,17400,창신동,1,대지,640,252,성용,20251213,54000,58.23,0,6,,,1994,아파트,중개거래,서울 중구
2025,11260,중랑구,10600,신내동,1,대지,783,0,성원,20251213,59900,84.32,0,1,,,1994,아파트,중개거래,서울 중랑구
2025,11680,강남구,10300,개포동,1,대지,12,0,성원대치2단지아파트,20251213,190000,39.53,0,12,,,1992,아파트,중개거래,서울 강남구
2025,11290,성북구,13800,장위동,1,대지,230,70,세영그린빌,20251213,40000,43.45,26,5,,,2016,연립다세대,중개거래,서울 성북구
2025,11110,종로구,11700,당주동,1,대지,100,0,세종,20251213,117000,105.06,0,7,,,1983,아파트,중개거래,서울 종로구
2025,11170,용산구,12800,한강로3가,1,대지,98,0,센트럴파크,20251213,411000,114.501,0,40,,,2020,아파트,중개거래,서울 용산구
2025,11500,강서구,10700,외발산동,1,대지,231,10,센트리움,20251213,19700,28.96,22,5,,,2018,연립다세대,중개거래,서울 강서구
2025,11710,송파구,10800,문정동,1,대지,624,0,송파 아이파크,20251213,58500,38.8,55.598,8,,,2015,오피스텔,중개거래,서울 송파구
2025,11710,송파구,10500,석촌동,1,대지,166,9,송파빌라,20251213,17900,16.68,8,2,,,2002,연립다세대,중개거래,"서울 강동구, 서울 송파구"
2025,11710,송파구,10900,장지동,1,대지,856,0,송파파인타운10단지,20251213,149500,59.96,0,2,,,2007,아파트,중개거래,"서울 강동구, 서울 송파구"
2025,11710,송파구,11400,마천동,1,대지,582,0,송파파크데일1단지,20251213,120000,84.99,0,6,,,2011,아파트,중개거래,서울 송파구
2025,11710,송파구,10800,문정동,1,대지,620,0,송파푸르지오시티,20251213,22900,29.63,38.627,8,,,2013,오피스텔,중개거래,서울 송파구
2025,11305,강북구,10100,미아동,1,대지,160,3,수유역푸르지오시티,20251213,14000,22.426,33.5283,19,,,2014,오피스텔,중개거래,서울 강북구
2025,11350,노원구,10500,상계동,1,대지,173,1,벽산,20251213,34800,43.35,0,2,,,1989,아파트,중개거래,서울 노원구
2025,11620,관악구,10200,신림동,1,대지,1733,0,벽산블루밍,20251213,73500,84.98,0,9,,,2005,아파트,중개거래,"서울 강동구, 서울 관악구"
2025,11560,영등포구,13300,대림동,1,대지,1125,0,보라매 신동아 파밀리에,20251213,100000,84.83,0,8,,,2016,아파트,중개거래,서울 영등포구
2025,11620,관악구,10200,신림동,1,대지,1718,0,보라매갑을,20251213,57500,55.91,0,2,,,2003,아파트,중개거래,서울 동작구
2025,11560,영등포구,13200,신길동,1,대지,4780,0,보라매경남아너스빌,20251213,104500,59.78,0,9,,,2005,아파트,중개거래,서울 영등포구
2025,11305,강북구,10300,수유동,1,대지,48,8,수유프리미어엠,20251213,10400,18.28,0,3,,,2016,아파트,중개거래,서울 강북구
2025,11290,성북구,12800,보문동6가,1,대지,458,0,보문파크뷰자이,20251213,121500,72.97,0,18,,,2017,아파트,중개거래,서울 성북구
2025,11620,관악구,10100,봉천동,1,대지,1706,0,봉천우성,20251213,84900,59.76,0,11,,,2000,아파트,중개거래,서울 관악구
2025,11470,양천구,10200,목동,1,대지,537,3,수정빌라(537-3),20251213,20000,26,19,2,,,2007,연립다세대,중개거래,서울 양천구
2025,11710,송파구,10500,석촌동,1,대지,259,10,승원아트빌,20251213,29500,47.62,24,2,,,2003,연립다세대,중개거래,경기 성남시 수정구
2025,11350,노원구,10600,중계동,1,대지,602,0,비콘드림힐(602),20251213,59000,59.924,0,2,,,2005,아파트,중개거래,서울 노원구
2025,11215,광진구,10300,구의동,1,대지,243,2,베스트 트레드빌,20251213,13800,26.84,36.81,4,,,2004,오피스텔,중개거래,서울 광진구
2025,11305,강북구,10100,미아동,1,대지,303,15,빌라엠,20251213,23000,52.73,21,4,,,2009,연립다세대,중개거래,서울 강북구
2025,11215,광진구,10700,화양동,1,대지,111,12,빌리브 인테라스,20251213,25000,16.875,29.8982,18,,,2021,오피스텔,중개거래,서울 광진구
2025,11290,성북구,11200,삼선동2가,1,대지,425,0,삼선푸르지오,20251213,89500,84.83,0,6,,,2008,아파트,중개거래,서울 성북구
2025,11350,노원구,10600,중계동,1,대지,593,0,삼성,20251213,73000,84.75,0,10,,,1999,아파트,중개거래,서울 노원구
2025,11350,노원구,10600,중계동,1,대지,593,0,삼성,20251213,81000,84.75,0,3,,,1999,아파트,중개거래,서울 노원구
2025,11305,강북구,10100,미아동,1,대지,812,0,삼성래미안트리베라2단지,20251213,91500,84.29,0,2,,,2010,아파트,중개거래,"경기 오산시, 서울 강북구"
2025,11740,강동구,10500,길동,1,대지,325,15,삼우주택(BC동),20251213,19750,43.44,25,-1,,,1991,연립다세대,중개거래,서울 강동구
2025,11350,노원구,10300,공릉동,1,대지,754,0,삼익2차아파트,20251213,48500,54.74,0,16,,,2004,아파트,중개거래,서울 노원구
2025,11440,마포구,12500,성산동,1,대지,239,25,삼호빌라트,20251213,70000,83.86,0,8,,,2001,아파트,중개거래,서울 마포구
2025,11350,노원구,10500,상계동,1,대지,1282,0,상계2차중앙하이츠,20251213,59200,59.82,0,12,,,1998,아파트,중개거래,"경기 부천시 원미구, 서울 노원구"
2025,11590,동작구,10200,상도동,1,대지,227,29,대흥미소가29차(B동),20251213,35000,29.49,18,3,,20251224,2020,연립다세대,중개거래,서울 동작구
2025,11350,노원구,10500,상계동,1,대지,1282,0,상계2차중앙하이츠,20251213,78000,84.6,0,11,,,1998,아파트,중개거래,서울 노원구
2025,11350,노원구,10500,상계동,1,대지,1282,0,상계2차중앙하이츠,20251213,81000,84.6,0,9,,,1998,아파트,중개거래,서울 노원구
2025,11350,노원구,10500,상계동,1,대지,666,0,상계주공10(고층),20251213,53000,49.94,0,10,,,1988,아파트,중개거래,서울 노원구
2025,11350,노원구,10500,상계동,1,대지,637,0,상계주공13(고층),20251213,42000,49.94,0,15,,,1989,아파트,중개거래,서울 노원구
2025,11350,노원구,10500,상계동,1,대지,730,2,상계주공3(고층),20251213,88000,73.94,0,15,,,1987,아파트,중개거래,서울 노원구
2025,11350,노원구,10500,상계동,1,대지,749,5,상계주공4(고층),20251213,50500,49.94,0,1,,,1988,아파트,중개거래,서울 노원구
2025,11440,마포구,12700,상암동,1,대지,1596,0,"상암DMC푸르지오시티, S-City",20251213,15700,18.4,28.5744,16,,,2017,오피스텔,중개거래,서울 마포구
2025,11380,은평구,10900,신사동,1,대지,170,12,새절역두산위브트레지움,20251213,110000,84.96,0,12,분양권,,0,아파트,중개거래,서울 은평구
2025,11200,성동구,10800,응봉동,1,대지,193,12,초원빌라,20251212,203000,70.2,38,2,,,1994,연립다세대,중개거래,서울 성동구
2025,11620,관악구,10100,봉천동,1,대지,649,191,한성파크빌리지,20251212,41000,70.87,43,3,,,2018,연립다세대,중개거래,서울 관악구
2025,11680,강남구,11800,도곡동,1,대지,951,20,은광아트빌라,20251212,56000,34.29,27,-1,,,1986,연립다세대,중개거래,서울 강남구
2025,11350,노원구,10200,월계동,1,대지,942,0,월계역신도브래뉴,20251212,55000,59.858,0,6,,,2005,아파트,중개거래,서울 노원구
2025,11590,동작구,10100,노량진동,1,대지,232,248,한성빌라,20251212,220000,76.135,50,2,,,2002,연립다세대,중개거래,서울 동작구
2025,11530,구로구,10200,구로동,1,대지,512,2,하이빌골드타워,20251212,31000,41.43,50.77,4,,,2019,오피스텔,중개거래,서울 구로구
2025,11410,서대문구,10600,천연동,1,대지,145,0,천연뜨란채,20251212,92000,56.02,0,1,,,2006,아파트,중개거래,서울 서대문구
2025,11260,중랑구,10400,묵동,1,대지,396,0,이편한세상화랑대,20251212,109000,84.902,0,25,,,2017,아파트,중개거래,서울 중랑구
2025,11215,광진구,10100,중곡동,1,대지,128,6,집앤사이카스,20251212,36000,27.86,18,2,,,2021,연립다세대,중개거래,서울 광진구
2025,11530,구로구,11200,항동,1,대지,237,0,하버라인2단지,20251212,68000,59.86,0,11,,,2019,아파트,중개거래,서울 구로구
2025,11680,강남구,10800,논현동,1,대지,136,39,케아하우스23차,20251212,28000,24.17,20,5,,,2013,연립다세대,중개거래,서울 강남구
2025,11500,강서구,10800,공항동,1,대지,49,1,이스카이오피스텔,20251212,6400,19.45,31.18,10,,,2011,오피스텔,중개거래,서울 강서구
2025,11500,강서구,10300,화곡동,1,대지,98,140,한백타운B동(98-140),20251212,14000,53.98,28,2,,,2002,연립다세대,직거래,
2025,11680,강남구,10300,개포동,1,대지,1199,10,프리죤,20251212,62000,58.96,28,1,,,1997,연립다세대,중개거래,서울 강남구
2025,11350,노원구,10400,하계동,1,대지,284,0,청구,20251212,82000,84.97,0,9,,,1988,아파트,중개거래,서울 노원구
2025,11590,동작구,10200,상도동,1,대지,527,0,이수브라운스톤상도(527-0),20251212,161000,84.84,0,10,,,2007,아파트,중개거래,서울 동작구
2025,11230,동대문구,10900,휘경동,1,대지,377,0,이문휘경지웰에스테이트,20251212,81000,59.984,0,8,,,2021,아파트,중개거래,서울 동대문구
2025,11380,은평구,11400,진관동,1,대지,100,2,은평뉴타운 신한 헤센스마트,20251212,12500,20.04,32.2,14,,,2017,오피스텔,중개거래,서울 은평구
2025,11530,구로구,10700,개봉동,1,대지,476,0,한마을,20251212,97000,123.46,0,8,,,1999,아파트,중개거래,서울 구로구
2025,11560,영등포구,12800,양평동4가,1,대지,153,32,프라임빌,20251212,30500,29.99,17,3,,,2015,연립다세대,중개거래,서울 영등포구
2025,11530,구로구,11100,천왕동,1,대지,279,2,천왕이펜하우스2단지,20251212,80000,84.97,0,8,,,2011,아파트,중개거래,서울 구로구
2025,11230,동대문구,10500,답십리동,1,대지,1002,0,청계한신휴플러스,20251212,131000,73.96,0,9,,,2010,아파트,중개거래,서울 동대문구
2025,11620,관악구,10100,봉천동,1,대지,1707,0,은천1,20251212,86500,84.65,0,15,,,2001,아파트,중개거래,서울 관악구
2025,11500,강서구,10500,마곡동,1,대지,758,2,마곡일성트루엘플래닛,20251212,40305,42.86,59.87,14,,20251219,2016,오피스텔,중개거래,서울 강서구
2025,11650,서초구,11100,신원동,1,대지,609,0,프라임시티,20251212,19200,23.602,35.5358,4,,,2015,오피스텔,중개거래,서울 서초구
2025,11290,성북구,13800,장위동,,,,,,20251212,59000,38.55,69,,,20260127,1989,단독다가구,중개거래,서울 성북구
2025,11560,영등포구,13200,신길동,1,대지,4937,0,포레나 신길,20251212,123000,84.58,0,1,,,2008,아파트,중개거래,서울 영등포구
2025,11560,영등포구,11000,여의도동,1,대지,47,0,여의도자이,20251212,141000,92.32,127.13,24,,20260105,2008,오피스텔,중개거래,서울 영등포구
2025,11350,노원구,10200,월계동,1,대지,780,0,청백3,20251212,36000,49.77,0,13,,,1998,아파트,중개거래,서울 노원구
2025,11500,강서구,10200,등촌동,1,대지,695,0,주공5,20251212,95000,58.14,0,12,,,1995,아파트,중개거래,서울 강서구
2025,11710,송파구,10800,문정동,1,대지,618,0,파크하비오,20251212,46000,49.95,63.3,5,,,null,오피스텔,중개거래,서울 송파구
2025,11500,강서구,10100,염창동,1,대지,293,0,한강동아,20251212,84500,59.97,0,1,,,1998,아파트,중개거래,서울 강서구
2025,11290,성북구,13300,정릉동,1,대지,16,244,파인캐슬,20251212,45000,59.72,33,3,,,2019,연립다세대,중개거래,서울 성북구
2025,11260,중랑구,10100,면목동,1,대지,1251,4,파인빌라트,20251212,45000,29.74,18,2,,,2012,연립다세대,중개거래,서울 중랑구
2025,11560,영등포구,11100,당산동1가,1,대지,186,99,파비엥노블레스103동,20251212,30000,29.98,20,5,,,2018,연립다세대,중개거래,서울 영등포구
2025,11350,노원구,10200,월계동,1,대지,556,0,주공2,20251212,51500,58.65,0,13,,,1992,아파트,중개거래,서울 노원구
2025,11530,구로구,10300,가리봉동,1,대지,25,60,창성에코빌,20251212,16000,29.71,23,3,,,2017,연립다세대,중개거래,서울 구로구
2025,11305,강북구,10200,번동,1,대지,242,0,주공1단지,20251212,53500,49.94,0,12,,,1991,아파트,중개거래,서울 강북구
2025,11680,강남구,10600,대치동,1,대지,316,0,은마,20251212,375000,76.79,0,12,,,1979,아파트,중개거래,서울 강남구
2025,11470,양천구,10100,신정동,1,대지,1293,0,학마을1단지,20251212,47000,49.99,0,13,,,2000,아파트,중개거래,서울 양천구
2025,11350,노원구,10600,중계동,1,대지,502,1,중계그린1단지,20251212,56500,49.5,0,4,,,1990,아파트,중개거래,서울 노원구
2025,11740,강동구,11000,강일동,1,대지,677,4,유러피안하우스I,20251212,7100,13.44,22.3,9,,,2013,오피스텔,중개거래,서울 강동구
2025,11320,도봉구,10700,창동,1,대지,27,0,주공19단지(창동리버타운),20251212,98000,84.9,0,7,,,1988,아파트,중개거래,서울 도봉구
2025,11320,도봉구,10700,창동,1,대지,27,0,주공19단지(창동리버타운),20251212,86000,68.86,0,4,,,1988,아파트,중개거래,서울 도봉구
2025,11680,강남구,10300,개포동,1,대지,1226,7,조이하우스빌2차,20251212,78400,72.72,35,4,,,2003,연립다세대,중개거래,서울 강남구
2025,11650,서초구,10800,서초동,,,,,,20251212,730000,646.93,192,,,20251222,1900,단독다가구,중개거래,서울 서초구
2025,11350,노원구,10500,상계동,1,대지,680,0,포레나노원,20251212,94500,59.942,0,4,,,2020,아파트,중개거래,서울 노원구
2025,11290,성북구,13300,정릉동,1,대지,1028,0,정릉e-편한세상,20251212,70000,85,0,3,,,2006,아파트,중개거래,서울 성북구
2025,11680,강남구,10100,역삼동,1,대지,720,25,대우디오빌,20251212,93000,59.505,0,20,,20251222,2002,아파트,중개거래,서울 강남구
2025,11545,금천구,10200,독산동,1,대지,1136,0,진도3차아파트,20251212,50000,79.71,0,1,,20251226,1999,아파트,중개거래,서울 금천구
2025,11500,강서구,10900,방화동,1,대지,841,0,장미,20251212,57500,59.04,0,2,,,1994,아파트,중개거래,서울 강서구
2025,11710,송파구,10500,석촌동,1,대지,165,5,진성빌라,20251212,35000,42.86,26,1,,,1992,연립다세대,중개거래,서울 송파구
2025,11530,구로구,10700,개봉동,1,대지,107,0,태산무지개(107-0),20251212,27500,48.77,27,4,,,2011,연립다세대,직거래,
2025,11710,송파구,10100,잠실동,1,대지,19,0,잠실엘스,20251212,295000,59.96,0,23,,,2008,아파트,중개거래,서울 송파구
2025,11470,양천구,10100,신정동,1,대지,1197,3,금남맨션,20251212,120000,76.32,45,3,,20260311,2002,연립다세대,중개거래,서울 양천구
2025,11740,강동구,10800,성내동,1,대지,396,10,일심,20251212,72000,84.58,0,4,,,2001,아파트,직거래,
2025,11560,영등포구,13300,대림동,1,대지,607,1,코오롱,20251212,105000,134.91,0,20,,,1998,아파트,중개거래,서울 영등포구
2025,11215,광진구,10700,화양동,1,대지,21,23,케이타워 오피스텔 A,20251212,13000,19.93,27.6,12,,,2013,오피스텔,중개거래,서울 광진구
2025,11680,강남구,10800,논현동,1,대지,136,39,케아하우스23차,20251212,32000,28.66,24,3,,,2013,연립다세대,직거래,
2025,11410,서대문구,11100,홍제동,1,대지,460,0,인왕산현대,20251212,105000,114.72,0,4,,,2000,아파트,중개거래,"경기 구리시, 서울 서대문구"
2025,11290,성북구,13600,하월곡동,1,대지,90,736,이화빌리지,20251212,40000,49.69,29,4,,,2018,연립다세대,중개거래,서울 성북구
2025,11350,노원구,10400,하계동,1,대지,288,0,하계2현대,20251212,96000,84.896,0,5,,,1997,아파트,중개거래,서울 노원구
2025,11740,강동구,10700,암사동,1,대지,413,0,프라이어팰리스,20251212,153000,59.983,0,12,,,2007,아파트,중개거래,서울 강동구
2025,11740,강동구,10900,천호동,1,대지,47,24,천호1차우림루미아트,20251212,75000,83.71,0,9,,,2004,아파트,중개거래,서울 강동구
2025,11410,서대문구,12000,남가좌동,1,대지,377,0,DMC래미안클라시스,20251212,94500,59.59,0,20,,,2000,아파트,중개거래,서울 서대문구
2025,11305,강북구,10300,수유동,1,대지,486,280,미래주택,20251212,12400,34.08,18,1,,20251224,1993,연립다세대,직거래,
2025,11110,종로구,18200,구기동,1,대지,40,0,동익빌라,20251212,62200,84.84,103,3,,20260106,1996,연립다세대,중개거래,서울 종로구
2025,11380,은평구,10500,구산동,1,대지,177,43,성원빌라,20251212,9000,37.52,26,3,,20260223,1991,연립다세대,중개거래,서울 은평구
2025,11260,중랑구,10500,망우동,1,대지,620,0,중랑숲시티프라디움,20251212,72300,55.95,0,24,,20260116,2022,아파트,중개거래,서울 중랑구
2025,11260,중랑구,10500,망우동,,,,,,20251212,51000,136.56,77,,,,1986,단독다가구,중개거래,서울 중랑구
2025,11230,동대문구,10700,청량리동,,,,,,20251212,90000,84.36,63,,,,1980,단독다가구,중개거래,서울 동대문구
2025,11440,마포구,12400,연남동,,,,,,20251212,58320,71.76,46,,,,2009,단독다가구,중개거래,서울 마포구
2025,11230,동대문구,10600,장안동,1,대지,366,7,힐스테이트 장안 센트럴,20251212,49800,57.371,82.3136,4,,,2024,오피스텔,중개거래,"서울 마포구, 서울 중구"
2025,11500,강서구,10300,화곡동,1,대지,57,24,화일빌라(57-24),20251212,14500,45.15,23,3,,,2003,연립다세대,중개거래,서울 강서구
2025,11500,강서구,10300,화곡동,1,대지,1091,0,화곡푸르지오,20251212,143000,156.876,0,8,,,2002,아파트,중개거래,서울 강서구
2025,11500,강서구,10300,화곡동,1,대지,1091,0,화곡푸르지오,20251212,121000,125.021,0,11,,,2002,아파트,중개거래,서울 강서구
2025,11500,강서구,10300,화곡동,1,대지,1091,0,화곡푸르지오,20251212,112000,84.94,0,13,,,2002,아파트,중개거래,"서울 강서구, 서울 종로구"
2025,11410,서대문구,11100,홍제동,1,대지,322,138,홍제에스피엘,20251212,53330,84.258,0,5,,,2023,아파트,직거래,
2025,11410,서대문구,11100,홍제동,1,대지,312,35,홍제,20251212,30000,21.55,25,1,,,1965,연립다세대,중개거래,서울 서대문구
2025,11710,송파구,10500,석촌동,1,대지,170,0,호반빌라(170-0),20251212,25000,28.78,19,2,,,1986,연립다세대,중개거래,서울 송파구
2025,11740,강동구,10700,암사동,1,대지,400,0,현대홈타운,20251212,160000,84.98,0,7,,,2004,아파트,중개거래,서울 강동구
2025,11740,강동구,10900,천호동,1,대지,565,0,현대코아아파트,20251212,83000,79.98,0,21,,,1999,아파트,중개거래,서울 강동구
2025,11650,서초구,10800,서초동,1,대지,1338,0,현대이에스에이아파트,20251212,155500,116.04,0,3,,,2002,아파트,중개거래,서울 서초구
2025,11305,강북구,10300,수유동,1,대지,172,48,현대아트빌,20251212,14000,26.66,14,2,,,2002,연립다세대,중개거래,서울 강북구
2025,11215,광진구,10300,구의동,1,대지,210,19,현대로얄빌라,20251212,40000,75.6,51,1,,,1997,연립다세대,직거래,
2025,11215,광진구,10400,광장동,1,대지,484,0,현대3,20251212,220000,84.97,0,10,,,1990,아파트,중개거래,서울 광진구
2025,11500,강서구,10100,염창동,1,대지,291,0,현대3,20251212,69000,59.92,0,2,,,1996,아파트,중개거래,서울 강서구
2025,11380,은평구,10900,신사동,1,대지,355,0,현대2,20251212,59700,84.83,0,5,,,1994,아파트,중개거래,서울 은평구
2025,11350,노원구,10600,중계동,1,대지,577,0,현대1(4차),20251212,54000,71.16,0,3,,,1993,아파트,중개거래,서울 노원구
2025,11380,은평구,10900,신사동,1,대지,359,0,현대1,20251212,60500,84.33,0,9,,,1997,아파트,중개거래,서울 은평구
2025,11710,송파구,11200,오금동,1,대지,43,0,현대(2-4차),20251212,330000,170.32,0,10,,,1984,아파트,중개거래,서울 송파구
2025,11620,관악구,10200,신림동,1,대지,255,189,현대,20251212,51000,84.44,0,6,,,1991,아파트,중개거래,서울 관악구
2025,11260,중랑구,10100,면목동,1,대지,1502,0,현대,20251212,68000,84.81,0,3,,,1994,아파트,중개거래,서울 중랑구
2025,11440,마포구,11000,노고산동,1,대지,19,8,헬랜힐에이,20251212,71500,28.8,19,5,,,2020,연립다세대,중개거래,서울 마포구
2025,11470,양천구,10300,신월동,1,대지,48,16,행운주택(나),20251212,15500,41.08,29,1,,,1988,연립다세대,직거래,
2025,11305,강북구,10100,미아동,1,대지,705,1,한화포레나미아,20251212,104744,84.97,0,25,분양권,,0,아파트,중개거래,서울 강북구
2025,11350,노원구,10600,중계동,1,대지,598,0,한화꿈에그린,20251212,82500,84.902,0,8,,,2005,아파트,중개거래,서울 노원구
2025,11740,강동구,10800,성내동,1,대지,552,1,한영해시안아파트,20251212,88900,64.24,0,9,,,2022,아파트,중개거래,서울 강동구
2025,11140,중구,16200,신당동,1,대지,432,1653,노블레스2,20251212,105000,84.84,0,1,,,2002,아파트,중개거래,서울 성동구
2025,11500,강서구,10300,화곡동,1,대지,343,48,남경리버빌(343-48),20251212,47000,70.55,0,2,,,2000,아파트,직거래,
2025,11680,강남구,11500,수서동,1,대지,746,0,까치마을,20251212,165000,39.6,0,12,,,1993,아파트,중개거래,서울 강남구
2025,11230,동대문구,10600,장안동,1,대지,316,23,까사벨로2,20251212,25500,46.26,27,2,,,2018,연립다세대,직거래,
2025,11290,성북구,13600,하월곡동,1,대지,229,0,길음서희스타힐스,20251212,80000,84.91,0,4,,,2011,아파트,중개거래,서울 성북구
2025,11200,성동구,10800,응봉동,1,대지,264,79,금호파크빌106동,20251212,34000,38.43,12,3,,,2002,연립다세대,중개거래,서울 성동구
2025,11320,도봉구,10700,창동,1,대지,823,0,금호어울림,20251212,79000,84.99,0,8,,,2004,아파트,중개거래,서울 도봉구
2025,11410,서대문구,11100,홍제동,1,대지,471,0,금호어울림,20251212,96000,84.905,0,13,,,2016,아파트,중개거래,서울 서대문구
2025,11545,금천구,10200,독산동,1,대지,1156,0,금천 롯데캐슬 골드파크 4차,20251212,16500,24.21,38.1,4,,,2019,오피스텔,중개거래,서울 금천구
2025,11470,양천구,10100,신정동,1,대지,1197,3,금남맨션,20251212,120000,76.32,45,3,,,2002,연립다세대,중개거래,서울 양천구
2025,11380,은평구,10400,갈현동,1,대지,228,52,금강파크빌,20251212,11000,36.26,19,-1,,,2003,연립다세대,중개거래,서울 은평구
2025,11590,동작구,10200,상도동,1,대지,159,29,그린빌라(159-29),20251212,29500,50.07,38,2,,,1995,연립다세대,중개거래,서울 동작구
2025,11500,강서구,10800,공항동,1,대지,55,270,그랜드캐슬,20251212,22500,29.38,17,4,,,2017,연립다세대,중개거래,서울 강서구
2025,11215,광진구,10700,화양동,1,대지,113,1,광진코지웰,20251212,15400,18.63,0,6,,,2014,아파트,중개거래,서울 광진구
2025,11500,강서구,10600,내발산동,1,대지,719,0,광남캐스빌,20251212,65000,84.87,0,5,,,2004,아파트,중개거래,서울 강서구
2025,11500,강서구,10100,염창동,1,대지,268,0,관음삼성,20251212,104300,84.93,0,17,,,1997,아파트,중개거래,서울 강서구
2025,11620,관악구,10200,신림동,1,대지,1735,0,관악산휴먼시아2단지,20251212,73500,84.97,0,15,,,2008,아파트,중개거래,서울 관악구
2025,11440,마포구,10200,공덕동,1,대지,478,0,공덕더샵,20251212,225000,84.959,0,16,,,2018,아파트,중개거래,서울 마포구
2025,11530,구로구,10600,고척동,1,대지,340,1,고척LIG리가2차,20251212,74000,59.95,0,1,,,2009,아파트,중개거래,서울 구로구
2025,11740,강동구,10300,상일동,1,대지,490,0,고덕리엔파크3단지,20251212,120500,84.83,0,15,,,2011,아파트,중개거래,"서울 강동구, 서울 송파구"
2025,11560,영등포구,13200,신길동,1,대지,95,298,경은빌라B동(95-298),20251212,63000,36.58,21,-1,,,1992,연립다세대,중개거래,서울 영등포구
2025,11230,동대문구,10600,장안동,1,대지,578,0,경남하이빌,20251212,62800,84.56,0,2,,,2008,아파트,중개거래,서울 동대문구
2025,11590,동작구,10700,사당동,1,대지,1134,0,경남아너스빌1차,20251212,88000,59.9,0,14,,,1997,아파트,중개거래,서울 동작구
2025,11560,영등포구,12800,양평동4가,1,대지,51,1,경남아너스빌,20251212,89500,70.94,0,6,,,2000,아파트,중개거래,서울 영등포구
2025,11710,송파구,10800,문정동,1,대지,72,3,건영1,20251212,174500,84.39,0,12,,,1996,아파트,중개거래,"서울 강남구, 서울 송파구"
2025,11710,송파구,11300,거여동,1,대지,294,0,거여5단지,20251212,102000,59.74,0,4,,,1997,아파트,중개거래,서울 송파구
2025,11740,강동구,10500,길동,1,대지,342,44,거성아트맨션2차,20251212,29000,48.32,23,3,,,1994,연립다세대,중개거래,서울 강동구
2025,11305,강북구,10300,수유동,1,대지,276,25,거목빌라,20251212,19000,60.62,31,4,,,1992,연립다세대,중개거래,"서울 강북구, 서울 노원구"
2025,11710,송파구,10100,잠실동,1,대지,40,0,갤러리아팰리스,20251212,65000,48.595,48.595,4,,,2005,오피스텔,중개거래,서울 송파구
2025,11710,송파구,10100,잠실동,1,대지,40,0,갤러리아팰리스,20251212,50000,44.198,44.198,3,,,2005,오피스텔,직거래,
2025,11680,강남구,10300,개포동,1,대지,1283,0,개포자이르네,20251212,115000,50.866,0,3,,,2022,아파트,중개거래,서울 강남구
2025,11740,강동구,10900,천호동,1,대지,570,0,강변그대가갤럭시,20251212,174000,129.57,0,7,,,2009,아파트,중개거래,서울 강동구
2025,11500,강서구,10400,가양동,1,대지,1475,0,강변,20251212,61400,34.44,0,6,,,1992,아파트,중개거래,서울 강서구
2025,11500,강서구,10400,가양동,1,대지,448,1,가양강나루현대,20251212,113500,84.98,0,14,,,1999,아파트,중개거래,서울 강서구
2025,11410,서대문구,11800,홍은동,1,대지,469,0,e편한세상홍제가든플라츠,20251212,106000,59.991,0,3,,,2023,아파트,중개거래,서울 서대문구
2025,11560,영등포구,13300,대림동,1,대지,1127,0,e편한세상영등포아델포레,20251212,140000,84.957,0,16,,,2020,아파트,중개거래,서울 영등포구
2025,11410,서대문구,11000,북아현동,1,대지,1013,0,e편한세상신촌3단지,20251212,218000,84.95,0,9,,,2018,아파트,중개거래,서울 서대문구
2025,11170,용산구,10200,용산동2가,1,대지,19,10,(19-10),20251212,40000,16.492,15,1,,,2025,연립다세대,중개거래,서울 용산구
2025,11530,구로구,10200,구로동,1,대지,650,4,SK 허브수 ,20251212,20300,37.53,46.4,12,,,2005,오피스텔,중개거래,서울 구로구
2025,11590,동작구,10100,노량진동,1,대지,225,45,(225-45)푸른빌라,20251212,215000,76.32,51,3,,,1997,연립다세대,중개거래,서울 동작구
2025,11680,강남구,10400,청담동,1,대지,129,0,PH129,20251212,1550000,273.96,0,10,,,2020,아파트,중개거래,서울 강남구
2025,11710,송파구,11400,마천동,1,대지,354,24,(354-24),20251212,85000,43.04,27,1,,,1980,연립다세대,중개거래,서울 송파구
2025,11440,마포구,10500,용강동,1,대지,494,84,(494-84),20251212,55000,31.16,19,4,,,2010,연립다세대,중개거래,서울 마포구
2025,11710,송파구,10400,송파동,1,대지,151,0,2차한양아파트,20251212,249000,108.68,0,3,,,1984,아파트,중개거래,"서울 강남구, 서울 송파구"
2025,11680,강남구,10500,삼성동,1,대지,142,3,LG선릉에클라트B,20251212,30000,39.99,49.74,4,,,2004,오피스텔,중개거래,서울 강남구
2025,11380,은평구,10100,수색동,1,대지,419,0,DMCSK뷰아이파크포레,20251212,84000,49.92,0,7,,,2023,아파트,중개거래,서울 은평구
2025,11110,종로구,17500,숭인동,1,대지,298,9,INSPIRE [케이디종합건설 (주)],20251212,11000,14.5,25.95,14,,,null,오피스텔,중개거래,서울 종로구
2025,11410,서대문구,11900,북가좌동,1,대지,481,0,DMC래미안e편한세상,20251212,128000,59.97,0,3,,,2012,아파트,중개거래,서울 서대문구
2025,11410,서대문구,12000,남가좌동,1,대지,377,0,DMC래미안클라시스,20251212,103000,84.9,0,6,,,2000,아파트,중개거래,"경기 고양시 덕양구, 서울 서대문구"
2025,11500,강서구,10300,화곡동,1,대지,1159,0,"우장산아이파크,이편한세상",20251212,145000,84.97,0,5,,,2008,아파트,중개거래,서울 강서구
2025,11110,종로구,13400,경운동,1,대지,89,4,운현궁 에스케이 허브,20251212,30000,39.2,54.06,7,,,2005,오피스텔,중개거래,서울 종로구
2025,11500,강서구,10300,화곡동,1,대지,1173,0,우장산숲아이파크,20251212,124500,59.987,0,6,,,2022,아파트,중개거래,서울 강서구
2025,11710,송파구,10100,잠실동,1,대지,101,1,우성아파트,20251212,376000,131.08,0,5,,,1981,아파트,중개거래,서울 송파구
2025,11590,동작구,10900,신대방동,1,대지,565,0,우성1차,20251212,163000,126.16,0,9,,,1988,아파트,중개거래,서울 동작구
2025,11380,은평구,11400,진관동,1,대지,88,0,우물골2단지두산위브(209~222동)BL2-8,20251212,88300,84.79,0,9,,,2009,아파트,중개거래,서울 은평구
2025,11170,용산구,10200,용산동2가,1,대지,32,2,용산해피빌,20251212,73700,21.38,16,3,,,2025,연립다세대,중개거래,서울 용산구
2025,11170,용산구,11200,원효로1가,1,대지,41,0,용산더프라임,20251212,194000,84.976,0,7,,,2014,아파트,중개거래,서울 용산구
2025,11260,중랑구,10100,면목동,1,대지,1499,0,용마동아,20251212,64500,84.88,0,9,,,1993,아파트,중개거래,서울 중랑구
2025,11350,노원구,10500,상계동,1,대지,1258,0,오피앙,20251212,9200,23.37,33.74,7,,,2004,오피스텔,중개거래,서울 노원구
2025,11410,서대문구,11100,홍제동,1,대지,322,138,홍제에스피엘,20251212,49190,84.258,0,5,,20260115,2023,아파트,직거래,
2025,11620,관악구,10300,남현동,1,대지,1134,0,예성2차그린캐슬,20251212,86900,84.1,0,3,,,2004,아파트,중개거래,"서울 관악구, 서울 서초구"
2025,11560,영등포구,11800,도림동,1,대지,57,0,영광빌라,20251212,50000,24.35,25,3,,,2021,연립다세대,중개거래,서울 영등포구
2025,11305,강북구,10100,미아동,1,대지,1353,0,에스케이북한산시티,20251212,65500,59.98,0,7,,,2004,아파트,중개거래,"서울 강북구, 서울 성북구"
2025,11740,강동구,10900,천호동,1,대지,52,8,에덴캐슬(가동),20251212,30000,36.68,26,2,,,2014,연립다세대,중개거래,서울 강동구
2025,11560,영등포구,12900,양평동5가,1,대지,76,0,양평한신,20251212,107500,59.94,0,13,,,1996,아파트,중개거래,서울 영등포구
2025,11290,성북구,13500,종암동,1,대지,130,0,아이파크종암동1차,20251212,103000,84.98,0,18,,,2004,아파트,중개거래,서울 성북구
2025,11290,성북구,13500,종암동,1,대지,130,0,아이파크종암동1차,20251212,89500,59.73,0,19,,,2004,아파트,중개거래,서울 성북구
2025,11215,광진구,10300,구의동,1,대지,26,14,"아산주택(가,나)",20251212,42000,77.63,44,4,,,1992,연립다세대,중개거래,서울 광진구
2025,11530,구로구,11000,온수동,1,대지,23,0,아델리안,20251212,27800,41.47,25,2,,,2019,연립다세대,중개거래,서울 구로구
2025,11560,영등포구,11800,도림동,1,대지,269,1,쌍용플래티넘시티2단지,20251212,59000,62.34,77.97,7,,,2006,오피스텔,중개거래,서울 영등포구
2025,11560,영등포구,13300,대림동,1,대지,717,0,쌍용플래티넘S,20251212,9500,18.24,0,4,,,2013,아파트,직거래,
2025,11710,송파구,11200,오금동,1,대지,30,2,쌍용스위닷홈(201동),20251212,175000,143.82,0,6,,,2005,아파트,중개거래,서울 송파구
2025,11680,강남구,10600,대치동,1,대지,66,0,"쌍용대치아파트1동,2동,3동,5동,6동",20251212,370000,83.56,0,2,,,1983,아파트,중개거래,서울 강남구
2025,11320,도봉구,10700,창동,1,대지,807,0,쌍용,20251212,91000,84.76,0,16,,,1997,아파트,중개거래,서울 도봉구
2025,11320,도봉구,10700,창동,1,대지,807,0,쌍용,20251212,74000,59.88,0,17,,,1997,아파트,중개거래,서울 도봉구
2025,11410,서대문구,11100,홍제동,1,대지,267,5,신흥빌라트,20251212,49800,60.59,28,2,,,2000,연립다세대,중개거래,서울 서대문구
2025,11305,강북구,10200,번동,1,대지,521,16,신한주택,20251212,11000,30.02,19,1,,,2002,연립다세대,중개거래,서울 강북구
2025,11440,마포구,11000,노고산동,1,대지,1,3,신촌포스빌,20251212,26500,29.03,0,9,,,2004,아파트,중개거래,서울 마포구
2025,11470,양천구,10300,신월동,1,대지,533,1,신월동금용,20251212,59500,84.98,0,4,,,1998,아파트,중개거래,서울 양천구
2025,11380,은평구,10900,신사동,1,대지,155,1,신성,20251212,40500,61.32,0,5,,,1988,아파트,중개거래,서울 은평구
2025,11620,관악구,10200,신림동,1,대지,1730,0,신림푸르지오,20251212,97000,84.79,0,6,,,2005,아파트,중개거래,"서울 관악구, 서울 영등포구"
2025,11290,성북구,13900,석관동,1,대지,408,0,신동아파밀리에,20251212,84500,84.83,0,2,,,2011,아파트,중개거래,서울 성북구
2025,11650,서초구,10200,양재동,1,대지,56,3,신동아빌라A,20251212,292000,275.35,310,1,,,1988,연립다세대,중개거래,서울 서초구
2025,11680,강남구,10800,논현동,1,대지,22,0,신동아(22),20251212,220000,84.52,0,3,,,1997,아파트,중개거래,서울 강남구
2025,11680,강남구,11500,수서동,1,대지,736,0,신동아,20251212,149900,33.18,0,2,,,1992,아파트,중개거래,서울 강남구
2025,11680,강남구,10400,청담동,1,대지,134,16,신동아,20251212,293000,84.94,0,6,,,1997,아파트,중개거래,서울 강남구
2025,11260,중랑구,10600,신내동,1,대지,650,0,신내6대주,20251212,53000,49.77,0,9,,,1996,아파트,중개거래,서울 중랑구
2025,11170,용산구,13100,한남동,1,대지,1,349,시범,20251212,106000,59.5,0,5,,,1970,아파트,중개거래,서울 성동구
2025,11110,종로구,17900,홍파동,1,대지,2,3,송현빌라,20251212,53000,59.85,19,-1,,,2000,연립다세대,중개거래,서울 종로구
2025,11320,도봉구,10600,방학동,1,대지,664,1,송학에버빌,20251212,17000,43.28,25,3,,,2011,연립다세대,중개거래,서울 도봉구
2025,11710,송파구,10800,문정동,1,대지,624,0,송파 아이파크,20251212,59500,38.8,55.598,14,,,2015,오피스텔,중개거래,서울 송파구
2025,11530,구로구,10600,고척동,1,대지,320,0,센츄리,20251212,62000,84.56,0,14,,,1994,아파트,중개거래,서울 구로구
2025,11620,관악구,10100,봉천동,1,대지,180,175,세하빌라,20251212,18500,52.95,24,-1,,,1993,연립다세대,중개거래,서울 관악구
2025,11260,중랑구,10400,묵동,1,대지,235,112,성원아트빌(235-112),20251212,24000,29.92,19,6,,,2018,연립다세대,중개거래,서울 중랑구
2025,11410,서대문구,11800,홍은동,1,대지,469,0,e편한세상홍제가든플라츠,20251212,110000,84.994,0,2,,20251219,2023,아파트,중개거래,서울 강남구
2025,11380,은평구,10500,구산동,1,대지,177,43,성원빌라,20251212,9000,37.52,26,3,,,1991,연립다세대,중개거래,서울 은평구
2025,11320,도봉구,10700,창동,1,대지,828,0,성우스타팰리스,20251212,37000,43.545,20,5,,,2015,연립다세대,중개거래,서울 도봉구
2025,11440,마포구,12500,성산동,1,대지,601,0,성산월드타운대림,20251212,109000,84.689,0,22,,,2004,아파트,중개거래,서울 마포구
2025,11440,마포구,12500,성산동,1,대지,446,0,성산시영(대우),20251212,139000,50.03,0,9,,,1986,아파트,중개거래,서울 마포구
2025,11680,강남구,10800,논현동,1,대지,136,39,케아하우스23차,20251212,28000,24.17,20,5,,20251223,2013,연립다세대,중개거래,서울 강남구
2025,11620,관악구,10100,봉천동,1,대지,1666,51,더헤르미온,20251212,25200,18.46,28.48,8,,,2021,오피스텔,중개거래,서울 관악구
2025,11230,동대문구,10500,답십리동,1,대지,1000,0,래미안엘파인아파트,20251212,84500,59.95,0,13,,,2011,아파트,중개거래,서울 동대문구
2025,11560,영등포구,13200,신길동,1,대지,4950,0,래미안에스티움,20251212,166000,59.95,0,11,,,2017,아파트,중개거래,서울 영등포구
2025,11500,강서구,10800,공항동,1,대지,665,4,마곡디엠팰리스,20251212,41500,41.87,26,2,,,2022,연립다세대,직거래,
2025,11290,성북구,13500,종암동,1,대지,133,0,래미안세레니티,20251212,105500,84.99,0,13,,,2009,아파트,중개거래,"서울 성북구, 서울 중랑구"
2025,11170,용산구,12500,한강로2가,1,대지,422,0,래미안 용산 더 센트럴,20251212,80000,51.84,70.8428,10,,,null,오피스텔,중개거래,서울 용산구
2025,11500,강서구,10500,마곡동,1,대지,758,2,마곡일성트루엘플래닛,20251212,38000,42.86,59.87,14,,,2016,오피스텔,중개거래,서울 강서구
2025,11500,강서구,10900,방화동,1,대지,852,0,마곡중앙하이츠아파트,20251212,60000,51.03,0,13,,,1994,아파트,중개거래,"서울 강서구, 서울 마포구"
2025,11680,강남구,11100,세곡동,1,대지,590,0,라온프라이빗시티 강남,20251212,42000,50.72,74.65,8,,,2017,오피스텔,중개거래,서울 강남구
2025,11680,강남구,10300,개포동,1,대지,1167,4,마메종,20251212,64000,36.59,21,3,,,2023,연립다세대,중개거래,서울 강남구
2025,11470,양천구,10200,목동,1,대지,42,32,디에스에코빌,20251212,27800,34.33,20,5,,,2014,연립다세대,중개거래,서울 양천구
2025,11260,중랑구,10300,중화동,1,대지,326,77,디아이빌B동,20251212,46000,46.68,27,5,,,2025,연립다세대,중개거래,서울 중랑구
2025,11260,중랑구,10300,중화동,1,대지,326,77,디아이빌B동,20251212,46000,46.68,27,4,,,2025,연립다세대,중개거래,서울 중랑구
2025,11710,송파구,11400,마천동,1,대지,354,18,마일맨션2동,20251212,87000,41.4,24,1,,,2004,연립다세대,중개거래,서울 송파구
2025,11500,강서구,10200,등촌동,1,대지,715,0,등촌동아이파크,20251212,118000,84.995,0,11,,,2004,아파트,중개거래,"서울 강서구, 서울 양천구"
2025,11350,노원구,10300,공릉동,1,대지,747,0,두산힐스빌아파트,20251212,81000,84.9,0,21,,,2000,아파트,중개거래,서울 노원구
2025,11740,강동구,10900,천호동,1,대지,414,0,두산위브센티움,20251212,30000,55.82,79.43,12,,,2004,오피스텔,중개거래,서울 강동구
2025,11290,성북구,13600,하월곡동,1,대지,230,0,동일하이빌뉴시티,20251212,135000,133.74,0,19,,,2011,아파트,중개거래,경기 수원시 영통구
2025,11470,양천구,10100,신정동,1,대지,954,8,동일하이빌(954-8),20251212,33000,57.24,34,2,,,2003,연립다세대,중개거래,서울 양천구
2025,11650,서초구,10800,서초동,1,대지,1511,2,동원스위트,20251212,45000,29.85,18,3,,,2015,연립다세대,중개거래,"서울 강남구, 서울 서초구"
2025,11320,도봉구,10700,창동,1,대지,808,0,동아청솔,20251212,82000,59.76,0,14,,,1997,아파트,중개거래,서울 도봉구
2025,11530,구로구,10100,신도림동,1,대지,645,0,동아3,20251212,152500,84.99,0,19,,,2000,아파트,중개거래,"서울 구로구, 서울 영등포구"
2025,11530,구로구,10100,신도림동,1,대지,643,0,동아1,20251212,138500,84.908,0,15,,,1999,아파트,중개거래,서울 구로구
2025,11215,광진구,10300,구의동,1,대지,251,14,동부연립,20251212,60000,72,93,2,,,1978,연립다세대,중개거래,서울 광진구
2025,11500,강서구,10300,화곡동,1,대지,870,112,동도하이츠(나동),20251212,24000,73.11,39,2,,,2001,연립다세대,중개거래,서울 강서구
2025,11260,중랑구,10400,묵동,1,대지,388,0,동구햇살,20251212,67000,84.97,0,4,,,2004,아파트,중개거래,서울 중랑구
2025,11410,서대문구,10900,현저동,1,대지,200,0,독립문극동(200-0),20251212,142500,114.51,0,21,,,1998,아파트,중개거래,서울 서대문구
2025,11410,서대문구,10900,현저동,1,대지,200,0,독립문극동(200-0),20251212,109000,59.58,0,3,,,1998,아파트,중개거래,서울 서대문구
2025,11470,양천구,10200,목동,1,대지,553,2,도양빌라트(553),20251212,32900,59.97,35,1,,,2001,연립다세대,중개거래,서울 양천구
2025,11680,강남구,10600,대치동,1,대지,920,27,더힐하우스,20251212,103000,42.56,29,3,,,2016,연립다세대,중개거래,서울 강남구
2025,11545,금천구,10300,시흥동,1,대지,1002,1,럭키남서울아파트,20251212,54500,49.75,0,9,,,1981,아파트,중개거래,서울 금천구
2025,11380,은평구,10900,신사동,1,대지,368,0,대주파크빌,20251212,60000,84.8,0,10,,,2004,아파트,중개거래,서울 은평구
2025,11380,은평구,10400,갈현동,1,대지,515,13,대원아트빌,20251212,23900,29.77,20,5,,,2013,연립다세대,중개거래,서울 은평구
2025,11170,용산구,12500,한강로2가,1,대지,312,4,대우디오빌한강로오피스텔,20251212,51000,44.01,63,16,,,2004,오피스텔,중개거래,서울 용산구
2025,11680,강남구,10100,역삼동,1,대지,720,25,대우디오빌,20251212,93000,59.505,0,20,,,2002,아파트,중개거래,서울 강남구
2025,11440,마포구,12300,망원동,1,대지,455,82,대명파크빌B동,20251212,49000,30.99,19,3,,,2007,연립다세대,중개거래,서울 성동구
2025,11590,동작구,10800,대방동,1,대지,501,0,대림아파트,20251212,194500,164.79,0,3,,,1993,아파트,중개거래,서울 동작구
2025,11230,동대문구,11000,이문동,1,대지,225,0,대림e-편한세상,20251212,96800,84.972,0,3,,,2003,아파트,중개거래,서울 동대문구
2025,11530,구로구,10100,신도림동,1,대지,642,0,대림2,20251212,128500,84.95,0,9,,,2001,아파트,중개거래,서울 구로구
2025,11560,영등포구,11400,당산동4가,1,대지,30,1,당산현대5차,20251212,180000,114.84,0,14,,,2000,아파트,중개거래,서울 영등포구
2025,11560,영등포구,11500,당산동5가,1,대지,42,0,당산삼성래미안4차,20251212,209000,84.94,0,12,,,2003,아파트,중개거래,서울 영등포구
2025,11530,구로구,10700,개봉동,1,대지,272,9,다원리치빌2차,20251212,21700,27.16,26,4,,,2020,연립다세대,중개거래,인천 부평구
2025,11680,강남구,11400,일원동,1,대지,646,7,다세대주택,20251212,78000,48.86,33,2,,,1987,연립다세대,중개거래,서울 강남구
2025,11290,성북구,13400,길음동,1,대지,1287,1,롯데캐슬골든힐스,20251212,98000,84.932,0,12,,,2019,아파트,중개거래,서울 성북구
2025,11710,송파구,10100,잠실동,1,대지,22,0,리센츠,20251212,176000,27.68,0,12,,,2008,아파트,중개거래,서울 송파구
2025,11350,노원구,10600,중계동,1,대지,361,1,롯데우성,20251212,138000,115.26,0,13,,,1993,아파트,중개거래,서울 노원구
2025,11590,동작구,10900,신대방동,1,대지,713,0,롯데낙천대,20251212,104500,55.456,0,11,,,2003,아파트,중개거래,서울 동작구
2025,11710,송파구,10400,송파동,1,대지,58,4,레이크해모로,20251212,150000,84.51,0,6,,,2005,아파트,중개거래,서울 송파구
2025,11710,송파구,10400,송파동,1,대지,58,4,레이크해모로,20251212,134000,84.51,0,4,,,2005,아파트,중개거래,서울 송파구
2025,11560,영등포구,13200,신길동,1,대지,4934,0,삼성래미안,20251212,107000,84.91,0,11,,,2001,아파트,중개거래,서울 영등포구
2025,11410,서대문구,10100,충정로2가,1,대지,192,0,서대문 디오빌 오피스텔,20251212,19000,25.35,34.65,12,,,2009,오피스텔,중개거래,서울 서대문구
2025,11650,서초구,10100,방배동,1,대지,848,1,방배아크빌,20251212,270000,195.43,0,6,,,2003,아파트,중개거래,서울 서초구
2025,11650,서초구,10100,방배동,1,대지,890,19,방배월든빌,20251212,72000,48.66,24,2,,,2016,연립다세대,중개거래,서울 서초구
2025,11380,은평구,10700,응암동,1,대지,766,0,백련산파크자이,20251212,70700,49.759,0,6,,,2021,아파트,중개거래,서울 은평구
2025,11560,영등포구,13200,신길동,1,대지,4934,0,삼성래미안,20251212,107000,84.91,0,2,,,2001,아파트,중개거래,서울 영등포구
2025,11305,강북구,10200,번동,1,대지,133,1,번동한양아파트,20251212,56000,84.67,0,8,,,1992,아파트,중개거래,서울 강북구
2025,11650,서초구,10100,방배동,1,대지,1,39,베로니스5차,20251212,260000,178.71,0,1,,,2007,아파트,중개거래,서울 서초구
2025,11350,노원구,10500,상계동,1,대지,173,1,벽산,20251212,35000,43.35,0,6,,,1989,아파트,중개거래,서울 노원구
2025,11530,구로구,10200,구로동,1,대지,256,1,삼성래미안,20251212,104000,109.651,0,16,,,2004,아파트,중개거래,서울 구로구
2025,11290,성북구,11200,삼선동2가,1,대지,425,0,삼선푸르지오,20251212,80000,59.95,0,2,,,2008,아파트,중개거래,"서울 성북구, 서울 종로구"
2025,11350,노원구,10400,하계동,1,대지,271,3,벽산,20251212,70000,70.56,0,11,,,1988,아파트,중개거래,서울 노원구
2025,11350,노원구,10300,공릉동,1,대지,109,0,비선아파트,20251212,41500,48.6,0,4,,,1999,아파트,중개거래,서울 노원구
2025,11620,관악구,10100,봉천동,1,대지,1718,0,벽산블루밍,20251212,99500,84.99,0,7,,,2005,아파트,중개거래,"서울 강남구, 서울 관악구"
2025,11440,마포구,10300,신공덕동,1,대지,3,3,블루마리오피스텔,20251212,15800,17.73,33.9155,8,,,2017,오피스텔,중개거래,서울 마포구
2025,11620,관악구,10100,봉천동,1,대지,1718,0,벽산블루밍,20251212,110000,101.95,0,11,,,2005,아파트,중개거래,서울 관악구
2025,11620,관악구,10100,봉천동,1,대지,1718,0,벽산블루밍,20251212,104500,114.97,0,17,,,2005,아파트,중개거래,서울 관악구
2025,11500,강서구,10200,등촌동,1,대지,640,0,보람(640),20251212,86000,83.07,0,11,,,2002,아파트,중개거래,서울 강서구
2025,11650,서초구,10800,서초동,1,대지,1316,5,부띠크 모나코,20251212,301000,153.32,207.6,25,,,2008,오피스텔,중개거래,서울 서초구
2025,11650,서초구,10800,서초동,1,대지,1316,5,부띠크 모나코,20251212,310000,172.29,233.28,20,,,2008,오피스텔,중개거래,"서울 강남구, 서울 서초구"
2025,11590,동작구,10100,노량진동,1,대지,218,98,부자의길,20251212,45000,17.29,9,2,,,2013,연립다세대,중개거래,서울 동작구
2025,11380,은평구,10300,불광동,1,대지,635,0,북한산힐스테이트1차아파트,20251212,72000,59.817,0,1,,,2009,아파트,중개거래,서울 은평구
2025,11470,양천구,10300,신월동,1,대지,1076,0,목동센트럴아이파크위브2단지,20251212,125000,84.97,0,7,,,2020,아파트,중개거래,서울 양천구
2025,11470,양천구,10200,목동,1,대지,902,0,목동신시가지2,20251212,274500,97.92,0,2,,,1986,아파트,중개거래,서울 양천구
2025,11350,노원구,10600,중계동,1,대지,360,12,새롬스타빌,20251212,14000,28.2,38.04,6,,,2002,오피스텔,직거래,
2025,11350,노원구,10500,상계동,1,대지,765,0,상계주공1(고층),20251212,42000,58.01,0,11,,,1988,아파트,직거래,
2025,11350,노원구,10200,월계동,1,대지,85,7,서울원 아이파크,20251212,189478,112.398,0,35,분양권,,0,아파트,중개거래,서울 성북구
2025,11470,양천구,10200,목동,1,대지,904,0,목동신시가지4,20251212,187000,47.25,0,4,,,1986,아파트,중개거래,서울 양천구
2025,11440,마포구,12700,상암동,1,대지,1655,0,상암월드컵파크4단지,20251212,148000,84.66,0,18,,,2006,아파트,중개거래,서울 마포구
2025,11350,노원구,10200,월계동,1,대지,85,7,서울원 아이파크,20251212,192610,120.646,0,40,분양권,,0,아파트,중개거래,서울 성북구
2025,11350,노원구,10200,월계동,1,대지,85,7,서울원 아이파크,20251212,191330,120.646,0,41,분양권,,0,아파트,직거래,
2025,11470,양천구,10100,신정동,1,대지,314,0,목동신시가지8,20251212,275000,105.35,0,6,,,1987,아파트,중개거래,서울 양천구
2025,11530,구로구,10700,개봉동,1,대지,470,0,삼환,20251212,71500,84.945,0,21,,,1995,아파트,중개거래,서울 구로구
2025,11530,구로구,10700,개봉동,1,대지,471,0,삼호,20251212,63900,59.86,0,12,,,1996,아파트,중개거래,서울 구로구
2025,11380,은평구,11400,진관동,1,대지,14,0,상림마을8단지롯데캐슬(801~809동)BL1-2,20251212,73500,59.28,0,5,,,2008,아파트,중개거래,서울 은평구
2025,11590,동작구,10200,상도동,1,대지,210,448,상도동두양빌라,20251212,54700,145.44,85,4,,,1994,연립다세대,중개거래,서울 동작구
2025,11290,성북구,13800,장위동,1,대지,246,371,창신주택,20251212,50000,51.42,31,1,,20260115,1991,연립다세대,중개거래,서울 성북구
2025,11470,양천구,10100,신정동,1,대지,296,28,목동캐슬아파트,20251212,85000,110.52,0,5,,,1999,아파트,중개거래,서울 양천구
2025,11320,도봉구,10500,쌍문동,1,대지,56,0,삼익세라믹,20251212,38750,58.77,0,8,,,1988,아파트,중개거래,서울 도봉구
2025,11680,강남구,10600,대치동,1,대지,920,27,더힐하우스,20251212,103000,42.56,29,3,,20251216,2016,연립다세대,중개거래,서울 강남구
2025,11470,양천구,10100,신정동,1,대지,1323,0,목동힐스테이트,20251212,237000,113.68,0,3,,,2016,아파트,중개거래,서울 양천구
2025,11560,영등포구,12100,문래동3가,1,대지,77,2,문래공원한신,20251212,94000,58.96,0,1,,,1988,아파트,중개거래,서울 영등포구
2025,11350,노원구,10500,상계동,1,대지,740,0,상계주공2(고층),20251212,46800,41.3,0,13,,,1987,아파트,중개거래,서울 노원구
2025,11350,노원구,10500,상계동,1,대지,637,0,상계주공13(고층),20251212,48600,58.01,0,3,,,1989,아파트,중개거래,서울 노원구
2025,11350,노원구,10500,상계동,1,대지,637,0,상계주공13(고층),20251212,33800,45.9,0,4,,,1989,아파트,중개거래,서울 노원구
2025,11650,서초구,10300,우면동,1,대지,773,0,서초힐스,20251212,177500,59.97,0,12,,,2012,아파트,중개거래,서울 서초구
2025,11410,서대문구,10100,충정로2가,1,대지,192,0,서대문 디오빌 오피스텔,20251212,19000,25.35,34.65,18,,,2009,오피스텔,중개거래,서울 서대문구
2025,11230,동대문구,10700,청량리동,1,대지,235,1,미주,20251212,130000,102.15,0,3,,,1978,아파트,중개거래,서울 동대문구
2025,11545,금천구,10300,시흥동,1,대지,5,13,삼익,20251212,68500,114.48,0,18,,,1999,아파트,중개거래,서울 금천구
2025,11545,금천구,10300,시흥동,1,대지,5,13,삼익,20251212,45200,59.9,0,17,,,1999,아파트,중개거래,"서울 구로구, 서울 금천구"
2025,11545,금천구,10200,독산동,1,대지,962,32,명도힐스티지,20251212,28000,29.63,0,15,,,2019,아파트,중개거래,경기 용인시 수지구
2025,11470,양천구,10200,목동,1,대지,131,47,삼원빌라,20251212,12500,54.02,39,3,,,1999,연립다세대,중개거래,서울 양천구
2025,11350,노원구,10500,상계동,1,대지,647,0,상계주공12(고층),20251212,59000,61.52,0,3,,,1988,아파트,중개거래,서울 노원구
2025,11500,강서구,10100,염창동,1,대지,248,3,삼성하나로,20251212,82000,84.78,0,1,,,1994,아파트,중개거래,"서울 강서구, 서울 양천구"
2025,11410,서대문구,10600,천연동,1,대지,98,17,반석블레스포레,20251212,107000,84.97,0,8,,,2024,아파트,직거래,
2025,11410,서대문구,11900,북가좌동,1,대지,449,0,북가좌삼호,20251211,84400,84.57,0,6,,,1996,아파트,중개거래,서울 서대문구
2025,11680,강남구,11500,수서동,1,대지,736,0,신동아,20251211,120000,49.96,0,8,,,1992,아파트,중개거래,서울 강남구
2025,11320,도봉구,10700,창동,1,대지,825,0,북한산아이파크5차,20251211,94000,84.451,0,11,,,2004,아파트,중개거래,"경기 성남시 수정구, 서울 도봉구"
2025,11530,구로구,10200,구로동,1,대지,560,0,신도림현대,20251211,89500,80.01,0,15,,,1994,아파트,중개거래,서울 구로구
2025,11320,도봉구,10500,쌍문동,1,대지,522,14,북한산캐스빌20차,20251211,14612,37.22,23,3,,,2015,연립다세대,직거래,
2025,11260,중랑구,10400,묵동,1,대지,13,0,신내,20251211,40800,39.84,0,7,,,1996,아파트,중개거래,서울 중랑구
2025,11740,강동구,10900,천호동,1,대지,287,16,시티빌아파트,20251211,64000,83.29,0,3,,,2006,아파트,중개거래,서울 강동구
2025,11215,광진구,10500,자양동,1,대지,227,257,스타빌(227-257),20251211,120000,55.68,31,3,,,2014,연립다세대,중개거래,서울 광진구
2025,11260,중랑구,10300,중화동,1,대지,301,77,브래뉴2,20251211,34000,29.89,19,4,,,2020,연립다세대,중개거래,서울 중랑구
2025,11305,강북구,10200,번동,1,대지,410,0,수유역두산위브1,20251211,74000,84.99,0,12,,,2009,아파트,중개거래,서울 강북구
2025,11710,송파구,10900,장지동,1,대지,879,0,송파더센트레,20251211,162000,59.85,0,17,,,2013,아파트,중개거래,서울 송파구
2025,11710,송파구,10800,문정동,1,대지,624,0,송파 아이파크,20251211,28500,29.83,42.745,10,,,2015,오피스텔,중개거래,"서울 동대문구, 서울 송파구"
2025,11260,중랑구,10100,면목동,1,대지,1545,0,사가정센트럴아이파크,20251211,134000,84.87,0,10,,,2020,아파트,중개거래,서울 중랑구
2025,11710,송파구,11100,방이동,1,대지,46,2,사보이시티잠실,20251211,23000,19.362,30.9187,14,,,2021,오피스텔,중개거래,서울 송파구
2025,11200,성동구,11500,성수동2가,1,대지,277,101,성수동램킨중흥S클래스오피스텔,20251211,15000,18.33,25.0608,2,,,2013,오피스텔,중개거래,서울 성동구
2025,11470,양천구,10100,신정동,1,대지,955,25,성림하이츠빌라가동,20251211,20000,45.8,19,1,,,2002,연립다세대,중개거래,서울 양천구
2025,11290,성북구,13800,장위동,1,대지,8,2,석계역한일노벨리아시티,20251211,11750,14.714,0,10,,,2019,아파트,중개거래,서울 성북구
2025,11650,서초구,10900,내곡동,1,대지,384,0,서초포레스타2단지,20251211,179000,84.87,0,9,,,2015,아파트,중개거래,서울 서초구
2025,11470,양천구,10300,신월동,1,대지,475,0,서울가든,20251211,62000,86.4,0,6,,,1985,아파트,중개거래,서울 양천구
2025,11215,광진구,10300,구의동,1,대지,23,21,상헌새티스빌,20251211,22500,47.44,23,4,,,2000,연립다세대,중개거래,서울 광진구
2025,11440,마포구,12500,성산동,1,대지,593,11,상암 카리스 다올림 오피스텔,20251211,15200,17.48,27.55,5,,,2018,오피스텔,중개거래,서울 마포구
2025,11440,마포구,12500,성산동,1,대지,592,5,상암 우남퍼스트빌스타,20251211,14000,16.687,26.4887,6,,,2017,오피스텔,중개거래,서울 마포구
2025,11350,노원구,10500,상계동,1,대지,691,0,상계주공7(고층),20251211,54500,45.9,0,11,,,1988,아파트,중개거래,서울 노원구
2025,11320,도봉구,10500,쌍문동,1,대지,713,0,에덴,20251211,37000,67.404,0,2,,20260305,2001,아파트,직거래,
2025,11350,노원구,10500,상계동,1,대지,691,0,상계주공7(고층),20251211,53000,45.55,0,11,,,1988,아파트,중개거래,서울 노원구
2025,11350,노원구,10500,상계동,1,대지,749,5,상계주공4(고층),20251211,52500,49.94,0,5,,,1988,아파트,중개거래,서울 노원구
2025,11740,강동구,10500,길동,1,대지,410,8,삼성타운(A동),20251211,45000,75.95,46,2,,,2002,연립다세대,중개거래,서울 강동구
2025,11350,노원구,10500,상계동,1,대지,730,2,상계주공3(고층),20251211,90000,84.38,0,1,,,1987,아파트,중개거래,서울 노원구
2025,11680,강남구,10600,대치동,1,대지,938,0,삼환 아르누보2,20251211,70000,60.73,80.83,8,,,2004,오피스텔,중개거래,서울 강남구
2025,11305,강북구,10100,미아동,1,대지,719,6,삼성레드빌A동(719-6),20251211,35000,38.68,23,3,,,2019,연립다세대,직거래,
2025,11350,노원구,10200,월계동,1,대지,13,0,삼호3,20251211,87000,59.22,0,2,,,1986,아파트,중개거래,서울 노원구
2025,11650,서초구,10100,방배동,1,대지,770,1,삼호1동~3동,20251211,275000,116.13,0,10,,,1975,아파트,중개거래,서울 서초구
2025,11290,성북구,11300,삼선동3가,1,대지,116,0,삼선에스케이뷰,20251211,109000,59.97,0,6,,,2012,아파트,중개거래,서울 성북구
2025,11710,송파구,11200,오금동,1,대지,8,10,삼익빌라,20251211,37000,58.48,29,4,,,1993,연립다세대,중개거래,서울 송파구
2025,11590,동작구,10700,사당동,1,대지,1150,0,삼익그린뷰,20251211,78000,84.994,0,15,,,2003,아파트,중개거래,서울 동작구
2025,11410,서대문구,11900,북가좌동,1,대지,449,0,북가좌삼호,20251211,76000,75.75,0,1,,,1996,아파트,중개거래,"서울 동대문구, 서울 서대문구"
2025,11380,은평구,10900,신사동,1,대지,358,0,신성수정,20251211,57000,84.8,0,1,,,1996,아파트,중개거래,서울 은평구
2025,11350,노원구,10600,중계동,1,대지,366,0,신동아(366),20251211,134000,115.35,0,9,,,1993,아파트,중개거래,서울 노원구
2025,11500,강서구,10900,방화동,1,대지,904,0,신마곡벽산블루밍,20251211,67000,49.775,0,10,,,2020,아파트,중개거래,서울 강서구
2025,11350,노원구,10600,중계동,1,대지,366,0,신동아(366),20251211,117000,115.35,0,11,,,1993,아파트,중개거래,서울 노원구
2025,11620,관악구,10100,봉천동,1,대지,180,273,청구빌라트(180-273),20251211,34000,67.73,33,1,,,2002,연립다세대,중개거래,서울 관악구
2025,11380,은평구,10800,역촌동,1,대지,232,0,역촌센트레빌,20251211,65500,59.86,0,8,,,2011,아파트,중개거래,"서울 금천구, 서울 은평구"
2025,11740,강동구,10500,길동,1,대지,477,0,이편한세상강동에코포레,20251211,136000,59.99,0,15,,,2020,아파트,중개거래,서울 강동구
2025,11500,강서구,10300,화곡동,1,대지,400,70,아이비맨숀,20251211,29000,57.59,32,2,,,2008,연립다세대,중개거래,서울 강서구
2025,11170,용산구,10400,갈월동,1,대지,7,211,아로마빌리지(E),20251211,110000,48.455,23,2,,,2003,연립다세대,중개거래,서울 용산구
2025,11680,강남구,11400,일원동,1,대지,741,0,래미안 개포 루체하임,20251211,308000,59.99,0,4,,20260331,2018,아파트,중개거래,서울 강남구
2025,11410,서대문구,11000,북아현동,1,대지,1013,0,이편한세상신촌,20251211,35100,27.16,41.82,9,,,2018,오피스텔,중개거래,서울 서대문구
2025,11110,종로구,17500,숭인동,,,,,,20251211,28000,16.53,27,,,20260115,1911,단독다가구,중개거래,서울 종로구
2025,11140,중구,14800,을지로6가,1,대지,23,0,타임캐슬 오피스텔,20251211,12500,19.94,28.76,7,,,2004,오피스텔,중개거래,서울 중구
2025,11215,광진구,10500,자양동,1,대지,779,0,타워더모스트광진아크로텔,20251211,35000,32.18,46.2,14,,,2014,오피스텔,중개거래,서울 광진구
2025,11380,은평구,10900,신사동,1,대지,184,5,초원파크빌(184-5),20251211,23000,57.39,31,4,,,2002,연립다세대,직거래,
2025,11230,동대문구,10400,전농동,1,대지,620,47,청량리역 롯데캐슬 Sky-L65,20251211,26500,24.307,40.825,39,,,2023,오피스텔,중개거래,서울 동대문구
2025,11230,동대문구,10400,전농동,1,대지,620,20,청량리 창보리버리치Ⅲ,20251211,21000,18.62,29.8959,5,,,2022,오피스텔,중개거래,서울 관악구
2025,11350,노원구,10600,중계동,1,대지,360,2,청구3,20251211,115000,84.77,0,6,,,1996,아파트,중개거래,서울 노원구
2025,11110,종로구,17400,창신동,1,대지,703,0,창신쌍용2,20251211,69500,64.66,0,8,,,1993,아파트,중개거래,서울 종로구
2025,11710,송파구,11100,방이동,1,대지,42,0,잠실역 웰리지 더테라스,20251211,52400,29.632,29.632,20,,,2023,오피스텔,직거래,
2025,11545,금천구,10200,독산동,1,대지,1136,0,진도3차아파트,20251211,62500,79.71,0,17,,,1999,아파트,중개거래,서울 금천구
2025,11230,동대문구,11000,이문동,1,대지,84,0,중앙하이츠빌,20251211,74000,59.4,0,13,,,2002,아파트,중개거래,서울 동대문구
2025,11740,강동구,10300,상일동,1,대지,476,0,중앙하이츠,20251211,117000,84.23,0,4,,,1992,아파트,중개거래,서울 강동구
2025,11350,노원구,10500,상계동,1,대지,1322,0,중계센트럴파크,20251211,82500,84.53,0,1,,,2016,아파트,중개거래,서울 노원구
2025,11590,동작구,10700,사당동,1,대지,175,72,옥선아트빌(175-72),20251211,81500,81.36,52,2,,,2008,연립다세대,중개거래,서울 동작구
2025,11710,송파구,11100,방이동,1,대지,42,0,잠실역 웰리지 더테라스,20251211,35100,24.117,24.117,11,,,2023,오피스텔,직거래,
2025,11380,은평구,10200,녹번동,1,대지,167,1,주영빌트(167-1),20251211,45500,35.11,27,2,,,2016,연립다세대,중개거래,서울 은평구
2025,11710,송파구,10100,잠실동,1,대지,27,0,주공아파트 5단지,20251211,344000,76.5,0,10,,,1978,아파트,직거래,
2025,11710,송파구,11100,방이동,1,대지,42,0,잠실역 웰리지 더테라스,20251211,31800,21.636,21.636,9,,,2023,오피스텔,직거래,
2025,11710,송파구,10100,잠실동,1,대지,27,0,주공아파트 5단지,20251211,402700,76.5,0,10,,,1978,아파트,중개거래,서울 송파구
2025,11710,송파구,10100,잠실동,1,대지,221,6,아미캐슬,20251211,81000,45.63,31,2,,,2022,연립다세대,중개거래,서울 송파구
2025,11350,노원구,10600,중계동,1,대지,359,1,주공5,20251211,76000,58.46,0,14,,,1992,아파트,중개거래,서울 노원구
2025,11500,강서구,10900,방화동,1,대지,903,0,신세계아파트,20251211,52800,64.46,0,6,,,2018,아파트,중개거래,서울 강서구
2025,11350,노원구,10200,월계동,1,대지,556,0,주공2,20251211,34800,44.52,0,10,,,1992,아파트,중개거래,서울 노원구
2025,11410,서대문구,11900,북가좌동,1,대지,455,0,신일해피트리,20251211,67500,59.23,0,2,,,2005,아파트,중개거래,서울 서대문구
2025,11710,송파구,10100,잠실동,1,대지,176,2,잠실동 렉스빌2차,20251211,18000,21.77,37.6,7,,,2013,오피스텔,직거래,
2025,11320,도봉구,10700,창동,1,대지,38,0,주공17단지,20251211,29000,36.16,0,15,,,1989,아파트,중개거래,서울 도봉구
2025,11110,종로구,17500,숭인동,1,대지,202,3,종로중흥S클래스,20251211,12200,19.466,0,12,,,2013,아파트,중개거래,서울 종로구
2025,11500,강서구,10500,마곡동,1,대지,776,2,마곡센트럴대방디엠시티오피스텔,20251211,21900,29.479,42.3423,8,,20260206,2017,오피스텔,중개거래,"서울 강서구, 서울 마포구"
2025,11110,종로구,13700,낙원동,1,대지,58,1,종로오피스텔,20251211,18100,29.7,38.4,11,,,1994,오피스텔,중개거래,서울 종로구
2025,11320,도봉구,10500,쌍문동,1,대지,709,2,양지쉐르빌,20251211,17000,51.61,30,4,,,2014,연립다세대,직거래,
2025,11560,영등포구,12900,양평동5가,1,대지,76,0,양평한신,20251211,118000,59.94,0,10,,,1996,아파트,중개거래,서울 영등포구
2025,11680,강남구,10300,개포동,1,대지,1183,11,어반피나클개포,20251211,55000,17.4,17,5,,,2024,연립다세대,중개거래,서울 강남구
2025,11320,도봉구,10500,쌍문동,1,대지,713,0,에덴,20251211,37000,67.404,0,2,,,2001,아파트,직거래,
2025,11230,동대문구,10600,장안동,1,대지,349,8,에메랄드2차,20251211,41000,55.812,33,3,,,2018,연립다세대,중개거래,서울 동대문구
2025,11410,서대문구,11100,홍제동,1,대지,358,5,양지빌라(358-5),20251211,30000,48.8,31,2,,,1991,연립다세대,중개거래,서울 서대문구
2025,11305,강북구,10100,미아동,1,대지,1353,0,에스케이북한산시티,20251211,69500,84.92,0,7,,,2004,아파트,중개거래,서울 강북구
2025,11500,강서구,10300,화곡동,1,대지,160,16,제선그랜드빌(160-16),20251211,23000,42.36,30,3,,,2010,연립다세대,중개거래,서울 강서구
2025,11680,강남구,11000,압구정동,1,대지,426,0,신현대9차,20251211,850000,152.28,0,4,,,1982,아파트,중개거래,서울 강남구
2025,11260,중랑구,10200,상봉동,1,대지,126,52,정원팰리스,20251211,37500,55.6,33,4,,,2015,연립다세대,중개거래,"서울 광진구, 서울 중랑구"
2025,11470,양천구,10100,신정동,1,대지,1218,9,우진파크빌다동,20251211,97700,51.42,24,3,,,2002,연립다세대,중개거래,서울 양천구
2025,11440,마포구,12600,중동,1,대지,398,0,울트라월드컵(참누리),20251211,129500,84.957,0,14,,,2006,아파트,중개거래,서울 마포구
2025,11350,노원구,10600,중계동,1,대지,588,0,양지마을(대림)2,20251211,93000,84.88,0,6,,,1999,아파트,중개거래,서울 노원구
2025,11710,송파구,11100,방이동,1,대지,42,0,잠실역 웰리지 더테라스,20251211,53000,29.961,29.961,20,,,2023,오피스텔,직거래,
2025,11470,양천구,10200,목동,1,대지,948,0,월드메르디앙2,20251211,111000,84.3,0,4,,,2003,아파트,중개거래,서울 양천구
2025,11440,마포구,12500,성산동,1,대지,274,18,위너스원,20251211,40000,19.08,12,2,,,2013,연립다세대,중개거래,서울 마포구
2025,11500,강서구,10300,화곡동,1,대지,919,1,유림노르웨이숲(919-1),20251211,62000,76.23,0,12,,,2004,아파트,중개거래,서울 강서구
2025,11305,강북구,10100,미아동,1,대지,325,25,정원드림빌,20251211,49500,40.72,28,3,,,2021,연립다세대,직거래,
2025,11740,강동구,10900,천호동,1,대지,287,9,유원아파트,20251211,81500,84.78,0,2,,,1997,아파트,중개거래,서울 강동구
2025,11290,성북구,13300,정릉동,1,대지,164,31,한강뉴스타,20251211,30400,42.43,53.59,3,,20260122,2022,오피스텔,직거래,
2025,11215,광진구,10500,자양동,1,대지,861,0,자양 호반써밋,20251211,24800,18.743,29.1323,7,,,2021,오피스텔,중개거래,서울 광진구
2025,11350,노원구,10500,상계동,1,대지,1255,0,은빛1단지,20251211,41000,49.77,0,10,,,1998,아파트,중개거래,서울 노원구
2025,11650,서초구,10100,방배동,1,대지,456,9,정다운빌,20251211,100000,67.36,37,2,,,2007,연립다세대,중개거래,서울 서초구
2025,11500,강서구,10900,방화동,1,대지,841,0,장미,20251211,43000,39.96,0,4,,,1994,아파트,중개거래,서울 강서구
2025,11290,성북구,13300,정릉동,1,대지,712,73,양지그린빌라,20251211,18000,55.51,22,4,,,1996,연립다세대,중개거래,서울 성북구
2025,11260,중랑구,10400,묵동,1,대지,396,0,이편한세상화랑대,20251211,125000,96.399,0,17,,,2017,아파트,중개거래,서울 중랑구
2025,11470,양천구,10200,목동,1,대지,513,22,서영빌딩,20251211,45000,72.15,25,5,,20251216,1995,연립다세대,중개거래,서울 강남구
2025,11380,은평구,10400,갈현동,1,대지,477,13,예진아트빌,20251211,35500,66.04,29,3,,,2002,연립다세대,중개거래,서울 은평구
2025,11740,강동구,10700,암사동,1,대지,478,45,암사빌라1차,20251211,18800,40.05,17,4,,,1995,연립다세대,중개거래,서울 강동구
2025,11140,중구,17100,중림동,1,대지,400,2,(400-2),20251211,114000,82.66,43,-1,,,1988,연립다세대,중개거래,서울 중구
2025,11560,영등포구,11000,여의도동,1,대지,17,0,여의도 the？ 아일랜드 파크,20251211,210000,102.4,131.19,6,,,2006,오피스텔,중개거래,서울 영등포구
2025,11380,은평구,10700,응암동,1,대지,694,1,우성,20251211,29000,64.62,0,5,,,1988,아파트,직거래,
2025,11500,강서구,10900,방화동,1,대지,829,5,에어뷰21-1오피스텔,20251211,8600,26.86,26.86,9,,,1999,오피스텔,중개거래,서울 강서구
2025,11680,강남구,10800,논현동,1,대지,195,1,e-편한세상,20251211,167000,112.204,0,3,,20251215,2005,아파트,중개거래,서울 강남구
2025,11590,동작구,10200,상도동,1,대지,211,402,와이엠시티,20251211,47000,36.03,28,2,,,2022,연립다세대,중개거래,서울 마포구
2025,11650,서초구,10800,서초동,,,,,,20251211,730000,646.93,192,,,,2004,단독다가구,중개거래,서울 서초구
2025,11710,송파구,11400,마천동,,,,,,20251211,150000,299.23,150,,,,1997,단독다가구,중개거래,서울 송파구
2025,11440,마포구,12500,성산동,,,,,,20251211,227240,206.76,198,,,,1983,단독다가구,중개거래,서울 마포구
2025,11560,영등포구,13200,신길동,,,,,,20251211,105000,204.03,152,,,,1992,단독다가구,중개거래,서울 영등포구
2025,11230,동대문구,10700,청량리동,,,,,,20251211,117500,117.68,86,,,,1964,단독다가구,중개거래,서울 동대문구
2025,11470,양천구,10100,신정동,,,,,,20251211,59500,117.3,86,,,,1991,단독다가구,중개거래,서울 양천구
2025,11545,금천구,10300,시흥동,,,,,,20251211,30500,116.86,72,,,,1993,단독다가구,중개거래,서울 금천구
2025,11230,동대문구,10500,답십리동,1,대지,1009,0,힐스테이트청계,20251211,149500,84.9,0,4,,,2018,아파트,중개거래,"서울 동대문구, 서울 서대문구"
2025,11140,중구,15600,입정동,1,대지,280,0,힐스테이트세운센트럴2단지,20251211,124000,49.997,0,26,,,2023,아파트,중개거래,서울 중구
2025,11500,강서구,10300,화곡동,1,대지,1091,0,화곡푸르지오,20251211,107500,104.75,0,3,,,2002,아파트,중개거래,서울 강서구
2025,11410,서대문구,11100,홍제동,1,대지,82,0,홍제한양,20251211,93500,84.77,0,9,,,1993,아파트,중개거래,"서울 서대문구, 인천 서구"
2025,11410,서대문구,11100,홍제동,1,대지,82,0,홍제한양,20251211,70000,60.06,0,15,,,1993,아파트,중개거래,서울 서대문구
2025,11410,서대문구,11100,홍제동,1,대지,473,0,홍제센트럴IPARK,20251211,120000,59.983,0,9,,,2020,아파트,중개거래,서울 서대문구
2025,11470,양천구,10200,목동,1,대지,613,4,현진파크빌,20251211,17500,22.14,30.71,6,,,2015,오피스텔,중개거래,서울 양천구
2025,11710,송파구,10300,풍납동,1,대지,260,0,현대리버빌1지구,20251211,75000,43.2,0,14,,,1999,아파트,중개거래,서울 송파구
2025,11380,은평구,10200,녹번동,1,대지,76,22,현대그린빌라(76-22),20251211,12000,53.42,20,-1,,,1994,연립다세대,중개거래,서울 은평구
2025,11710,송파구,11300,거여동,1,대지,362,0,현대1차,20251211,129000,84.91,0,5,,,1992,아파트,중개거래,서울 송파구
2025,11500,강서구,10100,염창동,1,대지,288,0,현대1,20251211,98000,84.34,0,5,,,1994,아파트,중개거래,서울 강서구
2025,11710,송파구,11200,오금동,1,대지,43,0,현대(2-4차),20251211,250000,84.98,0,7,,,1984,아파트,중개거래,서울 송파구
2025,11350,노원구,10200,월계동,1,대지,929,0,현대,20251211,72500,59.95,0,8,,,2000,아파트,중개거래,서울 노원구
2025,11650,서초구,10300,우면동,1,대지,62,0,현대,20251211,140500,128.44,123,3,,,1995,연립다세대,중개거래,서울 서초구
2025,11710,송파구,10700,가락동,1,대지,913,0,헬리오시티,20251211,369000,130.06,0,24,,,2018,아파트,중개거래,서울 송파구
2025,11710,송파구,10700,가락동,1,대지,913,0,헬리오시티,20251211,285000,84.98,0,3,,,2018,아파트,중개거래,서울 송파구
2025,11650,서초구,10800,서초동,1,대지,1445,1,해링턴 타워 서초,20251211,27000,18.645,26.1371,13,,,2023,오피스텔,중개거래,서울 서초구
2025,11530,구로구,10600,고척동,1,대지,52,332,한효,20251211,60000,69.87,0,4,,,1985,아파트,중개거래,서울 구로구
2025,11530,구로구,10600,고척동,1,대지,337,0,한일유앤아이,20251211,66500,84.726,0,11,,,2005,아파트,직거래,
2025,11530,구로구,10700,개봉동,1,대지,476,0,한마을,20251211,87000,84.57,0,11,,20260113,1999,아파트,중개거래,서울 구로구
2025,11350,노원구,10500,상계동,1,대지,757,0,한양,20251211,75000,87.49,0,6,,,1988,아파트,중개거래,서울 노원구
2025,11230,동대문구,10500,답십리동,1,대지,1001,0,한신휴플러스그린파크,20251211,130000,114.98,0,5,,,2010,아파트,중개거래,서울 동대문구
2025,11350,노원구,10400,하계동,1,대지,284,0,한신1,20251211,50500,44.52,0,7,,,1988,아파트,중개거래,서울 노원구
2025,11500,강서구,10900,방화동,1,대지,286,1,한미(286-1),20251211,42000,47.22,0,5,,,1988,아파트,중개거래,서울 강서구
2025,11590,동작구,10100,노량진동,1,대지,218,3,한강파크빌가동(218-3),20251211,70000,71.89,34,-1,,,2001,연립다세대,중개거래,서울 동작구
2025,11350,노원구,10400,하계동,1,대지,288,0,하계2현대,20251211,89500,84.896,0,4,,,1997,아파트,중개거래,서울 노원구
2025,11710,송파구,10200,신천동,1,대지,17,0,파크리오,20251211,258000,59.95,0,6,,,2008,아파트,중개거래,"서울 강동구, 서울 송파구"
2025,11215,광진구,10500,자양동,1,대지,619,10,파랑새빌라(619-10),20251211,69000,50.5,30,3,,,2016,연립다세대,중개거래,서울 광진구
2025,11500,강서구,10200,등촌동,1,대지,676,0,태진아름,20251211,88500,121.22,0,3,,,1995,아파트,중개거래,서울 양천구
2025,11500,강서구,10300,화곡동,1,대지,1140,0,태영방송인,20251211,47250,59.94,0,6,,,2000,아파트,중개거래,"서울 강남구, 서울 강서구"
2025,11500,강서구,10400,가양동,1,대지,1485,0,가양6단지,20251211,76000,39.6,0,5,,,1992,아파트,중개거래,서울 강서구
2025,11590,동작구,10700,사당동,1,대지,316,121,가든힐,20251211,36000,44.2,29,5,,,2016,연립다세대,중개거래,서울 서초구
2025,11410,서대문구,11800,홍은동,1,대지,469,0,e편한세상홍제가든플라츠,20251211,105000,59.991,0,24,,,2023,아파트,중개거래,서울 서대문구
2025,11410,서대문구,11000,북아현동,1,대지,1013,0,e편한세상신촌3단지,20251211,200000,59.85,0,13,,,2018,아파트,중개거래,서울 서대문구
2025,11410,서대문구,11000,북아현동,1,대지,1013,0,e편한세상신촌2단지,20251211,205000,84.98,0,12,,,2018,아파트,중개거래,"서울 서대문구, 서울 서초구"
2025,11590,동작구,10200,상도동,1,대지,903,0,e편한세상상도노빌리티,20251211,208000,84.874,0,21,,,2018,아파트,중개거래,서울 동작구
2025,11680,강남구,10800,논현동,1,대지,195,1,e-편한세상,20251211,167000,112.204,0,3,,,2005,아파트,중개거래,서울 강남구
2025,11440,마포구,10400,도화동,1,대지,231,11,YH빌리지2,20251211,82000,20.24,25,2,,,2025,연립다세대,중개거래,서울 용산구
2025,11260,중랑구,10300,중화동,1,대지,324,54,TheH중화3차,20251211,25000,27.77,20,4,,,2020,연립다세대,중개거래,서울 중랑구
2025,11680,강남구,10500,삼성동,1,대지,24,15,H빌,20251211,47200,30.19,13,4,,,2014,연립다세대,중개거래,"서울 강남구, 서울 성동구"
2025,11410,서대문구,11900,북가좌동,1,대지,431,0,DMC한양,20251211,75000,65.34,0,11,,,1987,아파트,중개거래,서울 동대문구
2025,11380,은평구,10100,수색동,1,대지,431,0,DMC파인시티자이,20251211,92260,84.94,0,18,,,2023,아파트,직거래,
2025,11170,용산구,12200,문배동,1,대지,24,6,CJ나인파크,20251211,185000,123.47,0,14,,,2007,아파트,중개거래,서울 용산구
2025,11560,영등포구,12800,양평동4가,1,대지,204,0,204파크애비뉴,20251211,25500,26.38,13,7,,,2015,연립다세대,중개거래,서울 영등포구
2025,11230,동대문구,10100,신설동,1,대지,100,22,(100-22),20251211,12500,31.82,48.88,7,,,1992,오피스텔,중개거래,서울 동대문구
2025,11590,동작구,10700,사당동,1,대지,1020,11,(1020-11),20251211,34000,34.73,14,2,,,2003,연립다세대,중개거래,서울 동작구
2025,11740,강동구,10200,고덕동,1,대지,533,3,(533-3),20251211,38000,40.44,28,-1,,,1986,연립다세대,중개거래,서울 강동구
2025,11230,동대문구,10400,전농동,1,대지,103,141,(103-141),20251211,59900,32.61,23,1,,,1986,연립다세대,중개거래,"서울 도봉구, 서울 동대문구"
2025,11170,용산구,10200,용산동2가,1,대지,38,3,(38-3),20251211,75000,28.52,21,1,,,2012,연립다세대,중개거래,서울 용산구
2025,11710,송파구,10400,송파동,1,대지,41,15,(41-15),20251211,37100,28.44,15,3,,,2018,연립다세대,중개거래,서울 송파구
2025,11470,양천구,10100,신정동,1,대지,1218,9,우진파크빌다동,20251211,97700,51.42,24,3,,20260402,2002,연립다세대,중개거래,서울 양천구
2025,11260,중랑구,10200,상봉동,1,대지,484,0,"엘지,쌍용아파트",20251211,62000,68.12,0,15,,,1996,아파트,중개거래,서울 중랑구
2025,11500,강서구,10300,화곡동,1,대지,920,15,남광아파트,20251211,25800,35.33,0,10,,,2017,아파트,중개거래,서울 강서구
2025,11740,강동구,10900,천호동,1,대지,416,12,엘림스퀘어II,20251211,15750,17.58,0,11,,,2019,아파트,중개거래,서울 강동구
2025,11290,성북구,10300,돈암동,1,대지,15,1,돈암동삼성,20251211,86000,84.59,0,13,,,1999,아파트,중개거래,서울 성북구
2025,11620,관악구,10100,봉천동,1,대지,622,106,대원아라테,20251211,25500,29.94,24,3,,,2013,연립다세대,중개거래,서울 관악구
2025,11470,양천구,10300,신월동,1,대지,504,6,대한빌라6차(나),20251211,15000,43.76,21,2,,,1991,연립다세대,중개거래,"경기 김포시, 서울 양천구"
2025,11620,관악구,10100,봉천동,1,대지,41,141,경화아트빌라나,20251211,27000,35.28,19,3,,,1995,연립다세대,중개거래,서울 관악구
2025,11710,송파구,11100,방이동,1,대지,89,0,올림픽선수기자촌2단지,20251211,165500,62.19,0,1,,,1988,아파트,직거래,
2025,11380,은평구,10300,불광동,1,대지,330,10,다성홈타운C동,20251211,17000,36.62,21,2,,,2012,연립다세대,중개거래,서울 은평구
2025,11380,은평구,10400,갈현동,1,대지,429,30,거성리젠시(429-30),20251211,31500,39.62,26,4,,,2014,연립다세대,중개거래,서울 은평구
2025,11440,마포구,11500,상수동,1,대지,353,25,그레이25,20251211,24000,20.53,16,3,,,2014,연립다세대,중개거래,서울 마포구
2025,11530,구로구,11000,온수동,1,대지,12,2,다온캐슬,20251211,25000,34.86,20,4,,,2019,연립다세대,중개거래,서울 구로구
2025,11710,송파구,11300,거여동,1,대지,293,0,거여4단지,20251211,95000,49.8,0,9,,,1997,아파트,중개거래,서울 송파구
2025,11740,강동구,10300,상일동,1,대지,519,0,고덕아르테온,20251211,265500,114.86,0,4,,,2020,아파트,중개거래,서울 강동구
2025,11215,광진구,10500,자양동,1,대지,57,156,대농연립나동,20251211,229000,88.4,67,2,,,1984,연립다세대,중개거래,"서울 광진구, 서울 용산구"
2025,11545,금천구,10200,독산동,1,대지,1155,0,금천롯데캐슬골드파크3차,20251211,94000,59.968,0,21,,,2018,아파트,중개거래,서울 금천구
2025,11350,노원구,10300,공릉동,1,대지,743,0,공릉동한보에센시티아파트,20251211,59600,84.93,0,1,,,2000,아파트,중개거래,서울 노원구
2025,11320,도봉구,10700,창동,1,대지,823,0,금호어울림,20251211,87000,122.63,0,10,,,2004,아파트,중개거래,서울 도봉구
2025,11650,서초구,10800,서초동,1,대지,1328,7,대우도씨에빛,20251211,32400,41.25,55.51,12,,,2003,오피스텔,중개거래,"서울 강남구, 서울 서초구"
2025,11500,강서구,10200,등촌동,1,대지,694,0,대림,20251211,119500,89.975,0,15,,,1995,아파트,중개거래,서울 강서구
2025,11350,노원구,10600,중계동,1,대지,445,0,염광,20251211,56000,59.34,0,24,,,1996,아파트,중개거래,서울 노원구
2025,11140,중구,16200,신당동,1,대지,844,0,남산타운,20251211,199000,114.88,0,17,,,2002,아파트,중개거래,서울 중구
2025,11260,중랑구,10600,신내동,1,대지,803,0,대성유니트,20251211,59500,59.96,0,10,,,2005,아파트,중개거래,서울 중랑구
2025,11740,강동구,10700,암사동,1,대지,440,4,대송,20251211,62000,70.6,0,4,,,2003,아파트,중개거래,서울 강동구
2025,11350,노원구,10500,상계동,1,대지,389,757,"건영빌라가,나",20251211,22000,39.58,22,4,,20251216,1994,연립다세대,중개거래,서울 노원구
2025,11290,성북구,13400,길음동,1,대지,1281,0,길음뉴타운4단지(e편한세상),20251211,119000,84.64,0,5,,,2005,아파트,중개거래,서울 성북구
2025,11215,광진구,10300,구의동,1,대지,61,31,동남빌라,20251211,40500,68.25,30,1,,,2002,연립다세대,중개거래,서울 광진구
2025,11650,서초구,10100,방배동,1,대지,862,16,더토브서초,20251211,82000,26.52,15,3,,,2023,연립다세대,중개거래,서울 서초구
2025,11500,강서구,10300,화곡동,1,대지,381,1,남성아트빌(381-1),20251211,33000,42.22,24,7,,,2015,연립다세대,중개거래,서울 강서구
2025,11290,성북구,13400,길음동,1,대지,1283,0,길음뉴타운6단지(래미안),20251211,126000,84.049,0,2,,,2007,아파트,중개거래,서울 성북구
2025,11380,은평구,10200,녹번동,1,대지,280,1,녹번JR아파트,20251211,63750,59.866,0,7,,,2002,아파트,중개거래,서울 은평구
2025,11620,관악구,10100,봉천동,1,대지,918,2,뉴관악빌라,20251211,43500,79.29,39,1,,,1994,연립다세대,중개거래,서울 관악구
2025,11290,성북구,13400,길음동,1,대지,1286,0,길음뉴타운9단지(래미안),20251211,134000,114.86,0,3,,,2010,아파트,중개거래,서울 성북구
2025,11470,양천구,10200,목동,1,대지,717,23,다나베스트빌,20251211,21000,55.73,35,4,,,2007,연립다세대,직거래,
2025,11500,강서구,10800,공항동,1,대지,1398,0,더트루엘마곡HQ,20251211,64700,48.329,0,11,,,2024,아파트,직거래,
2025,11680,강남구,10100,역삼동,1,대지,824,25,대우디오빌플러스,20251211,27500,38.96,48.49,10,,,2004,오피스텔,중개거래,서울 강남구
2025,11710,송파구,10800,문정동,1,대지,72,3,건영1,20251211,164000,84.39,0,6,,,1996,아파트,중개거래,서울 송파구
2025,11290,성북구,13300,정릉동,1,대지,1015,0,길음뉴타운경남아너스빌,20251211,59500,50.45,0,9,,,1999,아파트,중개거래,서울 성북구
2025,11290,성북구,13300,정릉동,1,대지,1015,0,길음뉴타운경남아너스빌,20251211,73000,84.88,0,21,,,1999,아파트,중개거래,서울 성북구
2025,11500,강서구,10800,공항동,1,대지,1398,0,더트루엘마곡HQ,20251211,49200,36.675,0,6,,,2024,아파트,직거래,
2025,11260,중랑구,10400,묵동,1,대지,180,1,다복쉐르빌,20251211,34800,72.06,32,2,,,2002,연립다세대,중개거래,서울 중랑구
2025,11215,광진구,10300,구의동,1,대지,218,12,다성리버텔,20251211,19000,29.97,38.69,2,,,2002,오피스텔,중개거래,서울 광진구
2025,11740,강동구,11000,강일동,1,대지,66,0,강동리버스트8단지,20251211,103000,59.97,0,20,,,2021,아파트,중개거래,서울 강동구
2025,11410,서대문구,11800,홍은동,1,대지,274,67,대신빌라,20251211,23500,47.82,24,2,,,1992,연립다세대,중개거래,서울 서대문구
2025,11740,강동구,11000,강일동,1,대지,684,0,강일리버파크6단지,20251211,120000,84.74,0,13,,,2009,아파트,중개거래,서울 강동구
2025,11530,구로구,10600,고척동,1,대지,296,0,대우,20251211,65000,84.99,0,3,,,1999,아파트,중개거래,서울 구로구
2025,11140,중구,16500,황학동,1,대지,2545,0,롯데캐슬,20251211,126000,114.9,0,7,,20260113,2008,아파트,중개거래,"서울 종로구, 서울 중구"
2025,11305,강북구,10100,미아동,1,대지,1356,0,경남아너스빌(1356-0),20251211,86000,114.922,0,18,,,2003,아파트,중개거래,서울 강북구
2025,11290,성북구,13400,길음동,1,대지,1278,0,길음동동부센트레빌(1278-0),20251211,109500,114.912,0,16,,,2003,아파트,중개거래,"서울 강북구, 서울 성북구"
2025,11290,성북구,13800,장위동,1,대지,323,0,꿈의숲아이파크,20251211,111500,59.49,0,10,,,2022,아파트,중개거래,서울 성북구
2025,11620,관악구,10200,신림동,1,대지,1735,0,관악산휴먼시아2단지,20251211,59300,59.99,0,9,,,2008,아파트,중개거래,서울 관악구
2025,11380,은평구,10700,응암동,1,대지,759,0,백련산힐스테이트1차,20251211,75000,59.93,0,8,,,2011,아파트,중개거래,서울 은평구
2025,11380,은평구,10700,응암동,1,대지,764,0,백련산힐스테이트4차,20251211,97000,84.98,0,6,,,2018,아파트,중개거래,서울 은평구
2025,11710,송파구,10800,문정동,1,대지,145,0,문정시영,20251211,87800,39.69,0,3,,,1989,아파트,중개거래,서울 송파구
2025,11560,영등포구,12100,문래동3가,1,대지,77,2,문래공원한신,20251211,107500,58.96,0,13,,,1988,아파트,중개거래,서울 영등포구
2025,11200,성동구,10200,하왕십리동,1,대지,992,0,무학현대,20251211,108000,84.675,0,3,,,1996,아파트,중개거래,"경기 평택시, 서울 성북구, 서울 중구"
2025,11470,양천구,10100,신정동,1,대지,314,0,목동신시가지8,20251211,187000,54.94,0,18,,,1987,아파트,중개거래,서울 양천구
2025,11470,양천구,10100,신정동,1,대지,327,0,목동신시가지13,20251211,245000,98.63,0,14,,,1987,아파트,중개거래,서울 양천구
2025,11530,구로구,10600,고척동,1,대지,334,0,벽산,20251211,86000,84.878,0,1,,,2003,아파트,중개거래,서울 구로구
2025,11470,양천구,10100,신정동,1,대지,325,0,목동신시가지11,20251211,158500,51.48,0,15,,,1988,아파트,중개거래,서울 양천구
2025,11530,구로구,10600,고척동,1,대지,342,0,벽산베스트블루밍,20251211,86000,84.887,0,9,,,2010,아파트,중개거래,서울 구로구
2025,11620,관악구,10100,봉천동,1,대지,1718,0,벽산블루밍,20251211,107250,114.99,0,9,,,2005,아파트,중개거래,서울 관악구
2025,11305,강북구,10300,수유동,1,대지,410,92,모던하우스,20251211,22900,44.95,30,3,,,2013,연립다세대,중개거래,서울 강북구
2025,11230,동대문구,10700,청량리동,,,,,,20251211,117500,117.68,86,,,20251230,1980,단독다가구,중개거래,서울 동대문구
2025,11620,관악구,10100,봉천동,1,대지,1586,14,멜라,20251211,30000,31.77,26,3,,,2021,연립다세대,중개거래,서울 강남구
2025,11440,마포구,10100,아현동,1,대지,275,2,마포푸르지오더센트럴,20251211,58000,31.59,0,3,,,2023,아파트,중개거래,서울 마포구
2025,11440,마포구,10100,아현동,1,대지,738,0,마포트라팰리스2차,20251211,147900,99.56,0,12,,,2008,아파트,중개거래,서울 마포구
2025,11440,마포구,11400,창전동,1,대지,449,0,마포웨스트리버태영데시앙,20251211,188200,84.793,0,12,,,2019,아파트,중개거래,서울 마포구
2025,11500,강서구,10600,내발산동,1,대지,756,0,마곡수명산파크7단지,20251211,95750,84.68,0,11,,,2008,아파트,중개거래,서울 강서구
2025,11500,강서구,10500,마곡동,1,대지,776,2,마곡센트럴대방디엠시티오피스텔,20251211,22000,29.479,42.3423,10,,,2017,오피스텔,중개거래,서울 강서구
2025,11260,중랑구,10100,면목동,1,대지,194,1,리움,20251211,42000,41.04,23,6,,,2021,연립다세대,직거래,
2025,11110,종로구,12600,종로1가,1,대지,24,0,르메이에르종로타운1,20251211,26500,34.59,46.13,17,,,2007,오피스텔,중개거래,서울 종로구
2025,11740,강동구,10700,암사동,1,대지,414,2,롯데캐슬퍼스트,20251211,195000,103.01,0,11,,,2008,아파트,중개거래,서울 강동구
2025,11290,성북구,13400,길음동,1,대지,1287,1,롯데캐슬골든힐스,20251211,99500,84.932,0,16,,,2019,아파트,중개거래,서울 성북구
2025,11350,노원구,10600,중계동,1,대지,361,1,롯데우성,20251211,111000,115.26,0,1,,,1993,아파트,중개거래,서울 노원구
2025,11350,노원구,10600,중계동,1,대지,505,0,롯데(505),20251211,54800,54.48,0,5,,,1989,아파트,중개거래,서울 노원구
2025,11710,송파구,10100,잠실동,1,대지,232,10,런던빌(232-10),20251211,40000,29.94,18,5,,,2018,연립다세대,중개거래,서울 송파구
2025,11230,동대문구,10500,답십리동,1,대지,1003,0,래미안위브,20251211,172000,121.64,0,18,,,2014,아파트,중개거래,서울 동대문구
2025,11560,영등포구,13200,신길동,1,대지,4950,0,래미안에스티움,20251211,165000,59.95,0,16,,,2017,아파트,중개거래,"경기 성남시 중원구, 서울 영등포구"
2025,11530,구로구,10800,오류동,1,대지,33,33,예성 라온팰리스,20251211,49000,102.24,135.53,15,,20251231,2007,오피스텔,중개거래,서울 양천구
2025,11320,도봉구,10800,도봉동,1,대지,655,0,래미안도봉,20251211,61000,59.25,0,8,,,2005,아파트,중개거래,서울 도봉구
2025,11680,강남구,11400,일원동,1,대지,741,0,래미안 개포 루체하임,20251211,308000,59.99,0,4,,,2018,아파트,중개거래,서울 강남구
2025,11260,중랑구,10600,신내동,1,대지,487,0,라이프미성,20251211,40900,59.6,0,9,,,1992,아파트,중개거래,서울 중랑구
2025,11260,중랑구,10100,면목동,1,대지,1544,0,라온프라이빗,20251211,105000,68.166,0,26,,,2020,아파트,중개거래,서울 중랑구
2025,11590,동작구,10200,상도동,1,대지,159,260,라온포레,20251211,66000,48.95,28,3,,,2023,연립다세대,중개거래,서울 동작구
2025,11530,구로구,10700,개봉동,1,대지,472,0,두산,20251211,50000,59.69,0,2,,,1997,아파트,중개거래,서울 구로구
2025,11410,서대문구,11800,홍은동,1,대지,456,0,두산,20251211,60000,59.96,0,13,,,1997,아파트,중개거래,서울 서대문구
2025,11290,성북구,13900,석관동,1,대지,10,0,두산,20251211,79000,84.9,0,13,,,1998,아파트,중개거래,서울 노원구
2025,11440,마포구,12500,성산동,1,대지,37,2,동원가든빌,20251211,39000,54.85,33,5,,,2011,연립다세대,중개거래,서울 마포구
2025,11440,마포구,12000,서교동,1,대지,394,25,동양한강트레벨,20251211,23500,29.09,39.58,9,,,2004,오피스텔,중개거래,서울 마포구
2025,11530,구로구,10900,궁동,1,대지,213,21,우신빌라,20251211,42800,39.86,51,2,,,1988,연립다세대,중개거래,서울 구로구
2025,11440,마포구,12000,서교동,1,대지,394,25,동양한강트레벨,20251211,21750,29.09,39.58,6,,,2004,오피스텔,중개거래,서울 마포구
2025,11740,강동구,10800,성내동,1,대지,419,13,동아1,20251211,74000,59.72,0,9,,,1997,아파트,중개거래,서울 강동구
2025,11200,성동구,11400,성수동1가,1,대지,656,320,동아,20251211,299000,96.18,0,8,,,1983,아파트,중개거래,서울 성동구
2025,11260,중랑구,10600,신내동,1,대지,797,0,동성7,20251211,71500,114.98,0,2,,,1999,아파트,중개거래,서울 중랑구
2025,11560,영등포구,10500,영등포동4가,1,대지,443,0,영등포 센트럴 푸르지오 시티,20251211,22300,29.46,41.43,10,,,2013,오피스텔,중개거래,서울 영등포구
2025,11260,중랑구,10600,신내동,1,대지,618,0,동성3,20251211,53500,59.4,0,25,,,1997,아파트,중개거래,서울 중랑구
2025,11620,관악구,10200,신림동,1,대지,1695,0,동부,20251211,50000,60.38,0,14,,,1993,아파트,직거래,
2025,11500,강서구,10900,방화동,1,대지,814,0,방화5,20251211,51000,39.6,0,9,,,1994,아파트,중개거래,서울 강서구
2025,11500,강서구,10900,방화동,1,대지,814,0,방화5,20251211,45000,39.6,0,1,,,1994,아파트,중개거래,서울 강서구
2025,11500,강서구,10900,방화동,1,대지,839,0,방화그린,20251211,36000,33.6,0,3,,,1993,아파트,중개거래,서울 강서구
2025,11350,노원구,10500,상계동,1,대지,136,40,이화빌라,20251210,19470,30,13,1,,,1992,연립다세대,중개거래,서울 노원구
2025,11680,강남구,10300,개포동,1,대지,1179,1,용성빌라,20251210,35000,38.44,17,-1,,,1992,연립다세대,중개거래,서울 강남구
2025,11350,노원구,10300,공릉동,1,대지,108,0,우방아파트,20251210,60000,61.151,0,8,,,2000,아파트,중개거래,서울 노원구
2025,11590,동작구,10100,노량진동,1,대지,325,0,신동아리버파크,20251210,155000,114.75,0,6,,,2001,아파트,중개거래,서울 동작구
2025,11710,송파구,10100,잠실동,1,대지,175,12,올림픽타워,20251210,28000,34.87,51.94,3,,,2004,오피스텔,중개거래,서울 송파구
2025,11470,양천구,10100,신정동,1,대지,1007,11,이스타팰리스,20251210,127500,114.41,0,5,,,2004,아파트,중개거래,"서울 송파구, 서울 양천구"
2025,11380,은평구,11400,진관동,1,대지,100,1,은평헤스티아 2차,20251210,12000,26.23,40.35,12,,,null,오피스텔,직거래,
2025,11380,은평구,11400,진관동,1,대지,9,0,은평지웰테라스,20251210,77000,84.311,97,2,,,2017,연립다세대,중개거래,서울 은평구
2025,11560,영등포구,12600,양평동2가,1,대지,23,0,양평벽산블루밍,20251210,64700,51.24,0,1,,,1990,아파트,중개거래,서울 영등포구
2025,11380,은평구,11400,진관동,1,대지,100,2,은평뉴타운 신한 헤센스마트,20251210,11900,20.04,32.2,12,,,2017,오피스텔,중개거래,서울 은평구
2025,11620,관악구,10300,남현동,1,대지,1072,47,예촌BC,20251210,63000,106.32,0,1,,,2004,아파트,중개거래,서울 관악구
2025,11215,광진구,10500,자양동,1,대지,660,19,(660-19),20251210,8500,14.26,12,2,,,2012,연립다세대,중개거래,서울 광진구
2025,11380,은평구,10900,신사동,1,대지,15,6,유니캐슬,20251210,22900,29.02,18,4,,,2016,연립다세대,중개거래,서울 은평구
2025,11110,종로구,13400,경운동,1,대지,89,4,운현궁 에스케이 허브,20251210,25000,23.66,32.63,14,,,2005,오피스텔,중개거래,서울 종로구
2025,11530,구로구,10900,궁동,1,대지,213,21,우신빌라,20251210,54000,57.19,71,2,,,1988,연립다세대,중개거래,"경기 부천시 소사구, 서울 구로구"
2025,11440,마포구,12400,연남동,1,대지,562,57,위드타운C동,20251210,43000,61.31,29,4,,,2002,연립다세대,중개거래,서울 마포구
2025,11410,서대문구,12000,남가좌동,1,대지,396,0,DMC금호리첸시아,20251210,130000,84.99,0,11,,,2024,아파트,중개거래,서울 서대문구
2025,11740,강동구,10700,암사동,1,대지,484,7,(484-7),20251210,45500,51.64,29,4,,,2016,연립다세대,중개거래,서울 강동구
2025,11680,강남구,10100,역삼동,1,대지,832,16,BIEL 106,20251210,50000,29.774,43.083,6,,,2018,오피스텔,중개거래,서울 강남구
2025,11590,동작구,10100,노량진동,1,대지,323,0,우성,20251210,130500,59.82,0,12,,,1997,아파트,중개거래,서울 동작구
2025,11740,강동구,10500,길동,1,대지,327,31,327에비뉴,20251210,35000,20.08,14,4,,,2019,연립다세대,중개거래,서울 강동구
2025,11350,노원구,10200,월계동,1,대지,939,0,월계흥화브라운빌,20251210,63500,84.91,0,6,,,2004,아파트,중개거래,서울 도봉구
2025,11530,구로구,10200,구로동,1,대지,1262,0,월드,20251210,66000,84.94,0,16,,,1998,아파트,중개거래,서울 구로구
2025,11740,강동구,10700,암사동,1,대지,422,26,암사e편한세상,20251210,99500,84.98,0,10,,,2005,아파트,중개거래,서울 강동구
2025,11380,은평구,10300,불광동,1,대지,445,28,예지움(445-28),20251210,28000,36.87,20,4,,,2017,연립다세대,중개거래,서울 은평구
2025,11530,구로구,10700,개봉동,1,대지,347,12,영진빌라(나)(347-12),20251210,19000,59.44,37,1,,,1996,연립다세대,중개거래,서울 구로구
2025,11470,양천구,10100,신정동,1,대지,1277,0,신트리4,20251210,68500,59.73,0,2,,,2000,아파트,중개거래,서울 양천구
2025,11500,강서구,10500,마곡동,1,대지,784,13,아르디에,20251210,11800,18.59,24.56,3,,,2015,오피스텔,중개거래,서울 강서구
2025,11740,강동구,10900,천호동,1,대지,324,4,신주리버빌(324-4),20251210,47000,49.21,28,5,,,2012,연립다세대,중개거래,서울 강동구
2025,11620,관악구,10200,신림동,1,대지,1730,0,신림푸르지오,20251210,109000,138.74,0,14,,,2005,아파트,중개거래,서울 관악구
2025,11560,영등포구,13300,대림동,1,대지,990,25,(990-25),20251210,33000,41.58,29,2,,,2015,연립다세대,중개거래,서울 영등포구
2025,11710,송파구,10300,풍납동,1,대지,220,2,신동아파밀리에,20251210,98000,84.63,0,10,,,1993,아파트,중개거래,서울 송파구
2025,11680,강남구,10600,대치동,1,대지,914,6,(914-6),20251210,54800,36.75,18,4,,,2002,연립다세대,중개거래,서울 강남구
2025,11170,용산구,12500,한강로2가,1,대지,419,0,아스테리움 용산,20251210,97000,49.66,76.16,28,,,2012,오피스텔,중개거래,서울 용산구
2025,11680,강남구,10300,개포동,1,대지,1245,5,G-heim,20251210,59000,25.89,16,4,,,2017,연립다세대,중개거래,서울 강남구
2025,11380,은평구,10900,신사동,1,대지,337,15,(337-15),20251210,16500,34.38,21,2,,,1986,연립다세대,중개거래,서울 은평구
2025,11320,도봉구,10600,방학동,1,대지,738,0,신동아아파트5,20251210,37000,59.4,0,10,,,1998,아파트,중개거래,서울 도봉구
2025,11290,성북구,11100,삼선동1가,1,대지,239,0,(239-0),20251210,31000,55.3,31,2,,,1996,연립다세대,중개거래,서울 성북구
2025,11680,강남구,10600,대치동,1,대지,914,6,(914-6),20251210,35700,23.4,11,2,,,2002,연립다세대,중개거래,서울 강남구
2025,11410,서대문구,12000,남가좌동,1,대지,385,0,DMC파크뷰자이1단지,20251210,156500,84.971,0,10,,,2015,아파트,중개거래,서울 서대문구
2025,11680,강남구,10600,대치동,1,대지,914,6,(914-6),20251210,35700,23.4,11,3,,,2002,연립다세대,중개거래,서울 강남구
2025,11545,금천구,10300,시흥동,1,대지,1015,0,시흥베르빌,20251210,73500,81.16,0,10,,,2004,아파트,중개거래,"서울 금천구, 서울 양천구"
2025,11440,마포구,10900,염리동,1,대지,520,0,염리삼성래미안,20251210,202000,114.48,0,9,,,2001,아파트,중개거래,서울 마포구
2025,11680,강남구,10700,신사동,1,대지,649,5,알파임하우스1,20251210,700000,212.7,0,10,,,2002,아파트,중개거래,서울 용산구
2025,11680,강남구,10600,대치동,1,대지,914,6,(914-6),20251210,35200,23.1,11,3,,,2002,연립다세대,중개거래,서울 강남구
2025,11410,서대문구,12000,남가좌동,1,대지,385,0,DMC파크뷰자이1단지,20251210,175000,120.492,0,19,,,2015,아파트,중개거래,서울 서대문구
2025,11410,서대문구,11100,홍제동,1,대지,360,64,연희하이빌,20251210,34000,38.63,24,5,,,2017,연립다세대,중개거래,서울 서대문구
2025,11530,구로구,10100,신도림동,1,대지,271,25,신도림삼성쉐르빌 1,20251210,89700,92.06,119.58,17,,,2010,오피스텔,중개거래,서울 구로구
2025,11320,도봉구,10700,창동,1,대지,596,34,"신도부테크(108,109동)",20251210,25000,59.56,30,4,,,2011,연립다세대,중개거래,서울 도봉구
2025,11680,강남구,10100,역삼동,1,대지,684,7,역삼더빌,20251210,13775,14.13,10,2,,,2012,연립다세대,중개거래,"서울 강남구, 서울 마포구"
2025,11140,중구,15800,충무로3가,1,대지,49,0,엘크루 메트로시티,20251210,30800,37.77,54.48,17,,,2013,오피스텔,중개거래,서울 중구
2025,11590,동작구,10900,신대방동,1,대지,360,17,신동아,20251210,58800,48.18,0,9,,,1993,아파트,중개거래,서울 동작구
2025,11680,강남구,10600,대치동,1,대지,914,6,(914-6),20251210,35200,23.1,11,2,,,2002,연립다세대,중개거래,서울 강남구
2025,11710,송파구,11100,방이동,1,대지,89,0,올림픽선수기자촌2단지,20251210,287500,83.06,0,24,,,1988,아파트,중개거래,서울 송파구
2025,11680,강남구,10600,대치동,1,대지,908,4,(908-4),20251210,110000,44.3,22,8,,,2019,연립다세대,중개거래,서울 강남구
2025,11650,서초구,10700,반포동,1,대지,725,11,(725-11),20251210,101000,79.11,56,1,,,1986,연립다세대,중개거래,서울 서초구
2025,11650,서초구,10800,서초동,1,대지,1599,2,엘지서초에클라트,20251210,24700,31.405,41.695,21,,,2004,오피스텔,직거래,
2025,11230,동대문구,10500,답십리동,,,,,,20251210,808500,1225.5,345,,,,1990,단독다가구,중개거래,"서울 동대문구, 서울 성동구"
2025,11590,동작구,10200,상도동,1,대지,903,0,e편한세상상도노빌리티,20251210,185000,59.782,0,24,,,2018,아파트,중개거래,서울 동작구
2025,11710,송파구,10100,잠실동,1,대지,312,23,valuevill,20251210,60000,57.68,28,2,,,2002,연립다세대,중개거래,서울 송파구
2025,11545,금천구,10100,가산동,1,대지,143,6,가산 지웰 에스테이트 2차,20251210,15200,17.25,28.1115,4,,,2018,오피스텔,직거래,
2025,11740,강동구,10500,길동,1,대지,474,0,강동LG자이,20251210,150000,84.88,0,18,,,2003,아파트,중개거래,서울 강동구
2025,11740,강동구,10500,길동,1,대지,415,13,강동 큐브 2차,20251210,9800,19.76,27.93,2,,,2013,오피스텔,중개거래,서울 강동구
2025,11410,서대문구,11100,홍제동,1,대지,459,0,홍제원현대(459-0),20251210,83500,59.93,0,5,,,2000,아파트,중개거래,서울 서대문구
2025,11710,송파구,11300,거여동,1,대지,46,0,현대3차,20251210,108000,84.94,0,8,,,1993,아파트,중개거래,서울 송파구
2025,11710,송파구,11300,거여동,1,대지,46,0,현대3차,20251210,102500,84.94,0,6,,,1993,아파트,중개거래,서울 송파구
2025,11230,동대문구,10600,장안동,1,대지,327,8,현대캐슬,20251210,38000,43.53,28,3,,,2016,연립다세대,중개거래,서울 동대문구
2025,11500,강서구,10300,화곡동,1,대지,346,37,혜성팰리스,20251210,22200,22.29,13,5,,,2016,연립다세대,중개거래,서울 강서구
2025,11410,서대문구,11800,홍은동,1,대지,455,0,홍은동벽산,20251210,60700,58.64,0,15,,,1997,아파트,중개거래,서울 서대문구
2025,11590,동작구,10100,노량진동,,,,,,20251210,348000,245.89,202,,,,1990,단독다가구,중개거래,서울 동작구
2025,11230,동대문구,10500,답십리동,,,,,,20251210,1116500,1221.58,397,,,,1990,단독다가구,중개거래,"서울 동대문구, 서울 성동구"
2025,11410,서대문구,11800,홍은동,1,대지,186,1,홍은미성,20251210,49000,83.61,0,7,,,1985,아파트,중개거래,서울 서대문구
2025,11470,양천구,10100,신정동,1,대지,1213,6,태현아트빌가동,20251210,95000,53.46,25,4,,20260213,2003,연립다세대,중개거래,"서울 마포구, 서울 양천구"
2025,11440,마포구,10200,공덕동,1,대지,111,106,블레스하임 3차,20251210,40000,29.95,43.26,13,,20260331,2022,오피스텔,중개거래,서울 마포구
2025,11500,강서구,10500,마곡동,1,대지,760,1,힐스테이트에코 마곡나루역 라마다앙코르 서울마곡,20251210,16000,20.842,29.18,6,,,2017,오피스텔,중개거래,서울 강서구
2025,11350,노원구,10500,상계동,1,대지,1410,0,노원롯데캐슬시그니처,20251210,113000,84.999,0,15,,,2023,아파트,중개거래,서울 노원구
2025,11470,양천구,10300,신월동,1,대지,944,6,대성주택(7동),20251210,13000,36.27,27,-1,,,1986,연립다세대,중개거래,경북 영주시
2025,11440,마포구,12000,서교동,,,,,,20251210,1050000,235.16,398,,,,1999,단독다가구,중개거래,서울 마포구
2025,11500,강서구,10300,화곡동,1,대지,920,15,남광아파트,20251210,38000,50.88,0,11,,,2017,아파트,중개거래,서울 강서구
2025,11740,강동구,10900,천호동,,,,,,20251210,270000,658.66,317,,,,1996,단독다가구,중개거래,서울 강동구
2025,11140,중구,16200,신당동,1,대지,333,128,대명풀하우스,20251210,39000,42.24,21,2,,,2015,연립다세대,중개거래,서울 중구
2025,11260,중랑구,10100,면목동,,,,,,20251210,290000,576.46,341,,,,2003,단독다가구,중개거래,"서울 강서구, 서울 관악구, 서울 중랑구"
2025,11500,강서구,10100,염창동,1,대지,288,0,현대1,20251210,107500,84.34,0,12,,,1994,아파트,중개거래,서울 강서구
2025,11380,은평구,10200,녹번동,1,대지,282,0,힐스테이트녹번,20251210,127500,84.9,0,5,,,2019,아파트,중개거래,서울 은평구
2025,11290,성북구,13400,길음동,1,대지,1283,0,길음뉴타운6단지(래미안),20251210,124500,84.049,0,5,,,2007,아파트,중개거래,서울 성북구
2025,11740,강동구,10600,둔촌동,1,대지,135,1,현대3,20251210,85000,69.3,0,3,,,1988,아파트,중개거래,서울 강동구
2025,11740,강동구,10800,성내동,,,,,,20251210,190000,379.18,176,,,,1997,단독다가구,중개거래,"서울 강남구, 서울 강동구"
2025,11545,금천구,10200,독산동,1,대지,1155,0,금천롯데캐슬골드파크3차,20251210,94750,59.968,0,29,,,2018,아파트,중개거래,"서울 강서구, 서울 금천구"
2025,11215,광진구,10300,구의동,,,,,,20251210,207840,189.05,184,,,,1976,단독다가구,중개거래,서울 광진구
2025,11590,동작구,10900,신대방동,,,,,,20251210,182000,373.92,182,,,,1998,단독다가구,중개거래,서울 동작구
2025,11170,용산구,12400,한강로1가,1,대지,64,0,대우 월드마크 용산,20251210,187000,104.291,138.824,25,,,2007,오피스텔,중개거래,서울 용산구
2025,11545,금천구,10200,독산동,1,대지,1156,0,금천 롯데캐슬 골드파크 4차,20251210,32500,33.68,52.98,26,,,2019,오피스텔,중개거래,서울 금천구
2025,11650,서초구,10100,방배동,,,,,,20251210,282000,309.05,155,,,,1997,단독다가구,중개거래,서울 서초구
2025,11350,노원구,10600,중계동,1,대지,363,0,대림벽산(363),20251210,130000,114.39,0,13,,,1993,아파트,중개거래,서울 노원구
2025,11500,강서구,10100,염창동,1,대지,261,12,그린뷰,20251210,13000,16.25,21.03,2,,,2018,오피스텔,직거래,
2025,11740,강동구,10800,성내동,1,대지,611,0,그란츠리버파크,20251210,106400,59.98,0,31,,,2025,아파트,직거래,
2025,11710,송파구,11300,거여동,,,,,,20251210,130000,159.03,93,,,,1991,단독다가구,중개거래,서울 송파구
2025,11140,중구,16200,신당동,,,,,,20251210,95000,147.42,88,,,,1985,단독다가구,중개거래,경기 파주시
2025,11590,동작구,10200,상도동,1,대지,279,109,광우빌라,20251210,48700,49.31,40,1,,,1991,연립다세대,중개거래,서울 동작구
2025,11530,구로구,10100,신도림동,1,대지,691,0,대림3,20251210,123500,114.55,0,10,,,2001,아파트,중개거래,서울 구로구
2025,11215,광진구,10400,광장동,1,대지,567,0,광나루현대,20251210,162000,84.59,0,9,,,1996,아파트,중개거래,서울 광진구
2025,11440,마포구,10200,공덕동,1,대지,370,9,공덕현대,20251210,149900,84.79,0,9,,,1989,아파트,중개거래,서울 마포구
2025,11230,동대문구,10500,답십리동,1,대지,492,4,답십리한화오벨리스크,20251210,12700,27.64,37.212,6,,,2004,오피스텔,중개거래,서울 동대문구
2025,11500,강서구,10100,염창동,1,대지,249,11,현대2,20251210,69500,59.39,0,2,,,1993,아파트,중개거래,"서울 강서구, 서울 양천구"
2025,11380,은평구,10600,대조동,1,대지,216,1,다원파크뷰B동,20251210,43700,29.01,29,5,,,2023,연립다세대,중개거래,"서울 서초구, 서울 은평구"
2025,11230,동대문구,10600,장안동,1,대지,392,5,화성로얄빌,20251210,28000,29.2,23,5,,,2017,연립다세대,중개거래,"서울 강서구, 서울 동대문구"
2025,11470,양천구,10100,신정동,1,대지,1307,0,경남아너스빌,20251210,166000,103.45,0,18,,,2004,아파트,중개거래,서울 양천구
2025,11350,노원구,10500,상계동,1,대지,389,757,"건영빌라가,나",20251210,22000,39.58,22,4,,,1994,연립다세대,중개거래,서울 노원구
2025,11710,송파구,11300,거여동,1,대지,290,0,거여1단지,20251210,100000,49.8,0,4,,,1997,아파트,중개거래,서울 송파구
2025,11260,중랑구,10600,신내동,1,대지,656,0,화성.두산아파트,20251210,61700,66.96,0,9,,,1995,아파트,중개거래,서울 중랑구
2025,11500,강서구,10200,등촌동,1,대지,628,32,강변샤르망2단지,20251210,44200,63.16,78.0162,6,,,2005,오피스텔,중개거래,서울 강서구
2025,11500,강서구,10400,가양동,1,대지,1475,0,강변,20251210,75000,39.6,0,9,,,1992,아파트,중개거래,서울 강서구
2025,11650,서초구,10100,방배동,1,대지,2233,0,방배3차현대홈타운,20251210,235000,84.982,0,1,,,2004,아파트,중개거래,서울 서초구
2025,11380,은평구,10900,신사동,1,대지,5,42,삼원제우스(5-42),20251210,34200,42.36,24,2,,,2016,연립다세대,중개거래,서울 은평구
2025,11470,양천구,10200,목동,1,대지,324,166,보타닉목동,20251210,37000,39.07,30,5,,,2022,연립다세대,중개거래,서울 양천구
2025,11710,송파구,10600,삼전동,1,대지,165,0,서울주택(165-0),20251210,72000,70.13,35,3,,,1992,연립다세대,중개거래,서울 송파구
2025,11380,은평구,10800,역촌동,1,대지,11,29,삼성하이빌(11-29),20251210,30000,65.94,36,2,,,2011,연립다세대,중개거래,서울 은평구
2025,11470,양천구,10200,목동,1,대지,780,16,보람타운(780-16),20251210,58000,63.36,32,5,,,2002,연립다세대,중개거래,서울 강서구
2025,11260,중랑구,10100,면목동,1,대지,667,7,성민쉐르빌,20251210,28000,34.12,22,5,,,2014,연립다세대,중개거래,서울 중랑구
2025,11290,성북구,13600,하월곡동,1,대지,88,64,성북힐스테이트(101동),20251210,81300,84.69,0,11,,,2007,아파트,중개거래,서울 성북구
2025,11380,은평구,11400,진관동,1,대지,102,0,박석고개1단지힐스테이트(116~131동)BL2-1,20251210,115500,101.76,0,8,,,2009,아파트,중개거래,서울 은평구
2025,11500,강서구,10100,염창동,1,대지,295,0,성원,20251210,103000,84.81,0,2,,,2001,아파트,중개거래,서울 강서구
2025,11380,은평구,10300,불광동,1,대지,447,14,삼성아트빌,20251210,33500,29.96,24,3,,,2016,연립다세대,중개거래,서울 은평구
2025,11470,양천구,10200,목동,1,대지,709,2,성원2,20251210,82000,77.17,0,10,,,2000,아파트,중개거래,서울 양천구
2025,11215,광진구,10400,광장동,1,대지,453,1,삼성광장2,20251210,165000,69.06,0,13,,,1989,아파트,중개거래,서울 광진구
2025,11140,중구,16200,신당동,1,대지,843,0,삼성,20251210,130000,59.97,0,13,,,1999,아파트,중개거래,서울 중구
2025,11590,동작구,10700,사당동,1,대지,105,0,사당우성3,20251210,175000,108.08,0,6,,,1993,아파트,중개거래,서울 동작구
2025,11590,동작구,10100,노량진동,1,대지,207,4,비엔트(BIENTE),20251210,58000,29.19,18,5,,,2023,연립다세대,중개거래,서울 동작구
2025,11440,마포구,10200,공덕동,1,대지,111,106,블레스하임 3차,20251210,40000,29.95,43.26,13,,,2022,오피스텔,중개거래,서울 마포구
2025,11380,은평구,10300,불광동,1,대지,643,0,북한산힐스테이트7차,20251210,117000,84.891,0,3,,,2011,아파트,중개거래,서울 은평구
2025,11710,송파구,10900,장지동,1,대지,844,0,송파파인타운7단지,20251210,176000,84.9,0,9,,,2007,아파트,중개거래,서울 송파구
2025,11305,강북구,10300,수유동,1,대지,205,0,수유벽산1차,20251210,68000,84.92,0,5,,,1993,아파트,중개거래,"경기 하남시, 서울 강북구"
2025,11620,관악구,10100,봉천동,1,대지,1718,0,벽산블루밍,20251210,94000,84.99,0,1,,,2005,아파트,중개거래,서울 관악구
2025,11500,강서구,10100,염창동,1,대지,290,0,벽산늘푸른,20251210,70000,59.97,0,7,,,1998,아파트,중개거래,서울 강서구
2025,11380,은평구,10300,불광동,1,대지,637,0,북한산래미안아파트(2단지),20251210,87000,59.993,0,9,,,2010,아파트,중개거래,서울 은평구
2025,11410,서대문구,11800,홍은동,1,대지,467,0,북한산두산위브,20251210,78000,59.54,0,6,,,2020,아파트,중개거래,서울 서대문구
2025,11320,도봉구,10500,쌍문동,1,대지,81,415,백운빌(A동),20251210,22500,51.37,28,4,,,2006,연립다세대,중개거래,서울 도봉구
2025,11500,강서구,10300,화곡동,1,대지,355,9,상아마이빌(355-9),20251210,23000,59.96,34,4,,,2007,연립다세대,중개거래,서울 강서구
2025,11305,강북구,10100,미아동,1,대지,325,34,미아위드빌A,20251210,40000,50.79,32,2,,,2017,연립다세대,중개거래,서울 강북구
2025,11680,강남구,10600,대치동,1,대지,914,6,(914-6),20251210,54800,36.75,18,4,,20260303,2002,연립다세대,중개거래,서울 강남구
2025,11680,강남구,10600,대치동,1,대지,914,6,(914-6),20251210,35700,23.4,11,2,,20260303,2002,연립다세대,중개거래,서울 강남구
2025,11680,강남구,10600,대치동,1,대지,914,6,(914-6),20251210,35700,23.4,11,3,,20260303,2002,연립다세대,중개거래,서울 강남구
2025,11440,마포구,12700,상암동,1,대지,1637,0,상암월드컵파크2단지,20251210,112000,59.92,0,3,,,2003,아파트,중개거래,서울 마포구
2025,11680,강남구,10600,대치동,1,대지,914,6,(914-6),20251210,35200,23.1,11,2,,20260303,2002,연립다세대,중개거래,서울 강남구
2025,11680,강남구,10600,대치동,1,대지,914,6,(914-6),20251210,35200,23.1,11,3,,20260303,2002,연립다세대,중개거래,서울 강남구
2025,11350,노원구,10600,중계동,1,대지,502,1,중계그린1단지,20251210,57500,49.5,0,6,,,1990,아파트,중개거래,서울 노원구
2025,11590,동작구,10200,상도동,1,대지,415,0,중앙하이츠빌,20251210,135000,84.988,0,15,,,2003,아파트,중개거래,서울 동작구
2025,11320,도봉구,10600,방학동,1,대지,734,0,청구아파트,20251210,58000,84.9,0,13,,,1994,아파트,중개거래,서울 도봉구
2025,11440,마포구,10400,도화동,1,대지,555,0,한화오벨리스크,20251210,56000,36.49,0,12,,,2004,아파트,중개거래,서울 마포구
2025,11305,강북구,10100,미아동,1,대지,403,77,청운빌라13차,20251210,76000,92.32,57,4,,,2001,연립다세대,중개거래,서울 강북구
2025,11500,강서구,10100,염창동,1,대지,295,0,성원,20251210,103000,84.81,0,2,,20251229,2001,아파트,중개거래,서울 강서구
2025,11710,송파구,10300,풍납동,1,대지,508,0,한강극동,20251210,135000,84.76,0,4,,,1995,아파트,중개거래,서울 송파구
2025,11320,도봉구,10600,방학동,1,대지,601,21,청운하이츠빌라,20251210,11000,37.83,17,3,,,1994,연립다세대,중개거래,서울 도봉구
2025,11230,동대문구,10400,전농동,1,대지,10,0,전농SK,20251210,105000,114.3,0,6,,,2000,아파트,중개거래,서울 동대문구
2025,11530,구로구,10700,개봉동,1,대지,277,11,장미빌라(277-11),20251210,9800,37.14,20,4,,,1993,연립다세대,중개거래,서울 구로구
2025,11290,성북구,13300,정릉동,1,대지,239,0,정릉풍림아이원,20251210,62000,60,0,10,,,2005,아파트,중개거래,서울 성북구
2025,11350,노원구,10400,하계동,1,대지,273,0,장미(시영6),20251210,60000,49.5,0,6,,,1989,아파트,중개거래,서울 노원구
2025,11320,도봉구,10700,창동,1,대지,30,0,창동주공18단지,20251210,46500,41.34,0,14,,,1988,아파트,중개거래,서울 도봉구
2025,11350,노원구,10200,월계동,1,대지,924,0,초안2,20251210,43000,59.85,0,14,,,1997,아파트,중개거래,서울 도봉구
2025,11410,서대문구,11800,홍은동,1,대지,274,60,장성미모아,20251210,44500,81.99,0,2,,,2006,아파트,중개거래,서울 서대문구
2025,11710,송파구,11100,방이동,1,대지,47,0,잠실헤리츠,20251210,22000,20.97,32.9579,15,,,2017,오피스텔,중개거래,"서울 광진구, 서울 송파구"
2025,11305,강북구,10200,번동,1,대지,234,0,주공4단지,20251210,44500,49.94,0,9,,,1991,아파트,중개거래,서울 강북구
2025,11500,강서구,10300,화곡동,1,대지,362,79,해온캐슬,20251210,16000,21.34,14,5,,,2019,연립다세대,직거래,
2025,11620,관악구,10200,신림동,1,대지,610,98,해담채,20251210,32500,48.39,27,4,,,2018,연립다세대,중개거래,서울 관악구
2025,11620,관악구,10200,신림동,1,대지,1680,7,한나래(1680-7),20251210,23900,29.79,18,5,,,2017,연립다세대,중개거래,서울 관악구
2025,11650,서초구,10800,서초동,1,대지,1623,3,피앤디 솔로빌,20251210,11300,15.76,23.99,2,,,2005,오피스텔,중개거래,서울 서초구
2025,11470,양천구,10100,신정동,1,대지,944,3,클레버 타워,20251210,12000,29.01,36.57,4,,,2003,오피스텔,직거래,
2025,11470,양천구,10100,신정동,1,대지,1213,6,태현아트빌가동,20251210,95000,53.46,25,4,,,2003,연립다세대,중개거래,"서울 마포구, 서울 양천구"
2025,11500,강서구,10900,방화동,1,대지,592,11,투윈빌,20251210,38000,49.96,30,5,,,2016,연립다세대,중개거래,서울 강서구
2025,11740,강동구,10900,천호동,1,대지,304,4,파인힐스빌,20251210,35000,38.03,23,3,,,2012,연립다세대,중개거래,서울 강동구
2025,11200,성동구,10600,사근동,1,대지,199,0,중앙하이츠,20251210,76000,71.85,0,7,,,1989,아파트,중개거래,서울 성동구
2025,11710,송파구,10800,문정동,1,대지,618,0,파크하비오,20251210,42000,47.89,60.69,15,,,null,오피스텔,중개거래,서울 송파구
2025,11170,용산구,13000,이태원동,1,대지,352,0,퍼시픽맨션골드,20251210,156000,157.03,0,3,,,2003,아파트,중개거래,서울 용산구
2025,11710,송파구,11100,방이동,1,대지,185,0,인택파크랜드,20251210,160000,126.69,0,10,,,2004,아파트,중개거래,서울 송파구
2025,11530,구로구,10700,개봉동,1,대지,476,0,한마을,20251210,85500,84.57,0,15,,,1999,아파트,중개거래,서울 구로구
2025,11110,종로구,10100,청운동,1,대지,108,14,평안빌,20251210,91000,90.06,53,4,,,2001,연립다세대,중개거래,서울 종로구
2025,11320,도봉구,10700,창동,1,대지,373,0,창동주공4단지,20251210,39500,41.3,0,3,,,1991,아파트,중개거래,서울 도봉구
2025,11560,영등포구,10900,영등포동8가,1,대지,42,1,한양아이클래스 오피스텔,20251210,13000,20.16,29.4187,2,,,2014,오피스텔,중개거래,서울 영등포구
2025,11350,노원구,10500,상계동,1,대지,680,0,포레나노원,20251210,120000,84.901,0,10,,,2020,아파트,중개거래,서울 노원구
2025,11470,양천구,10100,신정동,1,대지,1281,0,푸른마을2,20251210,65000,59.85,0,10,,,2001,아파트,중개거래,서울 양천구
2025,11350,노원구,10600,중계동,1,대지,598,0,한화꿈에그린,20251210,81400,84.902,0,3,,,2005,아파트,중개거래,서울 노원구
2025,11470,양천구,10100,신정동,1,대지,1285,0,푸른마을4,20251210,83000,84.92,0,10,,,2002,아파트,중개거래,서울 양천구
2025,11230,동대문구,10500,답십리동,1,대지,497,23,청계 푸르지오시티,20251210,33800,39.71,52.54,6,,,2015,오피스텔,중개거래,"서울 동대문구, 서울 성동구"
2025,11440,마포구,10200,공덕동,1,대지,404,0,풍림브이아이피텔,20251210,14500,30.89,30.89,11,,,1990,오피스텔,중개거래,서울 마포구
2025,11410,서대문구,11100,홍제동,1,대지,453,1,청구2차,20251210,89500,84.81,0,15,,,1997,아파트,중개거래,서울 서대문구
2025,11290,성북구,13300,정릉동,1,대지,485,5,정릉반석빌,20251210,29000,36.09,18,5,,,2014,연립다세대,중개거래,서울 성북구
2025,11470,양천구,10100,신정동,1,대지,325,0,목동신시가지11,20251210,150000,51.48,0,5,,,1988,아파트,중개거래,서울 양천구
2025,11530,구로구,10600,고척동,1,대지,345,0,조양휴캐슬,20251210,47500,48.95,32,6,,20260116,2012,연립다세대,중개거래,서울 구로구
2025,11470,양천구,10100,신정동,1,대지,1285,0,푸른마을4,20251210,83000,84.92,0,10,,20260219,2002,아파트,중개거래,서울 양천구
2025,11500,강서구,10100,염창동,1,대지,262,5,목동더채움,20251210,70400,61.87,77.84,9,,,2023,오피스텔,직거래,
2025,11740,강동구,10100,명일동,1,대지,332,0,명일지에스아파트,20251210,140000,84.9,0,17,,,1999,아파트,중개거래,서울 강동구
2025,11500,강서구,10500,마곡동,1,대지,776,2,마곡센트럴대방디엠시티오피스텔,20251210,21000,29.479,42.3423,3,,,2017,오피스텔,중개거래,서울 강서구
2025,11500,강서구,10900,방화동,1,대지,860,0,마곡서광(치현마을),20251210,54000,59.67,0,16,,,1998,아파트,중개거래,서울 강서구
2025,11590,동작구,10800,대방동,1,대지,394,26,리안,20251210,14000,18.49,28.54,7,,,null,오피스텔,중개거래,서울 동작구
2025,11710,송파구,10800,문정동,1,대지,652,3,르피에드 문정,20251210,90000,47.206,75.4576,14,,,2022,오피스텔,직거래,
2025,11545,금천구,10200,독산동,1,대지,197,7,"미림연립가동,나동",20251210,13700,45.14,25,2,,,1982,연립다세대,중개거래,서울 금천구
2025,11470,양천구,10300,신월동,1,대지,501,8,미래하이츠,20251210,18000,43.42,23,4,,,2002,연립다세대,중개거래,"서울 동대문구, 서울 양천구"
2025,11350,노원구,10500,상계동,1,대지,1320,0,미라보(성림),20251210,47000,84.5,0,20,,,2006,아파트,중개거래,서울 노원구
2025,11545,금천구,10200,독산동,1,대지,1073,12,문정아트빌,20251210,25800,29.65,20,2,,,2017,연립다세대,중개거래,서울 금천구
2025,11710,송파구,10800,문정동,1,대지,145,0,문정시영,20251210,60000,25.65,0,13,,,1989,아파트,중개거래,서울 송파구
2025,11215,광진구,10500,자양동,1,대지,644,0,로얄동아,20251210,125000,59.91,0,17,,,1999,아파트,중개거래,서울 광진구
2025,11305,강북구,10100,미아동,1,대지,813,0,래미안트리베라1단지,20251210,92000,84.97,0,6,,,2010,아파트,중개거래,서울 강북구
2025,11500,강서구,10600,내발산동,1,대지,708,1,문국,20251210,68000,107.79,0,5,,,1998,아파트,중개거래,서울 강서구
2025,11305,강북구,10100,미아동,1,대지,813,0,래미안트리베라1단지,20251210,79300,59.6,0,8,,,2010,아파트,중개거래,서울 강북구
2025,11380,은평구,10200,녹번동,1,대지,283,0,래미안베라힐즈,20251210,128000,84.95,0,18,,,2019,아파트,중개거래,서울 은평구
2025,11410,서대문구,12000,남가좌동,1,대지,379,0,래미안남가좌2차,20251210,130000,114.793,0,5,,,2005,아파트,중개거래,서울 서대문구
2025,11410,서대문구,12000,남가좌동,1,대지,379,0,래미안남가좌2차,20251210,113000,59.788,0,7,,,2005,아파트,중개거래,서울 서대문구
2025,11680,강남구,10100,역삼동,1,대지,763,16,래미안그레이튼,20251210,290000,59.97,0,18,,,2009,아파트,중개거래,서울 강남구
2025,11620,관악구,10200,신림동,1,대지,1656,0,라이프미성,20251210,70000,71.31,0,8,,,1982,아파트,중개거래,"서울 관악구, 인천 계양구"
2025,11260,중랑구,10500,망우동,1,대지,520,48,라온하우스,20251210,30000,43.82,28,2,,,2015,연립다세대,직거래,
2025,11740,강동구,10900,천호동,1,대지,414,0,두산위브센티움,20251210,17100,31.37,0,7,,,2004,아파트,중개거래,서울 강동구
2025,11470,양천구,10100,신정동,1,대지,326,0,목동신시가지12,20251210,200000,64.65,0,1,,,1988,아파트,중개거래,서울 양천구
2025,11545,금천구,10100,가산동,1,대지,769,0,두산,20251210,57700,59.84,0,4,,,1998,아파트,중개거래,서울 금천구
2025,11380,은평구,10300,불광동,1,대지,631,1,대호프라자아파트,20251210,75000,84.64,0,11,,,2000,아파트,중개거래,서울 은평구
2025,11290,성북구,13900,석관동,1,대지,10,0,두산,20251210,95000,134.97,0,16,,,1998,아파트,중개거래,서울 성북구
2025,11650,서초구,10800,서초동,1,대지,1559,20,동원스위트(2단지),20251210,41700,30.07,18,5,,,2016,연립다세대,중개거래,서울 서초구
2025,11680,강남구,10600,대치동,1,대지,920,32,동양,20251210,150000,97.34,0,3,,,1999,아파트,중개거래,서울 강남구
2025,11740,강동구,10900,천호동,1,대지,217,132,동아하이빌아파트,20251210,93000,84.97,0,9,,,2000,아파트,중개거래,서울 강동구
2025,11500,강서구,10300,화곡동,1,대지,398,14,동명내추럴빌,20251210,20000,38.7,23,3,,,2012,연립다세대,직거래,
2025,11290,성북구,10300,돈암동,1,대지,15,1,돈암동삼성,20251210,83000,114.66,0,2,,,1999,아파트,중개거래,서울 성북구
2025,11290,성북구,10300,돈암동,1,대지,15,1,돈암동삼성,20251210,82000,84.59,0,14,,,1999,아파트,중개거래,서울 성북구
2025,11290,성북구,10300,돈암동,1,대지,15,1,돈암동삼성,20251210,67000,59.4,0,6,,,1999,아파트,중개거래,서울 성북구
2025,11545,금천구,10200,독산동,1,대지,1088,0,독산주공14단지,20251210,41800,44.89,0,14,,,1990,아파트,중개거래,경기 광명시
2025,11410,서대문구,10900,현저동,1,대지,200,0,독립문극동(200-0),20251210,130500,84.87,0,11,,,1998,아파트,중개거래,서울 서대문구
2025,11410,서대문구,11200,대현동,1,대지,37,32,영타운 지웰 에스테이트,20251209,19400,20.27,31.4407,10,,,2017,오피스텔,중개거래,서울 마포구
2025,11590,동작구,10700,사당동,1,대지,185,5,예성휴캐슬(185-5),20251209,40000,28.62,16,2,,,2013,연립다세대,중개거래,서울 강남구
2025,11200,성동구,11500,성수동2가,1,대지,286,0,성수우방2차아파트,20251209,104500,59.82,0,14,,,1999,아파트,중개거래,서울 성동구
2025,11740,강동구,10900,천호동,1,대지,217,23,예스원빌,20251209,38000,28.8,22,2,,,2021,연립다세대,중개거래,서울 성동구
2025,11740,강동구,10600,둔촌동,1,대지,425,15,오앤하우스,20251209,14800,18.65,9,8,,,2014,연립다세대,중개거래,서울 강동구
2025,11200,성동구,11500,성수동2가,1,대지,279,50,성수1차대우아파트,20251209,70500,59.49,0,5,,,1999,아파트,중개거래,서울 광진구
2025,11170,용산구,11200,원효로1가,1,대지,41,0,용산더프라임,20251209,150000,56.754,0,6,,,2014,아파트,중개거래,"서울 강남구, 서울 용산구"
2025,11440,마포구,12500,성산동,1,대지,446,0,성산시영(유원),20251209,157000,59.43,0,1,,,1986,아파트,중개거래,"서울 마포구, 서울 영등포구"
2025,11440,마포구,12500,성산동,1,대지,597,0,성산동성,20251209,70500,60,0,10,,,1999,아파트,중개거래,서울 마포구
2025,11545,금천구,10300,시흥동,1,대지,1011,0,우방,20251209,75000,114.89,0,17,,,2002,아파트,중개거래,서울 금천구
2025,11350,노원구,10400,하계동,1,대지,353,0,우방,20251209,45000,59.74,0,11,,,1999,아파트,중개거래,서울 노원구
2025,11530,구로구,10900,궁동,1,대지,213,21,우신빌라,20251209,41000,39.86,51,1,,,1988,연립다세대,중개거래,서울 구로구
2025,11260,중랑구,10300,중화동,1,대지,325,46,우연캐슬,20251209,44270,43.55,34,4,,,2020,연립다세대,중개거래,서울 성북구
2025,11500,강서구,10300,화곡동,1,대지,1159,0,"우장산아이파크,이편한세상",20251209,147000,84.97,0,10,,,2008,아파트,중개거래,"서울 강동구, 서울 강서구"
2025,11710,송파구,11200,오금동,1,대지,164,0,우창,20251209,155000,76.42,0,10,,,1985,아파트,중개거래,서울 송파구
2025,11620,관악구,10200,신림동,1,대지,10,718,운서맨션(가),20251209,36000,62.97,32,3,,,2002,연립다세대,중개거래,서울 관악구
2025,11440,마포구,12300,망원동,1,대지,410,18,운정빌라,20251209,40300,46.89,21,4,,,1991,연립다세대,중개거래,서울 마포구
2025,11290,성북구,10100,성북동,1,대지,145,21,스마트빌,20251209,28000,29.04,18,-1,,20260108,2021,연립다세대,직거래,
2025,11650,서초구,10600,잠원동,1,대지,76,0,씨티21,20251209,42200,22.77,30.63,9,,,1988,오피스텔,중개거래,서울 서초구
2025,11470,양천구,10300,신월동,1,대지,591,1,신안약수,20251209,60000,68,0,7,,,1985,아파트,중개거래,서울 양천구
2025,11680,강남구,10300,개포동,1,대지,12,0,성원대치2단지아파트,20251209,180000,49.86,0,3,,,1992,아파트,직거래,
2025,11530,구로구,10100,신도림동,1,대지,640,0,신성은하수,20251209,73000,59.88,0,9,,,1997,아파트,중개거래,서울 구로구
2025,11260,중랑구,10100,면목동,1,대지,1515,0,성원상떼빌,20251209,55000,59.91,0,2,,,1997,아파트,중개거래,"서울 동대문구, 서울 중랑구"
2025,11560,영등포구,13200,신길동,1,대지,4964,0,신길센트럴자이아파트,20251209,98000,84.98,0,25,,,2021,아파트,직거래,
2025,11260,중랑구,10400,묵동,1,대지,240,60,성원하이츠(240-60),20251209,33300,38.25,26,5,,,2015,연립다세대,중개거래,서울 중랑구
2025,11440,마포구,12200,합정동,1,대지,433,21,세명파크빌,20251209,55000,63.95,37,4,,,2010,연립다세대,중개거래,서울 마포구
2025,11500,강서구,10800,공항동,1,대지,677,5,시티파크빌,20251209,15000,35.24,20,2,,,2010,연립다세대,중개거래,서울 강서구
2025,11680,강남구,10800,논현동,1,대지,276,1,아크로힐스논현,20251209,365000,113.231,0,19,,,2014,아파트,중개거래,서울 강남구
2025,11140,중구,16200,신당동,1,대지,432,2176,약수준아트빌,20251209,27500,28.83,17,-1,,,2013,연립다세대,중개거래,서울 중구
2025,11200,성동구,10200,하왕십리동,1,대지,1070,0,센트라스,20251209,243000,84.96,0,5,,,2016,아파트,중개거래,"서울 성동구, 서울 송파구"
2025,11350,노원구,10300,공릉동,1,대지,715,0,시영3차(라이프)아파트,20251209,50500,49.5,0,11,,,1994,아파트,중개거래,서울 노원구
2025,11170,용산구,13100,한남동,1,대지,1,349,시범,20251209,108000,59.5,0,1,,,1970,아파트,중개거래,"서울 강남구, 서울 성동구"
2025,11680,강남구,10600,대치동,1,대지,934,8,스톤빌리지대치2차,20251209,123500,57.23,33,5,,,2018,연립다세대,중개거래,서울 강남구
2025,11680,강남구,10100,역삼동,1,대지,781,35,스타힐스,20251209,38800,19.34,14,5,,,2012,연립다세대,중개거래,서울 강남구
2025,11680,강남구,10100,역삼동,1,대지,781,35,스타힐스,20251209,31200,15.5,11,5,,,2012,연립다세대,중개거래,서울 강남구
2025,11530,구로구,10900,궁동,1,대지,184,29,스위트브라운1동(184-29),20251209,21950,63.96,45,5,,,2004,연립다세대,중개거래,서울 구로구
2025,11170,용산구,12400,한강로1가,1,대지,216,11,센트럴파크,20251209,71000,29.44,0,5,,,2021,아파트,중개거래,서울 용산구
2025,11305,강북구,10300,수유동,1,대지,205,0,수유벽산1차,20251209,49000,63.78,0,11,,,1993,아파트,중개거래,서울 강북구
2025,11500,강서구,10300,화곡동,1,대지,394,23,소망빌라다동,20251209,17000,43.71,29,3,,,1992,연립다세대,중개거래,서울 강서구
2025,11710,송파구,10800,문정동,1,대지,622,0,송파한화오벨리스크,20251209,65000,68.15,87.732,7,,,2013,오피스텔,중개거래,서울 송파구
2025,11440,마포구,12500,성산동,1,대지,250,16,성운,20251209,38200,47.86,28,3,,,2010,연립다세대,중개거래,서울 마포구
2025,11350,노원구,10600,중계동,1,대지,588,0,양지마을(대림)2,20251209,108000,114.81,0,8,,,1999,아파트,중개거래,서울 노원구
2025,11215,광진구,10300,구의동,1,대지,239,118,에덴빌24차,20251209,29800,23.84,15,2,,,2020,연립다세대,직거래,
2025,11500,강서구,10300,화곡동,1,대지,392,58,에이원,20251209,25000,49.81,0,2,,,2005,아파트,중개거래,서울 강서구
2025,11470,양천구,10200,목동,1,대지,318,115,에치앤에치,20251209,21500,51.18,23,5,,,2012,연립다세대,직거래,
2025,11710,송파구,11100,방이동,1,대지,28,2,엘루이시티,20251209,16700,17.45,26.6479,10,,,2019,오피스텔,중개거래,서울 송파구
2025,11560,영등포구,10100,영등포동,1,대지,647,0,영등포푸르지오,20251209,130000,59.912,0,16,,,2002,아파트,중개거래,서울 영등포구
2025,11530,구로구,10800,오류동,1,대지,6,63,루체비스타,20251209,21400,29.98,0,9,,,2020,아파트,중개거래,서울 금천구
2025,11470,양천구,10100,신정동,1,대지,1008,9,MK빌라,20251209,41000,45.06,21,3,,20260115,2002,연립다세대,중개거래,서울 양천구
2025,11290,성북구,13900,석관동,1,대지,10,0,두산,20251209,85500,84.9,0,15,,,1998,아파트,중개거래,서울 성북구
2025,11560,영등포구,13200,신길동,1,대지,456,7,라온빌,20251209,49000,24.76,18,5,,,2019,연립다세대,중개거래,서울 영등포구
2025,11110,종로구,12600,종로1가,1,대지,24,0,르메이에르종로타운1,20251209,70700,81.01,108.03,20,,,2007,오피스텔,중개거래,서울 종로구
2025,11410,서대문구,11700,연희동,1,대지,739,0,대우푸르지오,20251209,84500,59.584,0,8,,,2002,아파트,중개거래,서울 서대문구
2025,11650,서초구,10800,서초동,1,대지,1328,7,대우도씨에빛,20251209,31800,40.07,53.92,12,,,2003,오피스텔,중개거래,"서울 강남구, 서울 서초구"
2025,11680,강남구,10100,역삼동,1,대지,774,34,리치웰빌라트2차,20251209,78000,48.21,30,6,,,2017,연립다세대,중개거래,서울 강남구
2025,11500,강서구,10300,화곡동,1,대지,362,119,드림빌3차,20251209,19000,35.04,20,4,,,2002,연립다세대,중개거래,서울 강서구
2025,11740,강동구,10800,성내동,1,대지,412,0,둔촌역아치스톤(101동),20251209,97000,84.96,0,7,,,2010,아파트,중개거래,서울 강동구
2025,11590,동작구,10900,신대방동,1,대지,719,0,동작상떼빌,20251209,92700,84.98,0,6,,,2006,아파트,중개거래,"서울 관악구, 서울 영등포구"
2025,11545,금천구,10100,가산동,1,대지,769,0,두산,20251209,57500,59.84,0,1,,,1998,아파트,중개거래,서울 금천구
2025,11470,양천구,10300,신월동,1,대지,48,23,대호빌라(10),20251209,14800,40.01,25,1,,,1988,연립다세대,직거래,
2025,11530,구로구,10700,개봉동,1,대지,472,0,두산,20251209,60000,84.96,0,7,,,1997,아파트,중개거래,"서울 구로구, 서울 양천구"
2025,11500,강서구,10500,마곡동,1,대지,776,2,마곡센트럴대방디엠시티오피스텔,20251209,19000,29.479,42.3423,3,,,2017,오피스텔,중개거래,서울 강서구
2025,11170,용산구,10100,후암동,1,대지,30,33,"예인아트빌(가,나)",20251209,37115,57.54,34,2,,20260106,2007,연립다세대,직거래,
2025,11470,양천구,10300,신월동,1,대지,48,21,대호빌라(12),20251209,13000,40.01,25,-1,,,1988,연립다세대,직거래,
2025,11650,서초구,10700,반포동,1,대지,48,2,대성유니드,20251209,220000,97.992,0,6,,,2004,아파트,중개거래,서울 서초구
2025,11680,강남구,10100,역삼동,1,대지,824,12,메가시티오피스텔,20251209,31500,38.07,53.26,13,,,2002,오피스텔,중개거래,서울 강남구
2025,11740,강동구,10800,성내동,1,대지,46,23,더존예가A,20251209,32000,21.75,7,6,,20251209,2017,연립다세대,중개거래,서울 강동구
2025,11500,강서구,10500,마곡동,1,대지,776,2,마곡센트럴대방디엠시티오피스텔,20251209,17000,29.479,42.3423,6,,,2017,오피스텔,중개거래,서울 강서구
2025,11650,서초구,10800,서초동,1,대지,1671,5,대림서초리시온,20251209,33500,45.72,0,5,,,2003,아파트,직거래,
2025,11680,강남구,11800,도곡동,1,대지,527,0,도곡렉슬,20251209,519000,134.902,0,11,,,2006,아파트,중개거래,서울 강남구
2025,11500,강서구,10500,마곡동,1,대지,784,9,마곡오드카운티2차,20251209,11500,17.36,27.22,5,,,null,오피스텔,중개거래,서울 강서구
2025,11530,구로구,10700,개봉동,1,대지,472,0,두산,20251209,59300,84.96,0,23,,,1997,아파트,중개거래,"서울 구로구, 서울 영등포구"
2025,11545,금천구,10200,독산동,1,대지,293,10,독산현대,20251209,54000,58.72,0,3,,,1999,아파트,중개거래,서울 금천구
2025,11710,송파구,11100,방이동,1,대지,103,6,동경빌라,20251209,33000,44.53,31,2,,,1986,연립다세대,중개거래,서울 송파구
2025,11500,강서구,10100,염창동,1,대지,258,1,동아3,20251209,122000,84.87,0,11,,,1999,아파트,중개거래,서울 강서구
2025,11350,노원구,10500,상계동,1,대지,1110,0,두산,20251209,56000,66.6,0,10,,,1994,아파트,중개거래,서울 노원구
2025,11590,동작구,10200,상도동,1,대지,214,84,다솜그랑빌,20251209,41500,29.9,18,1,,,2020,연립다세대,중개거래,서울 동작구
2025,11305,강북구,10300,수유동,1,대지,192,65,마이홈빌라,20251209,13000,41.86,26,5,,,2008,연립다세대,중개거래,서울 강북구
2025,11470,양천구,10200,목동,1,대지,745,2,동호쉐르빌3차(745-2),20251209,35000,60.49,35,5,,,2007,연립다세대,중개거래,서울 양천구
2025,11170,용산구,10200,용산동2가,1,대지,38,4,라플라메38,20251209,60000,12.39,14,2,,,2025,연립다세대,중개거래,서울 용산구
2025,11680,강남구,10100,역삼동,1,대지,824,12,메가시티오피스텔,20251209,26000,34.01,47.58,4,,,2002,오피스텔,중개거래,서울 강남구
2025,11680,강남구,10600,대치동,1,대지,63,0,"대치우성아파트1동,2동,3동,5동,6동,7동",20251209,360000,84.69,0,1,,,1984,아파트,중개거래,서울 강남구
2025,11290,성북구,13400,길음동,1,대지,1288,0,래미안길음센터피스,20251209,129000,59.97,0,10,,,2019,아파트,중개거래,"서울 강북구, 서울 성북구"
2025,11740,강동구,10200,고덕동,1,대지,688,0,래미안힐스테이트고덕,20251209,220000,84.9,0,3,,,2016,아파트,중개거래,서울 강동구
2025,11320,도봉구,10600,방학동,1,대지,632,65,대명빌라(632-65),20251209,15500,38.61,23,4,,,2008,연립다세대,중개거래,서울 도봉구
2025,11680,강남구,10100,역삼동,1,대지,824,25,대우디오빌플러스,20251209,27000,38.96,48.49,9,,,2004,오피스텔,중개거래,서울 강남구
2025,11680,강남구,11800,도곡동,1,대지,963,0,럭키(963),20251209,297000,124.1,0,2,,,1995,아파트,중개거래,서울 강남구
2025,11320,도봉구,10500,쌍문동,2,산,69,1,금호2,20251209,57300,84.46,0,8,,20260113,1991,아파트,중개거래,서울 도봉구
2025,11200,성동구,10700,행당동,1,대지,347,0,대림e-편한세상,20251209,145500,59.96,0,5,,,2000,아파트,중개거래,서울 성동구
2025,11140,중구,16500,황학동,1,대지,2545,0,롯데캐슬,20251209,89900,59.94,0,12,,,2008,아파트,중개거래,서울 중구
2025,11290,성북구,13400,길음동,1,대지,1289,0,롯데캐슬클라시아,20251209,150000,84.975,0,27,,,2022,아파트,중개거래,서울 성북구
2025,11200,성동구,10200,하왕십리동,,,,,,20251209,50000,85.89,69,,,,1992,단독다가구,중개거래,경기 안성시
2025,11530,구로구,10800,오류동,1,대지,6,63,루체비스타,20251209,22000,29.98,0,9,,20251216,2020,아파트,중개거래,서울 금천구
2025,11680,강남구,11800,도곡동,1,대지,963,0,럭키(963),20251209,297000,124.1,0,2,,20251216,1995,아파트,중개거래,서울 강남구
2025,11290,성북구,13800,장위동,,,,,,20251209,60000,54.54,60,,,20251226,1958,단독다가구,중개거래,서울 성북구
2025,11530,구로구,10600,고척동,,,,,,20251209,68500,351.47,173,,,,1993,단독다가구,직거래,
2025,11560,영등포구,13200,신길동,,,,,,20251209,197000,262.62,166,,,,1993,단독다가구,중개거래,서울 영등포구
2025,11290,성북구,13800,장위동,,,,,,20251209,60000,54.54,60,,,,1958,단독다가구,중개거래,서울 성북구
2025,11320,도봉구,10700,창동,,,,,,20251209,34800,34.98,90,,,,1971,단독다가구,중개거래,서울 도봉구
2025,11230,동대문구,10900,휘경동,1,대지,372,0,휘경SK뷰,20251209,119500,59.39,0,5,,,2019,아파트,중개거래,서울 동대문구
2025,11290,성북구,13300,정릉동,1,대지,326,0,화성빌라8차,20251209,21800,29.91,21,2,,,2020,연립다세대,직거래,
2025,11410,서대문구,11800,홍은동,1,대지,455,0,홍은동벽산,20251209,61500,58.64,0,11,,,1997,아파트,중개거래,서울 서대문구
2025,11530,구로구,10700,개봉동,1,대지,480,0,현대홈타운,20251209,62000,59.49,0,2,,,2001,아파트,중개거래,서울 구로구
2025,11530,구로구,10700,개봉동,1,대지,480,0,현대홈타운,20251209,59200,59.49,0,1,,,2001,아파트,중개거래,서울 구로구
2025,11530,구로구,10700,개봉동,1,대지,480,0,현대홈타운,20251209,71000,59.49,0,24,,,2001,아파트,중개거래,"경기 부천시 소사구, 서울 구로구"
2025,11530,구로구,10200,구로동,1,대지,685,70,현대연예인,20251209,65000,74.66,0,15,,,1989,아파트,중개거래,서울 구로구
2025,11110,종로구,18400,부암동,1,대지,185,3,현대빌라,20251209,37300,54.86,77,2,,,1985,연립다세대,중개거래,서울 종로구
2025,11710,송파구,10300,풍납동,1,대지,260,0,현대리버빌1지구,20251209,67000,43.2,0,3,,,1999,아파트,중개거래,서울 송파구
2025,11560,영등포구,13300,대림동,1,대지,608,1,현대3차,20251209,89000,59.83,0,2,,,1997,아파트,중개거래,서울 영등포구
2025,11305,강북구,10300,수유동,1,대지,276,4,혁구하이츠빌라6차(가동),20251209,10900,34.85,15,1,,,1992,연립다세대,중개거래,서울 강북구
2025,11110,종로구,17500,숭인동,1,대지,317,48,헤스티아,20251209,13000,14.71,21.5972,10,,,2020,오피스텔,직거래,
2025,11110,종로구,17500,숭인동,1,대지,317,48,헤스티아,20251209,13000,14.71,21.5972,12,,,2020,오피스텔,직거래,
2025,11305,강북구,10100,미아동,1,대지,705,1,한화포레나미아,20251209,113153,84.865,0,27,분양권,,0,아파트,중개거래,서울 강북구
2025,11350,노원구,10600,중계동,1,대지,598,0,한화꿈에그린,20251209,83500,84.902,0,13,,,2005,아파트,중개거래,서울 노원구
2025,11305,강북구,10100,미아동,1,대지,4,0,꿈의숲롯데캐슬,20251209,78000,59.99,0,1,,,2017,아파트,중개거래,서울 강북구
2025,11290,성북구,13800,장위동,1,대지,317,0,꿈의숲대명루첸아파트,20251209,93500,84.843,0,15,,,2008,아파트,중개거래,서울 성북구
2025,11290,성북구,13400,길음동,1,대지,1280,0,길음뉴타운2단지푸르지오,20251209,104000,114.73,0,14,,,2005,아파트,중개거래,서울 성북구
2025,11350,노원구,10500,상계동,1,대지,1270,0,금호타운,20251209,53000,84.66,0,11,,,1995,아파트,중개거래,"서울 노원구, 서울 송파구"
2025,11740,강동구,10900,천호동,1,대지,44,0,금호아파트,20251209,34800,27.61,0,8,,,1987,아파트,중개거래,서울 강동구
2025,11545,금천구,10200,독산동,1,대지,1155,0,금천롯데캐슬골드파크3차,20251209,93000,59.966,0,7,,,2018,아파트,중개거래,서울 금천구
2025,11560,영등포구,13300,대림동,1,대지,786,16,금강빌라16동,20251209,32000,49.37,36,2,,,1987,연립다세대,직거래,
2025,11200,성동구,10200,하왕십리동,1,대지,1058,0,극동미라주,20251209,120000,114.63,0,1,,,2001,아파트,중개거래,서울 성동구
2025,11200,성동구,10200,하왕십리동,1,대지,1058,0,극동미라주,20251209,135000,84.33,0,5,,,2001,아파트,중개거래,서울 성동구
2025,11170,용산구,13300,서빙고동,1,대지,293,0,그린파크(코오롱하늘채),20251209,135000,59.98,0,2,,,2000,아파트,중개거래,서울 용산구
2025,11530,구로구,10200,구로동,1,대지,106,4,구로선경오피스텔,20251209,9300,39.05,39.05,6,,,1993,오피스텔,중개거래,경기 용인시 수지구
2025,11680,강남구,10300,개포동,1,대지,170,4,광학빌,20251209,75000,54.32,42,3,,,2018,연립다세대,중개거래,서울 강남구
2025,11545,금천구,10300,시흥동,1,대지,1013,0,관악산벽산타운5,20251209,42900,59.34,0,16,,,2004,아파트,중개거래,서울 금천구
2025,11410,서대문구,11700,연희동,1,대지,170,148,골든트리빌,20251209,28500,47.14,29,2,,,2016,연립다세대,중개거래,서울 서대문구
2025,11590,동작구,10200,상도동,1,대지,210,132,골드캐슬(210-132),20251209,23000,22.12,13,3,,,2013,연립다세대,중개거래,서울 동작구
2025,11500,강서구,10300,화곡동,1,대지,343,45,계명아파트다동,20251209,34500,56.88,0,5,,,2002,아파트,중개거래,서울 강서구
2025,11560,영등포구,13200,신길동,1,대지,67,1,경남,20251209,96000,59.96,0,5,,,1999,아파트,중개거래,서울 영등포구
2025,11200,성동구,11800,송정동,1,대지,90,0,건영,20251209,88500,59.83,0,9,,,2000,아파트,중개거래,서울 성동구
2025,11710,송파구,11100,방이동,1,대지,170,20,거산빌라C,20251209,36700,50.52,25,4,,,1993,연립다세대,중개거래,서울 송파구
2025,11590,동작구,10900,신대방동,1,대지,348,59,거북하이츠빌라,20251209,50000,73.8,43,3,,,2003,연립다세대,중개거래,서울 동작구
2025,11680,강남구,10300,개포동,1,대지,1242,2,개포현대6차,20251209,175500,133.19,0,5,,,1993,아파트,중개거래,서울 강남구
2025,11500,강서구,10300,화곡동,1,대지,1165,0,강서힐스테이트,20251209,150700,128.81,0,3,,,2015,아파트,중개거래,서울 강서구
2025,11560,영등포구,11700,당산동,1,대지,376,0,강변래미안,20251209,159800,79.43,0,11,,,2002,아파트,중개거래,서울 영등포구
2025,11740,강동구,10500,길동,1,대지,474,0,강동LG자이,20251209,142700,84.88,0,7,,,2003,아파트,중개거래,"서울 강남구, 서울 강동구"
2025,11680,강남구,11200,자곡동,1,대지,619,0,강남자곡 힐스테이트,20251209,160000,84.39,0,13,,,2015,아파트,중개거래,서울 강남구
2025,11680,강남구,11200,자곡동,1,대지,619,0,강남자곡 힐스테이트,20251209,133000,59.93,0,9,,,2015,아파트,중개거래,서울 강남구
2025,11680,강남구,11500,수서동,1,대지,795,0,강남데시앙포레,20251209,212000,84.92,0,6,,,2014,아파트,중개거래,서울 강남구
2025,11710,송파구,10700,가락동,1,대지,138,0,가락미륭아파트,20251209,144000,50,0,1,,,1986,아파트,중개거래,서울 송파구
2025,11710,송파구,10700,가락동,1,대지,95,1,가락금호아파트,20251209,168000,59.91,0,23,,,1997,아파트,중개거래,서울 송파구
2025,11500,강서구,10100,염창동,1,대지,309,0,e편한세상염창,20251209,90000,51.756,0,14,,,2019,아파트,중개거래,서울 강서구
2025,11260,중랑구,10300,중화동,1,대지,324,54,TheH중화3차,20251209,26500,27.55,20,4,,,2020,연립다세대,중개거래,서울 서초구
2025,11215,광진구,10100,중곡동,1,대지,234,33,Laguna록hill,20251209,35000,33.42,18,3,,,2015,연립다세대,중개거래,서울 광진구
2025,11410,서대문구,12000,남가좌동,1,대지,385,0,DMC파크뷰자이3단지,20251209,135000,84.99,0,18,,,2015,아파트,중개거래,"서울 서대문구, 서울 서초구"
2025,11410,서대문구,12000,남가좌동,1,대지,385,0,DMC파크뷰자이3단지,20251209,124000,59.981,0,14,,,2015,아파트,중개거래,서울 서대문구
2025,11410,서대문구,12000,남가좌동,1,대지,385,0,DMC파크뷰자이2단지,20251209,146000,84.99,0,28,,,2015,아파트,중개거래,서울 서대문구
2025,11410,서대문구,11900,북가좌동,1,대지,481,0,DMC래미안e편한세상,20251209,166000,120.95,0,7,,,2012,아파트,중개거래,서울 서대문구
2025,11440,마포구,12700,상암동,1,대지,1653,0,DMC 이안상암2단지,20251209,66000,89.29,114.08,22,,,2007,오피스텔,중개거래,서울 마포구
2025,11230,동대문구,11000,이문동,1,대지,256,222,256-222,20251209,40000,29.95,19,4,,,2015,연립다세대,직거래,
2025,11260,중랑구,10100,면목동,1,대지,647,5,(647-5),20251209,25000,29.71,20,3,,,2019,연립다세대,중개거래,서울 중랑구
2025,11380,은평구,10400,갈현동,1,대지,518,35,(518-35),20251209,18500,41.5,28,1,,,1986,연립다세대,중개거래,서울 은평구
2025,11500,강서구,10300,화곡동,1,대지,362,67,(362-67),20251209,17000,41.1,27,1,,,1986,연립다세대,중개거래,서울 양천구
2025,11440,마포구,12200,합정동,1,대지,438,27,선우쉐르빌(나동),20251209,59700,74.31,36,3,,,2002,연립다세대,중개거래,서울 마포구
2025,11110,종로구,18400,부암동,1,대지,40,5,삼일빌라,20251209,8000,38.75,7,-1,,,1989,연립다세대,중개거래,서울 종로구
2025,11560,영등포구,12700,양평동3가,1,대지,24,0,삼천리,20251209,109000,84.94,0,17,,,2000,아파트,중개거래,"서울 양천구, 서울 영등포구"
2025,11560,영등포구,13200,신길동,1,대지,897,1,삼환,20251209,99300,59.53,0,4,,,1997,아파트,중개거래,서울 영등포구
2025,11350,노원구,10500,상계동,1,대지,1282,0,상계2차중앙하이츠,20251209,59800,59.82,0,18,,,1998,아파트,중개거래,"서울 강남구, 서울 노원구"
2025,11350,노원구,10500,상계동,1,대지,666,0,상계주공10(고층),20251209,46000,45.77,0,10,,,1988,아파트,중개거래,서울 노원구
2025,11350,노원구,10500,상계동,1,대지,626,0,상계주공14(고층),20251209,40000,45.55,0,14,,,1989,아파트,중개거래,서울 노원구
2025,11350,노원구,10500,상계동,1,대지,740,0,상계주공2(고층),20251209,46500,41.3,0,10,,,1987,아파트,중개거래,서울 노원구
2025,11320,도봉구,10700,창동,1,대지,300,0,상아2차아파트,20251209,59000,58.59,0,6,,,1988,아파트,중개거래,서울 도봉구
2025,11440,마포구,12700,상암동,1,대지,1752,0,상암월드컵파크9단지,20251209,75000,84.89,0,5,,,2010,아파트,중개거래,서울 마포구
2025,11200,성동구,10700,행당동,1,대지,349,0,서울숲 한신 더 휴,20251209,159000,59.94,0,13,,,2003,아파트,중개거래,서울 성동구
2025,11380,은평구,10300,불광동,1,대지,281,50,서원피렌체,20251209,20000,21.98,8,8,,,2017,연립다세대,중개거래,서울 은평구
2025,11620,관악구,10200,신림동,1,대지,1724,0,서초,20251209,60000,77.75,0,11,,,2003,아파트,중개거래,서울 관악구
2025,11650,서초구,10800,서초동,1,대지,1330,0,서초동삼성쉐르빌2,20251209,64500,52.83,0,15,,,2002,아파트,중개거래,서울 서초구
2025,11470,양천구,10200,목동,1,대지,655,3,선경빌라,20251209,27000,44.92,23,-1,,,1994,연립다세대,중개거래,서울 강남구
2025,11710,송파구,10400,송파동,1,대지,17,7,선영빌라,20251209,63500,66.23,30,5,,,2001,연립다세대,중개거래,서울 송파구
2025,11620,관악구,10200,신림동,1,대지,98,353,성도아트빌,20251209,35000,66.58,34,2,,,2003,연립다세대,중개거래,서울 관악구
2025,11710,송파구,10100,잠실동,1,대지,236,8,(236-8),20251209,102500,101.87,56,4,,,2002,연립다세대,중개거래,서울 송파구
2025,11200,성동구,11500,성수동2가,1,대지,301,86,(301-86),20251209,18900,19.44,11,5,,,2012,연립다세대,중개거래,서울 성동구
2025,11470,양천구,10100,신정동,1,대지,998,10,목동건향파크빌6차,20251209,41500,28.326,18,3,,,2019,연립다세대,중개거래,서울 양천구
2025,11470,양천구,10100,신정동,1,대지,972,2,목동경동미르웰,20251209,13300,14.02,0,11,,,2017,아파트,중개거래,서울 양천구
2025,11470,양천구,10200,목동,1,대지,903,0,목동신시가지3,20251209,230000,64.98,0,4,,,1986,아파트,중개거래,서울 양천구
2025,11470,양천구,10200,목동,1,대지,903,0,목동신시가지3,20251209,310000,122.35,0,3,,,1986,아파트,중개거래,서울 양천구
2025,11470,양천구,10100,신정동,1,대지,314,0,목동신시가지8,20251209,175000,54.94,0,3,,,1987,아파트,중개거래,서울 양천구
2025,11470,양천구,10100,신정동,1,대지,337,0,목동우성2,20251209,128500,113.91,0,11,,,2000,아파트,중개거래,서울 양천구
2025,11545,금천구,10200,독산동,1,대지,1022,93,문성빌(1022-93),20251209,39000,31.56,25,4,,,2023,연립다세대,직거래,
2025,11200,성동구,12200,용답동,1,대지,28,9,물댄동산,20251209,54500,21.38,14,3,,,2023,연립다세대,직거래,
2025,11380,은평구,10700,응암동,1,대지,766,0,백련산파크자이,20251209,73000,49.759,0,7,,,2021,아파트,중개거래,"서울 강남구, 서울 은평구"
2025,11710,송파구,10800,문정동,1,대지,8,10,베루스송파,20251209,40200,38,27,5,,,2017,연립다세대,중개거래,서울 송파구
2025,11200,성동구,10200,하왕십리동,1,대지,258,0,벽산,20251209,144500,84.94,0,4,,,1996,아파트,중개거래,서울 성동구
2025,11620,관악구,10100,봉천동,1,대지,1718,0,벽산블루밍,20251209,89000,59.99,0,8,,,2005,아파트,중개거래,서울 관악구
2025,11410,서대문구,11900,북가좌동,1,대지,449,0,북가좌삼호,20251209,83000,75.75,0,15,,,1996,아파트,중개거래,서울 서대문구
2025,11410,서대문구,11800,홍은동,1,대지,464,0,북한산더샵,20251209,128000,84.832,0,12,,,2017,아파트,중개거래,서울 서대문구
2025,11380,은평구,10300,불광동,1,대지,641,0,북한산현대힐스테이트3차아파트,20251209,84500,59.99,0,10,,,2010,아파트,중개거래,서울 은평구
2025,11680,강남구,11400,일원동,1,대지,638,18,블루미어3차,20251209,69000,18.04,18,3,,,2024,연립다세대,중개거래,서울 강남구
2025,11590,동작구,10700,사당동,1,대지,105,0,사당우성2,20251209,169000,108.08,0,1,,,1993,아파트,중개거래,서울 동작구
2025,11560,영등포구,13200,신길동,1,대지,4934,0,삼성래미안,20251209,110000,84.91,0,19,,,2001,아파트,중개거래,서울 영등포구
2025,11290,성북구,10100,성북동,1,대지,179,208,삼성아트빌3차,20251209,70000,49.87,23,-1,,,2020,연립다세대,중개거래,"경기 성남시 중원구, 서울 성북구"
2025,11230,동대문구,10200,용두동,1,대지,787,0,동의보감타워,20251209,34000,68.4,93.699,18,,20260113,2005,오피스텔,중개거래,서울 동대문구
2025,11740,강동구,10100,명일동,1,대지,270,0,삼익가든,20251209,154000,82.45,0,10,,,1984,아파트,중개거래,서울 강동구
2025,11320,도봉구,10500,쌍문동,1,대지,56,0,삼익세라믹,20251209,41000,58.77,0,6,,,1988,아파트,중개거래,서울 도봉구
2025,11710,송파구,10200,신천동,1,대지,17,0,파크리오,20251209,284500,84.9,0,27,,,2008,아파트,중개거래,서울 송파구
2025,11680,강남구,10100,역삼동,1,대지,709,5,테헤란아이파크,20251209,310000,80.199,0,10,,,2014,아파트,중개거래,서울 강남구
2025,11620,관악구,10200,신림동,1,대지,1698,0,태흥,20251209,41000,59.86,0,3,,,1995,아파트,중개거래,서울 관악구
2025,11350,노원구,10300,공릉동,1,대지,81,0,태강아파트(아이파크),20251209,52800,49.6,0,10,,,1999,아파트,중개거래,서울 노원구
2025,11350,노원구,10300,공릉동,1,대지,81,0,태강아파트(아이파크),20251209,53000,49.6,0,7,,,1999,아파트,중개거래,"서울 노원구, 서울 도봉구"
2025,11545,금천구,10200,독산동,1,대지,951,17,정우펠리스,20251209,34000,29.42,11,8,,,2023,연립다세대,직거래,
2025,11680,강남구,11800,도곡동,1,대지,467,29,타워팰리스3,20251209,545000,163.567,0,48,,,2004,아파트,중개거래,서울 강남구
2025,11380,은평구,10200,녹번동,1,대지,142,89,킴스하임(142-89),20251209,26000,15.68,12,4,,,2021,연립다세대,중개거래,서울 은평구
2025,11560,영등포구,13300,대림동,1,대지,607,1,코오롱,20251209,91000,59.94,0,22,,,1998,아파트,중개거래,서울 영등포구
2025,11500,강서구,10300,화곡동,1,대지,1139,0,초록,20251209,97500,84.07,0,7,,,1998,아파트,중개거래,서울 강서구
2025,11140,중구,13600,묵정동,1,대지,11,2,충무,20251209,55000,54.18,0,3,,,1982,아파트,중개거래,서울 중구
2025,11500,강서구,10600,내발산동,1,대지,676,23,청솔샤르망1001동,20251209,60500,84.744,0,1,,,2004,아파트,중개거래,서울 강서구
2025,11500,강서구,10600,내발산동,1,대지,673,2,청솔101동,20251209,67700,84.533,0,1,,,2001,아파트,중개거래,서울 강서구
2025,11320,도봉구,10800,도봉동,1,대지,573,22,진주12,20251209,12000,41.54,34,1,,,1987,연립다세대,중개거래,서울 도봉구
2025,11230,동대문구,10400,전농동,1,대지,620,47,청량리역롯데캐슬 SKY-L65,20251209,175200,84.981,0,25,,,2023,아파트,중개거래,서울 동대문구
2025,11500,강서구,10200,등촌동,1,대지,702,0,주공10,20251209,87000,58.14,0,4,,,1995,아파트,중개거래,서울 강서구
2025,11260,중랑구,10400,묵동,1,대지,237,118,천우네오젠,20251209,26000,28.45,17,6,,,2020,연립다세대,중개거래,서울 중랑구
2025,11710,송파구,11400,마천동,1,대지,370,9,월봉아트빌(가동),20251209,97000,57.68,27,3,,,2002,연립다세대,중개거래,서울 송파구
2025,11350,노원구,10500,상계동,1,대지,1256,0,은빛2단지,20251209,44300,49.77,0,9,,,1998,아파트,중개거래,서울 노원구
2025,11170,용산구,12500,한강로2가,1,대지,2,132,위너스타워,20251209,40000,40.05,52.27,11,,,2012,오피스텔,중개거래,서울 서초구
2025,11290,성북구,13300,정릉동,1,대지,435,0,중앙하이츠빌2단지,20251209,80000,84.682,0,4,,,2005,아파트,중개거래,서울 성북구
2025,11710,송파구,11100,방이동,1,대지,136,10,유성빌,20251209,36700,41.92,24,4,,,2015,연립다세대,중개거래,서울 송파구
2025,11740,강동구,10500,길동,1,대지,415,5,중앙하이츠강동,20251209,63000,44.278,0,10,,,2024,아파트,중개거래,서울 강동구
2025,11110,종로구,17500,숭인동,1,대지,2,1,종로센트레빌,20251209,112500,84.92,0,10,,,2008,아파트,중개거래,서울 종로구
2025,11545,금천구,10200,독산동,1,대지,936,3,해비치빌(936-3),20251209,23500,29.4,17,3,,20251217,2014,연립다세대,중개거래,서울 금천구
2025,11440,마포구,12600,중동,1,대지,391,0,중동계룡아파트,20251209,86000,84.6,0,12,,,2000,아파트,중개거래,서울 마포구
2025,11470,양천구,10200,목동,1,대지,948,0,월드메르디앙2,20251209,122000,84.3,0,13,,,2003,아파트,중개거래,서울 양천구
2025,11470,양천구,10100,신정동,1,대지,737,27,조양그랜드맨션,20251209,42500,81.93,50,1,,,1998,연립다세대,중개거래,서울 양천구
2025,11350,노원구,10600,중계동,1,대지,588,0,양지마을(대림)2,20251209,108000,114.81,0,8,,20251211,1999,아파트,중개거래,서울 노원구
2025,11590,동작구,10700,사당동,1,대지,240,15,제일,20251209,104500,60.03,0,3,,,1987,아파트,중개거래,서울 동작구
2025,11350,노원구,10600,중계동,1,대지,512,0,중계무지개,20251209,41900,39.82,0,3,,,1991,아파트,중개거래,"서울 노원구, 인천 계양구"
2025,11290,성북구,13300,정릉동,1,대지,195,54,정릉하이빌,20251209,20700,46.25,27,4,,,2014,연립다세대,중개거래,서울 성북구
2025,11170,용산구,12100,용문동,1,대지,32,42,정원프라임빌,20251209,30000,22,13,5,,,2013,연립다세대,중개거래,서울 용산구
2025,11110,종로구,17400,창신동,1,대지,702,0,창신쌍용1,20251209,77000,79.87,0,12,,,1992,아파트,중개거래,서울 종로구
2025,11500,강서구,10200,등촌동,1,대지,702,0,주공10,20251209,62000,37.67,0,10,,,1995,아파트,중개거래,서울 강서구
2025,11320,도봉구,10700,창동,1,대지,743,23,창동역블루핀2동,20251209,54000,65.83,0,6,,,2020,아파트,중개거래,서울 도봉구
2025,11350,노원구,10300,공릉동,1,대지,424,7,유성빌라,20251209,12000,40.46,32,-1,,,1993,연립다세대,중개거래,서울 노원구
2025,11500,강서구,10300,화곡동,1,대지,366,32,이도트라움2,20251209,27680,33.29,19,6,,,2018,연립다세대,중개거래,서울 강서구
2025,11320,도봉구,10800,도봉동,1,대지,30,1,한신,20251209,59000,84.94,0,12,,,1995,아파트,중개거래,서울 도봉구
2025,11680,강남구,10100,역삼동,1,대지,777,30,한빛위너스,20251209,55000,29.09,18,2,,,2016,연립다세대,중개거래,서울 강남구
2025,11500,강서구,10400,가양동,1,대지,1495,0,한보구암마을,20251209,92000,84.39,0,17,,,1999,아파트,중개거래,서울 강서구
2025,11740,강동구,10500,길동,1,대지,323,1,주풍그린빌,20251209,85000,139.61,0,1,,,1996,아파트,중개거래,서울 강동구
2025,11350,노원구,10200,월계동,1,대지,944,0,풍림아이원,20251209,79000,59.149,0,3,,,2005,아파트,중개거래,서울 노원구
2025,11710,송파구,10100,잠실동,1,대지,27,0,주공아파트 5단지,20251209,417500,81.75,0,7,,,1978,아파트,중개거래,"서울 강남구, 서울 송파구"
2025,11305,강북구,10100,미아동,1,대지,791,1014,풀내음파크빌(791-1014),20251209,25500,72.04,29,-1,,,2013,연립다세대,중개거래,서울 강북구
2025,11305,강북구,10100,미아동,1,대지,160,3,푸르지오시티,20251209,13500,18.647,0,15,,,2014,아파트,중개거래,서울 강북구
2025,11350,노원구,10500,상계동,1,대지,680,0,포레나노원,20251209,124000,84.908,0,26,,,2020,아파트,중개거래,서울 노원구
2025,11710,송파구,10800,문정동,1,대지,618,0,파크하비오,20251209,19900,25.12,31.74,12,,,null,오피스텔,중개거래,서울 송파구
2025,11710,송파구,10800,문정동,1,대지,618,0,파크하비오,20251209,19800,25.08,31.79,15,,,null,오피스텔,중개거래,서울 송파구
2025,11290,성북구,11200,삼선동2가,1,대지,296,0,창경궁 롯데캐슬 시그니처,20251209,117515,59.951,0,14,입주권,,0,아파트,중개거래,"서울 성북구, 서울 송파구"
2025,11350,노원구,10600,중계동,1,대지,364,12,주공6,20251209,44000,44.1,0,8,,,1993,아파트,중개거래,서울 노원구
2025,11680,강남구,11800,도곡동,1,대지,464,0,한신(개포),20251208,288000,52.73,0,5,,20260109,1985,아파트,중개거래,서울 강남구
2025,11350,노원구,10500,상계동,1,대지,652,0,상계주공11(고층),20251208,60000,59.39,0,9,,,1988,아파트,중개거래,서울 노원구
2025,11350,노원구,10500,상계동,1,대지,647,0,상계주공12(고층),20251208,57700,58.01,0,10,,,1988,아파트,중개거래,서울 노원구
2025,11350,노원구,10500,상계동,1,대지,730,2,상계주공3(고층),20251208,108000,84.2,0,4,,,1987,아파트,중개거래,서울 노원구
2025,11590,동작구,10200,상도동,1,대지,159,45,상도타운2차,20251208,49000,76.44,38,4,,,2003,연립다세대,중개거래,서울 동작구
2025,11350,노원구,10600,중계동,1,대지,505,0,상아,20251208,74500,72.73,0,9,,,1989,아파트,중개거래,서울 노원구
2025,11215,광진구,10300,구의동,1,대지,554,5,상평그린빌,20251208,43500,79.33,39,3,,,2001,연립다세대,중개거래,서울 광진구
2025,11650,서초구,10100,방배동,1,대지,3281,0,서리풀프라젠아파트,20251208,158000,78.69,0,4,,,2020,아파트,중개거래,서울 서초구
2025,11650,서초구,10800,서초동,1,대지,1601,10,서초어반하이 오피스텔,20251208,21000,19.3,33.47,15,,,2018,오피스텔,중개거래,서울 서초구
2025,11710,송파구,10500,석촌동,1,대지,24,14,석촌호수 나인파크 B,20251208,26000,19.34,35.78,9,,,null,오피스텔,중개거래,서울 송파구
2025,11740,강동구,10800,성내동,1,대지,206,1,성내애스테이1차,20251208,42000,56.2,33,6,,,2018,연립다세대,직거래,
2025,11440,마포구,12300,망원동,1,대지,461,20,성원빌라,20251208,43000,36.59,27,-1,,,1991,연립다세대,중개거래,서울 마포구
2025,11215,광진구,10500,자양동,1,대지,806,3,세명쉐르빌2차,20251208,75000,55.98,37,2,,,2016,연립다세대,중개거래,서울 광진구
2025,11500,강서구,10300,화곡동,1,대지,791,16,소담밸리스B동,20251208,15000,29.75,17,5,,,2013,연립다세대,중개거래,서울 강서구
2025,11710,송파구,10800,문정동,1,대지,620,0,송파푸르지오시티,20251208,24200,29.97,39.07,3,,,2013,오피스텔,중개거래,서울 송파구
2025,11680,강남구,11500,수서동,1,대지,713,0,수서현대벤쳐빌,20251208,36000,47.81,68.29,9,,,2002,오피스텔,중개거래,서울 강남구
2025,11470,양천구,10100,신정동,1,대지,733,31,수정,20251208,38500,47.16,0,5,,,1987,아파트,중개거래,서울 양천구
2025,11530,구로구,10200,구로동,1,대지,106,10,순영웰라이빌1차,20251208,52700,59.5,0,19,,,2003,아파트,중개거래,서울 구로구
2025,11350,노원구,10300,공릉동,1,대지,715,0,시영3차(라이프)아파트,20251208,31500,34.44,0,8,,,1994,아파트,중개거래,서울 노원구
2025,11560,영등포구,13200,신길동,1,대지,4967,0,신길파크자이,20251208,160000,59.97,0,12,,,2022,아파트,중개거래,서울 영등포구
2025,11590,동작구,10100,노량진동,1,대지,325,0,신동아리버파크,20251208,145000,84.88,0,6,,,2001,아파트,중개거래,서울 동작구
2025,11740,강동구,10600,둔촌동,1,대지,546,0,신성둔촌미소지움1,20251208,144000,84.86,0,22,,,1998,아파트,중개거래,서울 강동구
2025,11500,강서구,10300,화곡동,1,대지,354,85,신영베르디움,20251208,23200,28.07,18,3,,,2019,연립다세대,직거래,
2025,11470,양천구,10200,목동,1,대지,324,97,신한목동펠리스,20251208,32000,24.9,15,3,,,2022,연립다세대,중개거래,서울 강서구
2025,11710,송파구,10300,풍납동,1,대지,401,1,쌍용,20251208,145000,84.86,0,16,,,1994,아파트,중개거래,서울 송파구
2025,11320,도봉구,10700,창동,1,대지,807,0,쌍용,20251208,107500,135,0,21,,,1997,아파트,중개거래,서울 도봉구
2025,11710,송파구,10100,잠실동,1,대지,86,0,아시아선수촌아파트,20251208,566000,151.008,0,7,,,1986,아파트,중개거래,서울 송파구
2025,11710,송파구,10700,가락동,1,대지,101,3,아키죤아파트1동,20251208,80000,75.29,0,4,,,2002,아파트,중개거래,서울 송파구
2025,11290,성북구,12100,안암동1가,1,대지,361,0,안암동삼성래미안,20251208,98000,84.868,0,11,,,2005,아파트,중개거래,서울 성북구
2025,11650,서초구,10200,양재동,1,대지,373,1,양지하이츠(373-1),20251208,59000,44.07,19,4,,,1997,연립다세대,중개거래,서울 서초구
2025,11320,도봉구,10700,창동,1,대지,609,16,에덴맨션,20251208,19000,47.94,22,1,,,1997,연립다세대,중개거래,"서울 강북구, 서울 도봉구"
2025,11305,강북구,10100,미아동,1,대지,1353,0,에스케이북한산시티,20251208,61500,59.98,0,10,,,2004,아파트,중개거래,서울 강북구
2025,11305,강북구,10100,미아동,1,대지,1353,0,에스케이북한산시티,20251208,71750,84.86,0,10,,,2004,아파트,중개거래,서울 강북구
2025,11305,강북구,10100,미아동,1,대지,1353,0,에스케이북한산시티,20251208,79100,114.85,0,3,,,2004,아파트,중개거래,서울 강북구
2025,11260,중랑구,10200,상봉동,1,대지,484,0,"엘지,쌍용아파트",20251208,64500,68.12,0,12,,,1996,아파트,중개거래,서울 중랑구
2025,11710,송파구,10700,가락동,1,대지,16,1,가락현대골든빌라(3차),20251208,60000,84.36,48,2,,,1991,연립다세대,중개거래,서울 송파구
2025,11545,금천구,10300,시흥동,1,대지,1013,0,관악산벽산타운5,20251208,56700,84.97,0,15,,,2004,아파트,중개거래,서울 금천구
2025,11620,관악구,10200,신림동,1,대지,1735,1,관악산휴먼시아1단지,20251208,60000,59.99,0,16,,,2008,아파트,중개거래,서울 관악구
2025,11260,중랑구,10100,면목동,1,대지,377,2,SD찬누리채,20251208,23000,33.08,19,5,,,2011,연립다세대,중개거래,서울 중랑구
2025,11545,금천구,10200,독산동,1,대지,972,7,JJ팰리스3차,20251208,43900,39.66,29,3,,,2023,연립다세대,중개거래,서울 금천구
2025,11260,중랑구,10100,면목동,1,대지,410,3,"거성파크빌(A동,B동)",20251208,40700,56.2,34,3,,,2012,연립다세대,중개거래,서울 중랑구
2025,11410,서대문구,12000,남가좌동,1,대지,385,0,DMC파크뷰자이4단지,20251208,134000,84.968,0,14,,,2015,아파트,중개거래,서울 서대문구
2025,11410,서대문구,12000,남가좌동,1,대지,385,0,DMC파크뷰자이2단지,20251208,149800,84.968,0,8,,,2015,아파트,중개거래,서울 서대문구
2025,11410,서대문구,11900,북가좌동,1,대지,481,0,DMC래미안e편한세상,20251208,138000,84.95,0,7,,,2012,아파트,중개거래,서울 서대문구
2025,11500,강서구,10400,가양동,1,대지,1500,0,강서한강자이,20251208,150000,84.99,0,8,,,2013,아파트,중개거래,서울 강서구
2025,11380,은평구,10100,수색동,1,대지,416,1,DMC 진흥,20251208,61500,57.503,0,9,,,2003,아파트,중개거래,서울 은평구
2025,11380,은평구,10100,수색동,1,대지,416,1,DMC 진흥,20251208,61500,57.503,0,9,,,2003,아파트,중개거래,서울 은평구
2025,11740,강동구,10500,길동,1,대지,327,31,327에비뉴,20251208,38000,29.43,21,2,,,2019,연립다세대,중개거래,서울 강동구
2025,11740,강동구,10500,길동,1,대지,327,31,327에비뉴,20251208,20500,14.11,10,5,,,2019,연립다세대,중개거래,서울 강동구
2025,11230,동대문구,10500,답십리동,1,대지,75,23,(75-23),20251208,26700,54.67,43,1,,,1986,연립다세대,직거래,
2025,11680,강남구,10300,개포동,1,대지,1283,0,개포자이르네,20251208,113500,50.866,0,4,,,2022,아파트,직거래,
2025,11740,강동구,10800,성내동,1,대지,444,4,강동네스빌,20251208,48000,48.19,0,5,,,2002,아파트,중개거래,서울 강동구
2025,11680,강남구,11100,세곡동,1,대지,579,0,강남엘에이치1단지,20251208,170000,59.89,0,5,,20260303,2013,아파트,중개거래,"서울 강남구, 서울 송파구"
2025,11680,강남구,11100,세곡동,1,대지,579,0,강남엘에이치1단지,20251208,170000,59.89,0,5,,,2013,아파트,중개거래,"서울 강남구, 서울 송파구"
2025,11530,구로구,10700,개봉동,1,대지,60,82,거성푸르뫼2,20251208,40700,59.9,0,15,,,1994,아파트,중개거래,서울 구로구
2025,11380,은평구,10400,갈현동,1,대지,541,1,갈현건영,20251208,40000,59.99,0,7,,,2001,아파트,중개거래,서울 은평구
2025,11350,노원구,10400,하계동,1,대지,271,3,건영,20251208,55000,53.14,0,7,,,1988,아파트,중개거래,"서울 강남구, 서울 노원구"
2025,11560,영등포구,13200,신길동,1,대지,364,0,건영,20251208,106000,95.64,0,10,,,1985,아파트,중개거래,서울 영등포구
2025,11710,송파구,10100,잠실동,1,대지,317,8,가희주택,20251208,42800,34.02,18,2,,,2003,연립다세대,중개거래,서울 송파구
2025,11350,노원구,10600,중계동,1,대지,505,0,경남,20251208,44000,50.97,0,1,,,1989,아파트,직거래,
2025,11260,중랑구,10600,신내동,1,대지,804,0,경남아너스빌,20251208,61000,70.39,0,2,,,2007,아파트,중개거래,서울 중랑구
2025,11215,광진구,10500,자양동,1,대지,650,47,경운하이츠,20251208,97000,52.81,41,3,,,2015,연립다세대,중개거래,서울 광진구
2025,11110,종로구,11800,내수동,1,대지,72,0,경희궁의 아침 3단지,20251208,31300,37.5,48.95,5,,,2004,오피스텔,중개거래,서울 종로구
2025,11110,종로구,17700,평동,1,대지,233,0,경희궁자이(3단지),20251208,250000,84.835,0,4,,,2017,아파트,중개거래,서울 종로구
2025,11740,강동구,10300,상일동,1,대지,519,0,고덕아르테온,20251208,190000,84.97,0,1,,,2020,아파트,중개거래,서울 강동구
2025,11620,관악구,10100,봉천동,1,대지,858,6,WD세븐스,20251208,24200,17.22,23.67,8,,,2020,오피스텔,중개거래,서울 관악구
2025,11500,강서구,10200,등촌동,1,대지,530,24,SK파크리움(530-24),20251208,32500,29.79,17,4,,,2020,연립다세대,직거래,
2025,11410,서대문구,10300,합동,1,대지,116,0,SK리쳄블,20251208,28000,41.08,56.2,10,,,2005,오피스텔,중개거래,서울 서대문구
2025,11440,마포구,12500,성산동,1,대지,50,10,골든빌오피스텔,20251208,12300,25.9,33.87,4,,,2003,오피스텔,중개거래,서울 마포구
2025,11440,마포구,11000,노고산동,1,대지,107,17,우정마샹스 오피스텔,20251208,9000,13.52,19.11,13,,,2006,오피스텔,중개거래,서울 마포구
2025,11230,동대문구,10900,휘경동,1,대지,57,0,주공1,20251208,84000,84.84,0,4,,,2001,아파트,중개거래,서울 동대문구
2025,11410,서대문구,11100,홍제동,1,대지,470,0,제일아파트,20251208,72000,80.11,0,3,,,2015,아파트,중개거래,서울 서대문구
2025,11140,중구,16500,황학동,1,대지,1200,0,위너빌(Winnervill),20251208,36000,25.42,0,6,,,2018,아파트,중개거래,경기 성남시 수정구
2025,11410,서대문구,10200,충정로3가,1,대지,3,10,노벨아트빌,20251208,124000,62.553,36,3,,20260203,2003,연립다세대,중개거래,서울 서대문구
2025,11530,구로구,10800,오류동,1,대지,168,9,천안주택(나),20251208,16000,33.6,33,-1,,,1991,연립다세대,직거래,
2025,11350,노원구,10500,상계동,1,대지,749,5,상계주공4(고층),20251208,62000,58.01,0,8,,20260123,1988,아파트,중개거래,서울 노원구
2025,11560,영등포구,10500,영등포동4가,1,대지,443,0,영등포 센트럴 푸르지오 시티,20251208,45000,48.29,67.93,20,,,2013,오피스텔,중개거래,서울 영등포구
2025,11470,양천구,10300,신월동,1,대지,1017,0,대방샤인힐,20251208,50000,59.648,0,14,,20260106,2003,아파트,중개거래,서울 양천구
2025,11560,영등포구,12500,양평동1가,1,대지,265,1,영등포자이 디그니티,20251208,203000,84.906,0,21,입주권,,0,아파트,중개거래,서울 영등포구
2025,11350,노원구,10600,중계동,1,대지,110,8,영신하이츠(110-8),20251208,9500,49.11,21,1,,,1992,연립다세대,중개거래,경기 남양주시
2025,11320,도봉구,10700,창동,1,대지,815,0,창동2차현대,20251208,94000,95.633,0,5,,,2001,아파트,중개거래,서울 도봉구
2025,11710,송파구,10100,잠실동,1,대지,175,12,올림픽타워,20251208,29750,34.02,50.66,8,,,2004,오피스텔,중개거래,서울 송파구
2025,11710,송파구,10700,가락동,1,대지,96,1,우성,20251208,218000,109.25,0,14,,,1986,아파트,중개거래,서울 송파구
2025,11170,용산구,12300,신계동,1,대지,48,0,용산e편한세상,20251208,215000,84.89,0,3,,,2011,아파트,중개거래,서울 용산구
2025,11560,영등포구,13200,신길동,1,대지,4501,0,우창,20251208,120000,55.9,0,4,,,1983,아파트,중개거래,서울 영등포구
2025,11560,영등포구,11000,여의도동,1,대지,54,0,진주,20251208,218000,48.26,0,4,,,1977,아파트,중개거래,"경기 성남시 분당구, 서울 영등포구"
2025,11350,노원구,10400,하계동,1,대지,167,19,중원빌라,20251208,19500,47.83,20,1,,,1999,연립다세대,중개거래,서울 노원구
2025,11290,성북구,13300,정릉동,1,대지,435,0,중앙하이츠빌2단지,20251208,65000,84.95,0,9,,,2005,아파트,중개거래,서울 성북구
2025,11500,강서구,10200,등촌동,1,대지,702,0,주공10,20251208,60000,37.67,0,2,,,1995,아파트,중개거래,"서울 강서구, 서울 마포구"
2025,11230,동대문구,10900,휘경동,1,대지,57,0,주공1,20251208,93500,114.73,0,2,,,2001,아파트,중개거래,"서울 광진구, 서울 동대문구"
2025,11215,광진구,10500,자양동,1,대지,654,28,장희빌라,20251208,40000,51.84,21,-1,,,1993,연립다세대,중개거래,서울 광진구
2025,11230,동대문구,10400,전농동,1,대지,103,139,이레뜰(103-139),20251208,39000,19.18,12,4,,,2015,연립다세대,중개거래,"서울 동대문구, 서울 성동구"
2025,11290,성북구,13300,정릉동,1,대지,1033,0,우정에쉐르,20251208,67000,84.92,0,8,,,2009,아파트,중개거래,서울 성북구
2025,11440,마포구,12600,중동,1,대지,398,0,울트라월드컵(참누리),20251208,121000,84.94,0,3,,,2006,아파트,중개거래,서울 마포구
2025,11470,양천구,10200,목동,1,대지,324,103,월드메르디앙(324-103),20251208,26800,29.58,18,4,,,2017,연립다세대,중개거래,서울 양천구
2025,11710,송파구,10700,가락동,1,대지,12,0,이든하우스,20251208,29900,27.74,17,4,,,2016,연립다세대,중개거래,서울 송파구
2025,11380,은평구,11400,진관동,1,대지,60,0,은평뉴타운솔하임,20251208,14000,18.717,29.344,13,,,2017,오피스텔,중개거래,서울 은평구
2025,11530,구로구,10800,오류동,1,대지,152,13,"우석빌라(가,나,다)",20251208,30500,57.12,47,3,,,1987,연립다세대,중개거래,서울 구로구
2025,11170,용산구,12900,이촌동,1,대지,399,1,우성,20251208,211500,58.2,0,5,,,1995,아파트,중개거래,서울 용산구
2025,11200,성동구,11500,성수동2가,1,대지,289,290,테라289,20251208,36000,15.03,22.305,9,,,2021,오피스텔,직거래,
2025,11470,양천구,10300,신월동,1,대지,128,0,태헌(신월프라자),20251208,22000,56.97,0,7,,,1999,아파트,중개거래,서울 양천구
2025,11710,송파구,10900,장지동,1,대지,901,0,위례24단지(꿈에그린),20251208,140000,51.77,0,11,,,2013,아파트,중개거래,"서울 강남구, 서울 송파구"
2025,11260,중랑구,10200,상봉동,1,대지,497,0,태영데시앙1,20251208,84500,84.935,0,5,,,2003,아파트,중개거래,서울 중랑구
2025,11680,강남구,10100,역삼동,1,대지,605,17,태건 강남 헤븐리치 더써밋 761,20251208,20900,14.77,23.1,13,,,2021,오피스텔,중개거래,서울 강남구
2025,11230,동대문구,10500,답십리동,1,대지,493,5,클래식타워,20251208,11000,32.8,46.1,7,,,1999,오피스텔,중개거래,서울 동대문구
2025,11215,광진구,10700,화양동,1,대지,21,23,케이타워 오피스텔 A,20251208,14700,19.78,27.39,9,,,2013,오피스텔,중개거래,서울 광진구
2025,11410,서대문구,10300,합동,1,대지,117,0,충정로대우디오빌,20251208,21800,29.26,36.86,14,,,2006,오피스텔,중개거래,서울 서대문구
2025,11410,서대문구,11700,연희동,1,대지,745,0,연희자이엘라,20251208,16000,13.642,0,11,,,2014,아파트,중개거래,서울 마포구
2025,11440,마포구,10900,염리동,1,대지,520,0,염리삼성래미안,20251208,155000,59.52,0,5,,,2001,아파트,중개거래,서울 마포구
2025,11680,강남구,10400,청담동,1,대지,134,18,청담르엘,20251208,530000,84.919,0,27,입주권,,0,아파트,중개거래,서울 강남구
2025,11470,양천구,10200,목동,1,대지,548,3,벽담주택(548-3),20251208,28000,54.63,31,5,,,2006,연립다세대,중개거래,서울 양천구
2025,11200,성동구,12200,용답동,1,대지,236,5,삼호오피스텔,20251208,9800,26.25,34.38,9,,,1991,오피스텔,중개거래,서울 성동구
2025,11200,성동구,12200,용답동,1,대지,236,5,삼호오피스텔,20251208,8700,23.41,31.71,2,,,1991,오피스텔,중개거래,서울 성동구
2025,11740,강동구,10700,암사동,1,대지,491,22,삼정하우스,20251208,38800,29.83,18,4,,,2020,연립다세대,중개거래,서울 강동구
2025,11470,양천구,10200,목동,1,대지,539,8,삼익그린빌라(539),20251208,29200,55.95,26,2,,,1992,연립다세대,중개거래,서울 양천구
2025,11740,강동구,10100,명일동,1,대지,15,0,삼익그린2차,20251208,150000,54.81,0,6,,,1983,아파트,중개거래,서울 강동구
2025,11740,강동구,10700,암사동,1,대지,491,1,"삼성아트빌(A,B동)",20251208,31700,29.95,18,2,,,2013,연립다세대,중개거래,서울 강동구
2025,11620,관악구,10200,신림동,1,대지,1714,0,삼성산주공(주공3단지),20251208,71000,113.31,0,19,,,2000,아파트,중개거래,서울 관악구
2025,11140,중구,17100,중림동,1,대지,200,0,삼성사이버빌리지,20251208,170000,84.93,0,2,,,2001,아파트,중개거래,서울 중구
2025,11305,강북구,10100,미아동,1,대지,812,0,삼성래미안트리베라2단지,20251208,88500,84.15,0,3,,,2010,아파트,중개거래,"서울 강북구, 서울 성북구"
2025,11680,강남구,10500,삼성동,1,대지,141,10,삼성동 롯데캐슬 클라쎄,20251208,33000,21.872,32.4898,12,,,2019,오피스텔,직거래,
2025,11740,강동구,10700,암사동,1,대지,508,0,삼성광나루,20251208,126000,59.69,0,13,,,2002,아파트,중개거래,서울 강동구
2025,11740,강동구,10900,천호동,1,대지,337,61,뷰클래식하우스,20251208,50000,29.73,21,2,,,2019,연립다세대,중개거래,서울 송파구
2025,11320,도봉구,10700,창동,1,대지,825,0,북한산아이파크5차,20251208,120000,101.917,0,14,,,2004,아파트,직거래,
2025,11380,은평구,10300,불광동,1,대지,71,16,북한산대창센시티,20251208,79650,114.5,0,6,,,2004,아파트,중개거래,서울 은평구
2025,11350,노원구,10500,상계동,1,대지,639,0,보람아파트,20251208,47500,54.59,0,8,,,1988,아파트,중개거래,서울 노원구
2025,11590,동작구,10900,신대방동,1,대지,724,0,보라매자이더포레스트,20251208,158500,84.773,0,5,,,2021,아파트,중개거래,서울 동작구
2025,11305,강북구,10100,미아동,1,대지,1354,0,벽산라이브파크,20251208,55300,59.67,0,15,,,2004,아파트,중개거래,서울 강북구
2025,11545,금천구,10300,시흥동,1,대지,1010,0,벽산,20251208,50000,84.99,0,19,,,2000,아파트,중개거래,"서울 강동구, 서울 금천구"
2025,11545,금천구,10300,시흥동,1,대지,1010,0,벽산,20251208,41200,59.94,0,8,,,2000,아파트,중개거래,서울 금천구
2025,11545,금천구,10300,시흥동,1,대지,818,1,백조파크빌A동,20251208,27000,66.77,29,4,,,2002,연립다세대,중개거래,서울 성북구
2025,11380,은평구,10700,응암동,1,대지,760,0,백련산힐스테이트2차,20251208,88000,84.59,0,10,,,2011,아파트,중개거래,"서울 서대문구, 서울 은평구"
2025,11500,강서구,10900,방화동,1,대지,814,0,방화5,20251208,42000,39.6,0,1,,,1994,아파트,중개거래,서울 강서구
2025,11290,성북구,11900,동선동4가,1,대지,319,12,반석리치빌,20251208,24900,29.92,22,3,,,2018,연립다세대,중개거래,경기 부천시 소사구
2025,11710,송파구,11400,마천동,1,대지,1,16,미주맨션,20251208,20000,46.26,41,-1,,,1990,연립다세대,중개거래,서울 송파구
2025,11710,송파구,10800,문정동,1,대지,145,0,문정시영,20251208,59800,25.65,0,9,,,1989,아파트,중개거래,서울 송파구
2025,11470,양천구,10200,목동,1,대지,961,0,목동 현대 하이페리온2,20251208,197000,94.486,122.831,9,,,2006,오피스텔,중개거래,서울 양천구
2025,11440,마포구,12200,합정동,1,대지,472,0,마포한강푸르지오,20251208,200000,84.64,0,13,,,2015,아파트,중개거래,서울 마포구
2025,11500,강서구,10600,내발산동,1,대지,753,0,마곡수명산파크4단지,20251208,109500,84.53,0,3,,,2008,아파트,중개거래,서울 강서구
2025,11290,성북구,13400,길음동,1,대지,1289,0,롯데캐슬클라시아,20251208,157500,84.769,0,7,,,2022,아파트,중개거래,서울 성북구
2025,11440,마포구,11500,상수동,1,대지,340,5,人행복,20251208,59500,29.24,20,3,,,2023,연립다세대,중개거래,"서울 마포구, 서울 서대문구"
2025,11530,구로구,10700,개봉동,1,대지,478,0,한진,20251208,63000,84.96,0,7,,,2000,아파트,중개거래,서울 구로구
2025,11530,구로구,10700,개봉동,1,대지,481,0,현대,20251208,77500,59.94,0,14,,,2001,아파트,중개거래,서울 구로구
2025,11410,서대문구,10900,현저동,1,대지,200,0,독립문극동(200-0),20251208,133000,84.87,0,21,,,1998,아파트,중개거래,서울 서대문구
2025,11620,관악구,10300,남현동,1,대지,1079,2,도화엘리시아,20251208,40000,43.42,32,3,,,2018,연립다세대,중개거래,서울 서초구
2025,11230,동대문구,10300,제기동,1,대지,743,0,도현주택(A.B동),20251208,58000,51.37,31,6,,,2022,연립다세대,직거래,
2025,11500,강서구,10300,화곡동,1,대지,1033,2,더클래식,20251208,40500,45.69,28,5,,,2018,연립다세대,중개거래,서울 강서구
2025,11680,강남구,10100,역삼동,1,대지,744,17,더클래스,20251208,62500,29.62,18,2,,,2022,연립다세대,중개거래,서울 강남구
2025,11500,강서구,10200,등촌동,1,대지,638,0,서광등촌마을아파트,20251208,85000,59.96,0,18,,20260109,1999,아파트,중개거래,"서울 강서구, 서울 마포구"
2025,11590,동작구,10700,사당동,1,대지,303,41,한백리치빌Ⅲ,20251208,52800,69.12,37,2,,,2007,연립다세대,중개거래,서울 동작구
2025,11650,서초구,10600,잠원동,1,대지,71,11,한신타워,20251208,277000,59.4,0,5,,,1996,아파트,중개거래,서울 서초구
2025,11590,동작구,10100,노량진동,,,,,,20251208,293000,75.7,198,,,,1960,단독다가구,중개거래,서울 성동구
2025,11410,서대문구,11100,홍제동,1,대지,474,0,홍제역해링턴플레이스,20251208,148000,84.95,0,3,,,2024,아파트,중개거래,"서울 서대문구, 서울 송파구"
2025,11440,마포구,12300,망원동,1,대지,509,0,휴먼빌,20251208,120700,84.963,0,9,,,2004,아파트,중개거래,서울 마포구
2025,11530,구로구,11200,항동,1,대지,241,0,한양수자인에듀힐즈,20251208,85500,84.954,0,10,,,2019,아파트,중개거래,서울 구로구
2025,11290,성북구,10200,성북동1가,1,대지,35,22,휴아름스튜디오,20251208,20600,16.53,0,11,,,2015,아파트,중개거래,서울 성북구
2025,11320,도봉구,10500,쌍문동,1,대지,309,7,흥산아트빌,20251208,25000,60.75,33,3,,,2003,연립다세대,중개거래,"서울 강북구, 서울 도봉구"
2025,11305,강북구,10300,수유동,,,,,,20251208,59500,142.48,155,,,,1982,단독다가구,중개거래,서울 도봉구
2025,11710,송파구,10300,풍납동,,,,,,20251208,189000,389.86,175,,,,1995,단독다가구,중개거래,서울 송파구
2025,11410,서대문구,11900,북가좌동,1,대지,348,3,한양아트빌(348-3),20251208,109000,80.57,43,3,,,2005,연립다세대,중개거래,"서울 서대문구, 서울 은평구"
2025,11260,중랑구,10100,면목동,1,대지,175,17,더베스트빌,20251208,50500,42.23,22,7,,,2023,연립다세대,중개거래,서울 중랑구
2025,11230,동대문구,10500,답십리동,1,대지,492,4,답십리한화오벨리스크,20251208,15100,31.93,42.987,6,,,2004,오피스텔,중개거래,서울 동대문구
2025,11380,은평구,10900,신사동,1,대지,355,0,현대2,20251208,54500,84.83,0,4,,,1994,아파트,중개거래,"서울 관악구, 서울 은평구"
2025,11710,송파구,10300,풍납동,1,대지,508,0,한강극동,20251208,149000,84.76,0,4,,,1995,아파트,중개거래,서울 송파구
2025,11380,은평구,10600,대조동,1,대지,88,0,힐스테이트 메디알레,20251208,109650,59.91,0,22,입주권,,0,아파트,중개거래,서울 은평구
2025,11470,양천구,10100,신정동,1,대지,1293,0,학마을1단지,20251208,54800,49.99,0,6,,,2000,아파트,중개거래,서울 양천구
2025,11215,광진구,10900,군자동,1,대지,117,42,더라임,20251208,58000,47.01,30,2,,,2021,연립다세대,직거래,
2025,11710,송파구,10700,가락동,1,대지,185,3,프라임1,20251208,51000,74.785,38,2,,,2009,연립다세대,중개거래,서울 송파구
2025,11680,강남구,10100,역삼동,1,대지,720,25,대우디오빌,20251208,75000,59.15,0,20,,,2002,아파트,중개거래,서울 강남구
2025,11740,강동구,10700,암사동,1,대지,413,0,프라이어팰리스,20251208,175000,114.272,0,21,,,2007,아파트,중개거래,서울 강동구
2025,11740,강동구,10900,천호동,1,대지,425,5,대우 한강 베네시티,20251208,32000,47.28,61.52,4,,,2007,오피스텔,중개거래,서울 강동구
2025,11545,금천구,10200,독산동,1,대지,920,6,프라우드22,20251208,22700,23.72,15,4,,,2022,연립다세대,직거래,
2025,11560,영등포구,11300,당산동3가,1,대지,564,0,당산계룡리슈빌1단지,20251208,70500,38.77,0,4,,,2014,아파트,중개거래,서울 영등포구
2025,11260,중랑구,10500,망우동,1,대지,137,1,현대빌라,20251208,25500,57.87,65,1,,,1988,연립다세대,중개거래,서울 중랑구
2025,11260,중랑구,10100,면목동,1,대지,64,39,펠리체빌,20251208,22000,37.675,24,2,,,2012,연립다세대,중개거래,서울 중랑구
2025,11590,동작구,10200,상도동,1,대지,210,285,대왕주택(210-285),20251208,39000,50.43,30,4,,,2014,연립다세대,중개거래,서울 동작구
2025,11590,동작구,10800,대방동,1,대지,508,0,대방1차e-편한세상,20251208,166000,84.32,0,8,,,2003,아파트,중개거래,"서울 동작구, 서울 마포구"
2025,11680,강남구,10800,논현동,1,대지,106,0,펜트힐캐스케이드,20251208,85000,43.01,0,10,,,2023,아파트,중개거래,서울 강남구
2025,11440,마포구,10300,신공덕동,1,대지,172,0,펜트라우스,20251208,227000,152.85,0,3,,,2011,아파트,중개거래,서울 마포구
2025,11710,송파구,10800,문정동,1,대지,618,0,파크하비오,20251208,42000,48.96,62.05,6,,,null,오피스텔,중개거래,서울 송파구
2025,11710,송파구,10800,문정동,1,대지,70,5,파빌리온,20251208,26000,24.94,14,5,,,2018,연립다세대,중개거래,서울 송파구
2025,11410,서대문구,11800,홍은동,1,대지,202,5,"현대(1,2차)",20251208,81500,84.77,0,8,,,1988,아파트,중개거래,서울 서대문구
2025,11440,마포구,12200,합정동,1,대지,438,20,대명풀하우스2,20251208,34000,29.56,19,2,,,2016,연립다세대,중개거래,서울 마포구
2025,11410,서대문구,12000,남가좌동,1,대지,390,0,래미안루센티아,20251208,136000,84.84,0,5,,,2020,아파트,중개거래,서울 서대문구
2025,11680,강남구,10600,대치동,1,대지,1027,0,래미안대치팰리스,20251208,530000,94.49,0,17,,,2015,아파트,중개거래,서울 강남구
2025,11380,은평구,10300,불광동,1,대지,248,0,라이프미성,20251208,67000,66.7,0,1,,,1988,아파트,중개거래,서울 은평구
2025,11260,중랑구,10500,망우동,1,대지,477,51,디딤아트리움,20251208,35900,29.99,21,3,,,2023,연립다세대,직거래,
2025,11305,강북구,10300,수유동,1,대지,46,5,두온아파트,20251208,8000,30.29,34.24,2,,,2002,오피스텔,직거래,
2025,11110,종로구,12400,수송동,1,대지,58,0,두산위브파빌리온,20251208,64750,70.44,94.49,8,,,2004,오피스텔,중개거래,서울 종로구
2025,11290,성북구,13900,석관동,1,대지,10,0,두산,20251208,77000,59.97,0,22,,,1998,아파트,중개거래,서울 노원구
2025,11560,영등포구,10600,영등포동5가,1,대지,49,1,현대프라자,20251208,60500,59.96,0,16,,,1999,아파트,중개거래,서울 영등포구
2025,11350,노원구,10300,공릉동,1,대지,644,31,해성쉐르빌,20251208,35500,64.95,37,1,,,2004,연립다세대,중개거래,서울 노원구
2025,11545,금천구,10300,시흥동,1,대지,837,21,해강플레이스,20251208,50800,47.02,27,5,,,2025,연립다세대,직거래,
2025,11530,구로구,10200,구로동,1,대지,1278,0,구로두산위브,20251208,51750,36.88,0,15,,,2006,아파트,중개거래,"서울 구로구, 서울 마포구"
2025,11470,양천구,10300,신월동,1,대지,1007,3,금성주택,20251208,7750,41.2,26,-1,,,1988,연립다세대,중개거래,서울 양천구
2025,11710,송파구,11400,마천동,1,대지,567,3,동승빌라,20251208,100000,58.8,29,2,,,1993,연립다세대,중개거래,서울 송파구
2025,11740,강동구,10800,성내동,1,대지,517,22,동산빌라(517-22),20251208,25300,41.2,27,-1,,,1986,연립다세대,중개거래,서울 강동구
2025,11500,강서구,10600,내발산동,1,대지,730,0,길성그랑프리텔,20251208,79500,84.99,0,10,,,2003,아파트,중개거래,서울 강서구
2025,11410,서대문구,12000,남가좌동,1,대지,376,0,남가좌동현대,20251208,79000,59.4,0,11,,,1999,아파트,중개거래,서울 서대문구
2025,11410,서대문구,12000,남가좌동,1,대지,376,0,남가좌동현대,20251208,79200,59.4,0,7,,,1999,아파트,중개거래,"서울 노원구, 서울 서대문구"
2025,11110,종로구,18700,무악동,1,대지,82,0,현대,20251208,139980,84.92,0,18,,,2000,아파트,중개거래,서울 종로구
2025,11560,영등포구,12000,문래동2가,1,대지,35,0,남성,20251208,105000,72.9,0,8,,,1983,아파트,중개거래,서울 영등포구
2025,11230,동대문구,10500,답십리동,1,대지,1006,0,누리마루,20251208,29200,29.16,23,6,,,2017,연립다세대,중개거래,서울 동대문구
2025,11530,구로구,10700,개봉동,1,대지,476,0,한마을,20251208,99000,123.46,0,9,,,1999,아파트,중개거래,서울 구로구
2025,11740,강동구,10200,고덕동,1,대지,630,0,누리안파크리움Ⅴ,20251208,55000,35.54,21,2,,,2022,연립다세대,중개거래,서울 강동구
2025,11650,서초구,10300,우면동,1,대지,59,0,동고,20251208,150000,77.14,0,2,,,1995,아파트,중개거래,서울 서초구
2025,11545,금천구,10200,독산동,1,대지,1088,0,독산주공14단지,20251208,52000,59.22,0,8,,,1990,아파트,중개거래,경기 광명시
2025,11290,성북구,13600,하월곡동,1,대지,225,0,래미안월곡,20251207,84700,59.754,0,4,,,2006,아파트,중개거래,서울 성북구
2025,11290,성북구,13800,장위동,1,대지,322,0,래미안포레카운티,20251207,108500,84.97,0,1,,,2021,아파트,중개거래,"서울 성동구, 서울 성북구"
2025,11470,양천구,10300,신월동,1,대지,1075,0,목동센트럴아이파크위브1단지,20251207,117000,84.98,0,2,,,2020,아파트,중개거래,서울 양천구
2025,11710,송파구,10800,문정동,1,대지,117,0,문정대우푸르지오3차,20251207,135000,84.96,0,10,,,2002,아파트,중개거래,서울 송파구
2025,11620,관악구,10100,봉천동,1,대지,1708,0,두산,20251207,106500,84.87,0,1,,,2000,아파트,중개거래,서울 관악구
2025,11545,금천구,10200,독산동,1,대지,1022,93,문성빌(1022-93),20251207,37900,31.85,25,4,,,2023,연립다세대,직거래,
2025,11650,서초구,10100,방배동,1,대지,763,23,롯데빌라트,20251207,57500,27.72,22,3,,,2010,연립다세대,중개거래,서울 서초구
2025,11200,성동구,11300,옥수동,1,대지,561,0,래미안 옥수 리버젠,20251207,229000,59.25,0,14,,,2012,아파트,중개거래,"서울 성동구, 인천 연수구"
2025,11440,마포구,10300,신공덕동,1,대지,173,0,대우월드마크마포,20251207,205000,121.27,0,18,,,2011,아파트,중개거래,서울 마포구
2025,11740,강동구,10800,성내동,1,대지,388,8,덕진빌라A동,20251207,27000,57.25,29,4,,,2008,연립다세대,중개거래,서울 강동구
2025,11320,도봉구,10800,도봉동,1,대지,625,33,라온누리,20251207,30000,59.77,31,5,,,2017,연립다세대,중개거래,서울 도봉구
2025,11620,관악구,10100,봉천동,1,대지,856,5,대우디오슈페리움1단지,20251207,84000,78.4,0,12,,,2007,아파트,중개거래,서울 관악구
2025,11260,중랑구,10100,면목동,1,대지,648,4,리더스,20251207,50000,41.43,26,4,,,2021,연립다세대,중개거래,서울 중랑구
2025,11740,강동구,10200,고덕동,1,대지,632,5,더힐스테이,20251207,38000,17.6,13,3,,,2023,연립다세대,중개거래,서울 송파구
2025,11500,강서구,10500,마곡동,1,대지,760,0,마곡나루역보타닉푸르지오시티,20251207,18800,21.86,31.17,7,,,2017,오피스텔,중개거래,서울 강서구
2025,11680,강남구,10600,대치동,1,대지,891,23,대우아이빌명문가(891-23),20251207,28400,34.2,0,8,,,2004,아파트,중개거래,서울 강남구
2025,11545,금천구,10200,독산동,1,대지,1022,93,문성빌(1022-93),20251207,38300,31.85,25,3,,,2023,연립다세대,직거래,
2025,11530,구로구,10100,신도림동,1,대지,645,0,동아3,20251207,120400,60,0,12,,,2000,아파트,중개거래,서울 구로구
2025,11260,중랑구,10100,면목동,1,대지,1511,0,두산3,20251207,78000,84.77,0,7,,,1995,아파트,중개거래,서울 중랑구
2025,11470,양천구,10200,목동,1,대지,318,244,목동브라운스톤,20251207,28000,57.08,30,4,,,2004,연립다세대,중개거래,서울 양천구
2025,11230,동대문구,10200,용두동,1,대지,792,0,래미안 허브리츠,20251207,130000,59.98,0,15,,,2011,아파트,중개거래,서울 동대문구
2025,11545,금천구,10200,독산동,1,대지,993,35,(캐슬빌라),20251207,20000,45.81,24,2,,,2002,연립다세대,중개거래,서울 금천구
2025,11680,강남구,10400,청담동,1,대지,12,8,청담그린빌,20251207,92000,84.47,55,4,,,2012,연립다세대,중개거래,서울 강남구
2025,11380,은평구,10200,녹번동,1,대지,105,14,한양빌라(105-14),20251207,22500,29.6,21,2,,,1991,연립다세대,중개거래,서울 은평구
2025,11305,강북구,10100,미아동,1,대지,705,1,한화포레나미아,20251207,70979,53.985,0,4,분양권,,0,아파트,중개거래,서울 강북구
2025,11170,용산구,10100,후암동,1,대지,400,3,(400-3),20251207,68000,29.15,17,2,,,1995,연립다세대,중개거래,서울 용산구
2025,11230,동대문구,10200,용두동,1,대지,39,413,주연스위트빌청량3,20251207,58000,29.73,19,3,,,2025,연립다세대,중개거래,서울 동대문구
2025,11215,광진구,10900,군자동,1,대지,477,4,(477-4),20251207,45000,47.11,26,4,,,2004,연립다세대,중개거래,서울 광진구
2025,11740,강동구,10900,천호동,1,대지,425,3,천호역 한강 푸르지오시티,20251207,17300,25.5,36.28,19,,,2015,오피스텔,중개거래,서울 강동구
2025,11500,강서구,10900,방화동,1,대지,620,214,(620-214),20251207,10000,27.37,40.37,10,,,2011,오피스텔,중개거래,서울 강서구
2025,11170,용산구,10900,청파동1가,1,대지,1,13,(1-13),20251207,62000,18.38,13,4,,,2020,연립다세대,중개거래,서울 용산구
2025,11260,중랑구,10100,면목동,1,대지,69,15,하나맨션,20251207,56000,73.48,34,1,,,2002,연립다세대,중개거래,서울 중랑구
2025,11200,성동구,11100,금호동3가,1,대지,1187,0,(1187-0),20251207,29500,41.52,26,-1,,,1993,연립다세대,중개거래,서울 성동구
2025,11380,은평구,10400,갈현동,1,대지,516,25,천지베스트빌,20251207,23000,28.03,17,5,,,2020,연립다세대,중개거래,서울 광진구
2025,11530,구로구,10200,구로동,1,대지,1280,0,한신휴플러스(1280-0),20251207,75500,58.03,0,15,,,2007,아파트,중개거래,서울 구로구
2025,11650,서초구,10800,서초동,1,대지,1595,2,(1595-2),20251207,13000,28.8,34.85,3,,,1990,오피스텔,중개거래,서울 서초구
2025,11230,동대문구,10500,답십리동,1,대지,1001,0,한신휴플러스그린파크,20251207,89000,59.92,0,2,,,2010,아파트,중개거래,"서울 강동구, 서울 동대문구"
2025,11710,송파구,10100,잠실동,1,대지,226,4,(226-4),20251207,59990,29.98,19,3,,,2019,연립다세대,중개거래,서울 송파구
2025,11440,마포구,11800,당인동,1,대지,15,40,세종빌리지3,20251207,73800,37.55,32,3,,,2008,연립다세대,중개거래,서울 마포구
2025,11590,동작구,10200,상도동,1,대지,214,350,쉐어하우스,20251207,54000,74.11,43,4,,,2012,연립다세대,중개거래,서울 강남구
2025,11230,동대문구,10400,전농동,1,대지,103,36,백산하이츠빌라,20251207,30000,35.12,19,2,,,1994,연립다세대,중개거래,서울 동대문구
2025,11440,마포구,10100,아현동,1,대지,346,3,스카이빌아현,20251207,47500,26.76,10,9,,,2021,연립다세대,중개거래,서울 서대문구
2025,11380,은평구,10300,불광동,1,대지,641,0,북한산현대힐스테이트3차아파트,20251207,103000,115.41,0,2,,,2010,아파트,중개거래,서울 은평구
2025,11590,동작구,10700,사당동,1,대지,432,18,사당빌라(432-18),20251207,68700,40.92,28,-1,,,1993,연립다세대,중개거래,"서울 동작구, 서울 중랑구"
2025,11620,관악구,10100,봉천동,1,대지,1703,0,봉천동아,20251207,104000,114.69,0,3,,,2000,아파트,중개거래,서울 관악구
2025,11170,용산구,12000,도원동,1,대지,23,0,삼성래미안,20251207,158000,59.94,0,8,,,2001,아파트,중개거래,"경기 수원시 장안구, 서울 송파구"
2025,11590,동작구,10100,노량진동,1,대지,249,32,삼성주택,20251207,209500,40.5,27,3,,,1991,연립다세대,중개거래,서울 동작구
2025,11590,동작구,10200,상도동,1,대지,408,0,상도동삼호아파트,20251207,96000,84.52,0,4,,,1994,아파트,중개거래,"서울 관악구, 충북 충주시"
2025,11380,은평구,10300,불광동,1,대지,641,0,북한산현대힐스테이트3차아파트,20251207,109500,115.41,0,13,,,2010,아파트,중개거래,서울 은평구
2025,11305,강북구,10100,미아동,1,대지,1354,0,벽산라이브파크,20251207,58000,59.67,0,15,,,2004,아파트,중개거래,서울 강북구
2025,11200,성동구,11800,송정동,1,대지,104,0,서울숲아이파크,20251207,126000,84.88,0,9,,,2009,아파트,중개거래,서울 성동구
2025,11380,은평구,10100,수색동,1,대지,418,0,DMCSKVIEW,20251207,149500,84.992,0,19,,,2023,아파트,중개거래,서울 은평구
2025,11545,금천구,10300,시흥동,1,대지,1008,0,금강,20251207,42500,59.95,0,14,,,2000,아파트,중개거래,서울 금천구
2025,11620,관악구,10100,봉천동,1,대지,875,1,관악캠퍼스타워,20251207,15000,25.86,0,15,,,1998,아파트,중개거래,서울 관악구
2025,11440,마포구,10200,공덕동,1,대지,476,0,공덕파크자이,20251207,238000,84.98,0,11,,,2015,아파트,중개거래,서울 강남구
2025,11530,구로구,10600,고척동,1,대지,76,14,고척동 헤리움 더원,20251207,16000,19.007,20.956,8,,,2021,오피스텔,중개거래,서울 구로구
2025,11110,종로구,11800,내수동,1,대지,72,0,경희궁의 아침 3단지,20251207,31000,37.5,48.95,6,,,2004,오피스텔,중개거래,서울 종로구
2025,11680,강남구,10100,역삼동,1,대지,825,24,강남역 효성해링턴 타워 더퍼스트,20251207,24600,24.71,32.68,10,,,2014,오피스텔,중개거래,"서울 강남구, 서울 서초구"
2025,11710,송파구,10700,가락동,1,대지,21,6,가락쌍용(2차),20251207,178000,84.42,0,22,,,1999,아파트,중개거래,서울 송파구
2025,11590,동작구,10500,흑석동,,,,,,20251207,104000,68.82,69,,,,1966,단독다가구,중개거래,서울 동작구
2025,11500,강서구,10800,공항동,1,대지,663,7,대림파크빌(663-7),20251207,29000,41.18,25,3,,,2014,연립다세대,중개거래,서울 강서구
2025,11530,구로구,10100,신도림동,1,대지,642,0,대림2,20251207,109000,59.88,0,6,,,2001,아파트,중개거래,서울 구로구
2025,11410,서대문구,11800,홍은동,1,대지,469,0,e편한세상홍제가든플라츠,20251207,110000,59.991,0,23,,,2023,아파트,중개거래,서울 서대문구
2025,11305,강북구,10300,수유동,1,대지,7,6,대광센트럴빌,20251207,49000,54.58,24,3,,,2022,연립다세대,직거래,
2025,11380,은평구,10700,응암동,1,대지,769,0,녹번역e편한세상캐슬,20251207,127000,84.97,0,1,,,2021,아파트,중개거래,서울 은평구
2025,11170,용산구,13300,서빙고동,1,대지,296,0,금호베스트빌1,20251207,205000,84.98,0,8,,,2002,아파트,중개거래,서울 용산구
2025,11350,노원구,10200,월계동,1,대지,942,0,월계역신도브래뉴,20251207,70000,84.513,0,9,,,2005,아파트,중개거래,서울 노원구
2025,11560,영등포구,11300,당산동3가,1,대지,559,0,쌍용예가클래식,20251207,134500,106.56,0,9,,,2010,아파트,중개거래,서울 영등포구
2025,11215,광진구,10300,구의동,1,대지,43,17,월드팰리스,20251207,45500,28.81,26,2,,,2019,연립다세대,중개거래,서울 광진구
2025,11560,영등포구,11300,당산동3가,1,대지,559,0,쌍용예가클래식,20251207,124500,77.5,0,7,,,2010,아파트,중개거래,서울 영등포구
2025,11710,송파구,10100,잠실동,1,대지,336,5,잠실포스코더샵,20251207,135000,84.95,0,3,,,2004,아파트,중개거래,서울 송파구
2025,11560,영등포구,11800,도림동,1,대지,820,0,쌍용플래티넘시티1단지,20251207,69000,86.54,104.56,6,,,2006,오피스텔,중개거래,서울 영등포구
2025,11590,동작구,10700,사당동,1,대지,1137,0,신동아5,20251207,69000,59.67,0,10,,,1998,아파트,직거래,
2025,11410,서대문구,11200,대현동,1,대지,37,32,영타운 지웰 에스테이트,20251207,18900,20.37,31.7857,10,,,2017,오피스텔,중개거래,서울 마포구
2025,11290,성북구,13900,석관동,1,대지,408,0,신동아파밀리에,20251207,82000,84.92,0,3,,,2011,아파트,중개거래,서울 성북구
2025,11650,서초구,10300,우면동,1,대지,8,9,위드빌1,20251207,89000,72.45,33,2,,,2001,연립다세대,중개거래,서울 서초구
2025,11290,성북구,10300,돈암동,1,대지,636,0,이수브라운스톤돈암,20251207,83400,59.99,0,13,,,2004,아파트,중개거래,서울 성북구
2025,11560,영등포구,13200,신길동,1,대지,4967,0,신길파크자이,20251207,179500,84.99,0,8,,,2022,아파트,중개거래,서울 영등포구
2025,11620,관악구,10200,신림동,1,대지,1694,0,신림현대,20251207,57800,59.85,0,15,,,1993,아파트,중개거래,서울 관악구
2025,11545,금천구,10300,시흥동,1,대지,891,9,신한예가플러스,20251207,25000,29.54,18,5,,,2016,연립다세대,중개거래,서울 금천구
2025,11260,중랑구,10600,신내동,1,대지,657,0,신내9진흥,20251207,31000,33.18,0,10,,,1996,아파트,중개거래,서울 중랑구
2025,11500,강서구,10100,염창동,1,대지,287,1,우성2,20251207,100000,84.7,0,6,,,1992,아파트,중개거래,서울 강서구
2025,11470,양천구,10300,신월동,1,대지,591,1,신안약수,20251207,73000,87.17,0,2,,,1985,아파트,중개거래,서울 양천구
2025,11710,송파구,10400,송파동,1,대지,91,3,정원,20251206,35000,27.22,17,3,,,2015,연립다세대,중개거래,서울 송파구
2025,11410,서대문구,11700,연희동,1,대지,88,11,정연지오빌ll,20251206,14400,25.53,32.43,4,,,2003,오피스텔,중개거래,서울 서대문구
2025,11290,성북구,13300,정릉동,1,대지,1025,0,정릉힐스테이트,20251206,81900,84.92,0,14,,,2004,아파트,중개거래,서울 성북구
2025,11350,노원구,10200,월계동,1,대지,923,0,초안1,20251206,26200,39.6,0,14,,,1998,아파트,중개거래,서울 노원구
2025,11140,중구,16500,황학동,1,대지,1153,0,청계아델리아 II,20251206,44000,44.18,70.8,8,,,null,오피스텔,중개거래,서울 중구
2025,11290,성북구,13300,정릉동,1,대지,239,0,정릉풍림아이원,20251206,65000,114.75,0,9,,,2005,아파트,중개거래,서울 성북구
2025,11290,성북구,13300,정릉동,1,대지,239,0,정릉풍림아이원,20251206,53000,59.88,0,14,,,2005,아파트,중개거래,서울 성북구
2025,11290,성북구,13300,정릉동,1,대지,406,0,정릉푸르지오,20251206,77500,84.89,0,18,,,2005,아파트,중개거래,서울 성북구
2025,11290,성북구,13300,정릉동,1,대지,1019,0,정릉성원상떼빌,20251206,55500,59.94,0,5,,,2000,아파트,중개거래,서울 성북구
2025,11530,구로구,10300,가리봉동,1,대지,775,2,재일파크8차,20251206,34200,74.55,32,3,,,2006,연립다세대,중개거래,서울 구로구
2025,11230,동대문구,10600,장안동,1,대지,573,0,장한평월드메르디앙,20251206,86000,84.55,0,9,,,2006,아파트,중개거래,서울 동대문구
2025,11620,관악구,10100,봉천동,1,대지,729,24,캐릭터 그린빌,20251206,27000,56.59,82.9,12,,,2000,오피스텔,중개거래,서울 동작구
2025,11410,서대문구,11100,홍제동,1,대지,318,26,클라우드빌1,20251206,43000,33.56,19,6,,,2014,연립다세대,중개거래,서울 서대문구
2025,11290,성북구,13400,길음동,1,대지,1284,0,길음뉴타운8단지(래미안),20251206,125000,84.82,0,11,,20260127,2010,아파트,중개거래,서울 성북구
2025,11500,강서구,10100,염창동,1,대지,298,0,일신건영휴먼빌,20251206,96000,84.93,0,13,,,2004,아파트,중개거래,서울 강서구
2025,11350,노원구,10300,공릉동,1,대지,81,0,태강아파트(아이파크),20251206,53000,49.6,0,15,,,1999,아파트,중개거래,서울 노원구
2025,11215,광진구,10900,군자동,1,대지,99,0,일성파크,20251206,76500,59.96,0,10,,,1996,아파트,중개거래,서울 광진구
2025,11110,종로구,10900,누상동,1,대지,166,55,인왕산빌라,20251206,27000,59.61,19,1,,20251206,1999,연립다세대,중개거래,서울 종로구
2025,11305,강북구,10100,미아동,1,대지,128,69,인성하이츠빌,20251206,34900,59.87,28,3,,,2002,연립다세대,중개거래,서울 강북구
2025,11710,송파구,10700,가락동,1,대지,166,6,테라펠리체송파,20251206,79500,44.035,0,5,,,2021,아파트,중개거래,서울 송파구
2025,11350,노원구,10300,공릉동,1,대지,217,23,이화빌라,20251206,10000,39.7,21,3,,,1992,연립다세대,중개거래,서울 노원구
2025,11290,성북구,10300,돈암동,1,대지,636,0,이수브라운스톤돈암,20251206,94000,84.97,0,18,,,2004,아파트,중개거래,서울 성북구
2025,11215,광진구,10400,광장동,1,대지,117,0,이성리베바움,20251206,79000,65.54,25,5,,,2013,연립다세대,중개거래,서울 강동구
2025,11140,중구,16200,신당동,1,대지,852,0,청구e편한세상,20251206,182000,84.95,0,10,,20260227,2011,아파트,중개거래,서울 중구
2025,11710,송파구,10400,송파동,1,대지,182,1,파인빌리지,20251206,49450,61.02,28,3,,,2003,연립다세대,중개거래,"서울 강남구, 서울 송파구"
2025,11710,송파구,10800,문정동,1,대지,618,0,파크하비오,20251206,72000,58.84,74.57,2,,,null,오피스텔,중개거래,서울 송파구
2025,11230,동대문구,11000,이문동,1,대지,427,0,이문2차푸르지오,20251206,77000,84.79,0,8,,,2007,아파트,중개거래,서울 동대문구
2025,11320,도봉구,10700,창동,1,대지,557,52,은행주택(102동),20251206,12000,33.88,19,5,,,2013,연립다세대,중개거래,서울 강북구
2025,11500,강서구,10300,화곡동,1,대지,1129,28,은하위너빌,20251206,31900,56.15,32,2,,,2008,연립다세대,중개거래,서울 강서구
2025,11380,은평구,11400,진관동,1,대지,150,0,은평뉴타운기자촌11단지,20251206,84000,84.94,0,2,,,2015,아파트,중개거래,서울 은평구
2025,11350,노원구,10500,상계동,1,대지,1255,0,은빛1단지,20251206,44500,49.77,0,14,,,1998,아파트,중개거래,서울 노원구
2025,11350,노원구,10500,상계동,1,대지,680,0,포레나노원,20251206,88600,59.986,0,5,,,2020,아파트,중개거래,서울 노원구
2025,11740,강동구,10900,천호동,1,대지,425,3,천호역 한강 푸르지오시티,20251206,17500,25.06,35.66,27,,,2015,오피스텔,중개거래,서울 강동구
2025,11680,강남구,10600,대치동,1,대지,316,0,은마,20251206,377000,76.79,0,6,,,1979,아파트,중개거래,서울 강남구
2025,11320,도봉구,10700,창동,1,대지,743,28,창동역블루핀1동,20251206,54000,65.83,0,9,,,2020,아파트,중개거래,"서울 도봉구, 서울 성동구"
2025,11230,동대문구,10500,답십리동,1,대지,36,46,유정홈타운,20251206,33000,42.46,23,1,,,2004,연립다세대,중개거래,서울 동대문구
2025,11380,은평구,10300,불광동,1,대지,333,1,웰튼빌,20251206,56500,58.06,37,2,,,2011,연립다세대,중개거래,서울 은평구
2025,11290,성북구,13600,하월곡동,1,대지,222,0,월곡두산위브,20251206,85000,84.843,0,3,,,2003,아파트,중개거래,서울 성북구
2025,11350,노원구,10500,상계동,1,대지,680,0,포레나노원,20251206,123500,84.972,0,18,,,2020,아파트,중개거래,서울 노원구
2025,11290,성북구,13600,하월곡동,1,대지,222,0,월곡두산위브,20251206,88000,84.843,0,12,,,2003,아파트,중개거래,서울 성북구
2025,11590,동작구,10200,상도동,1,대지,521,0,포스코더샵,20251206,150000,59.99,0,7,,,2007,아파트,중개거래,서울 동작구
2025,11230,동대문구,10600,장안동,1,대지,419,2,포에버빌,20251206,35000,43.03,27,6,,,2015,연립다세대,중개거래,서울 동대문구
2025,11290,성북구,13600,하월곡동,1,대지,222,0,월곡두산위브,20251206,84000,84.843,0,20,,,2003,아파트,중개거래,서울 성북구
2025,11290,성북구,13600,하월곡동,1,대지,222,0,월곡두산위브,20251206,77000,59.855,0,2,,,2003,아파트,중개거래,서울 성북구
2025,11500,강서구,10600,내발산동,1,대지,657,0,우장산힐스테이트,20251206,131500,59.98,0,9,,,2005,아파트,중개거래,"서울 강서구, 서울 마포구"
2025,11500,강서구,10300,화곡동,1,대지,1159,0,"우장산아이파크,이편한세상",20251206,125000,59.98,0,6,,,2008,아파트,중개거래,서울 강서구
2025,11590,동작구,10900,신대방동,1,대지,565,0,우성1차,20251206,107500,66.69,0,2,,,1988,아파트,중개거래,서울 동작구
2025,11560,영등포구,13200,신길동,1,대지,365,0,우성1,20251206,84500,49.64,0,6,,,1986,아파트,중개거래,"서울 강동구, 서울 영등포구"
2025,11530,구로구,10200,구로동,1,대지,23,0,우성(23),20251206,101500,84.95,0,4,,,1985,아파트,중개거래,"서울 구로구, 서울 영등포구"
2025,11380,은평구,10700,응암동,1,대지,236,7,푸른숲,20251206,37000,66.18,0,5,,,2011,아파트,중개거래,서울 은평구
2025,11380,은평구,11400,진관동,1,대지,81,0,우물골2단지두산위브(245~255동)BL2-6,20251206,116000,134.43,0,5,,,2009,아파트,중개거래,서울 은평구
2025,11170,용산구,12400,한강로1가,1,대지,50,1,용산파크자이,20251206,53000,42.39,57.93,29,,,2005,오피스텔,중개거래,서울 용산구
2025,11230,동대문구,10200,용두동,1,대지,794,0,용두롯데캐슬리치,20251206,150000,114.771,0,2,,,2015,아파트,중개거래,서울 동대문구
2025,11200,성동구,10200,하왕십리동,1,대지,1061,0,왕십리풍림아이원,20251206,134500,59.936,0,4,,,2004,아파트,중개거래,서울 성동구
2025,11110,종로구,18600,신영동,1,대지,213,1,완성주택,20251206,19000,44.46,73,1,,,1989,연립다세대,중개거래,경기 구리시
2025,11710,송파구,10400,송파동,1,대지,41,11,진흥하임빌A동,20251206,35000,29.59,20,2,,,2015,연립다세대,중개거래,서울 송파구
2025,11320,도봉구,10800,도봉동,1,대지,573,19,진주9,20251206,15000,37.69,29,2,,,1987,연립다세대,중개거래,서울 도봉구
2025,11650,서초구,10100,방배동,1,대지,789,13,주성빌라,20251206,42500,31.96,16,-1,,,2002,연립다세대,중개거래,서울 동작구
2025,11260,중랑구,10100,면목동,1,대지,174,7,지산빌라트,20251206,32000,65.73,29,2,,,2001,연립다세대,중개거래,서울 중랑구
2025,11290,성북구,13300,정릉동,1,대지,494,0,중앙하이츠빌1단지,20251206,72000,84.98,0,13,,,2004,아파트,중개거래,서울 성북구
2025,11740,강동구,10300,상일동,1,대지,476,0,중앙하이츠,20251206,120000,84.23,0,5,,,1992,아파트,중개거래,서울 강동구
2025,11500,강서구,10500,마곡동,1,대지,422,0,신안,20251206,82500,59.98,0,4,,20260106,1993,아파트,중개거래,서울 강서구
2025,11200,성동구,10600,사근동,1,대지,199,0,중앙하이츠,20251206,75000,71.85,0,7,,,1989,아파트,중개거래,서울 성동구
2025,11410,서대문구,11000,북아현동,1,대지,1,51,중앙빌라1-51,20251206,38000,61.11,26,2,,,1992,연립다세대,중개거래,서울 서대문구
2025,11350,노원구,10600,중계동,1,대지,502,1,중계그린1단지,20251206,64500,59.46,0,13,,,1990,아파트,중개거래,서울 노원구
2025,11350,노원구,10600,중계동,1,대지,502,1,중계그린1단지,20251206,58500,49.5,0,5,,,1990,아파트,중개거래,서울 노원구
2025,11350,노원구,10600,중계동,1,대지,78,0,진로유통조합대림,20251206,64000,84.94,0,2,,,1992,아파트,중개거래,서울 노원구
2025,11350,노원구,10600,중계동,1,대지,362,1,주공8,20251206,53500,49.72,0,8,,,1993,아파트,중개거래,서울 노원구
2025,11140,중구,16500,황학동,1,대지,1153,0,청계아델리아 II,20251206,43000,44.18,70.8,4,,,null,오피스텔,중개거래,서울 중구
2025,11350,노원구,10600,중계동,1,대지,363,1,주공7,20251206,39000,44.1,0,13,,,1993,아파트,중개거래,서울 노원구
2025,11140,중구,16200,신당동,1,대지,852,0,청구e편한세상,20251206,182000,84.95,0,10,,,2011,아파트,중개거래,서울 중구
2025,11500,강서구,10200,등촌동,1,대지,695,0,주공5,20251206,89000,58.14,0,14,,,1995,아파트,중개거래,서울 강서구
2025,11320,도봉구,10600,방학동,1,대지,734,0,청구아파트,20251206,55000,84.97,0,9,,,1994,아파트,중개거래,서울 도봉구
2025,11680,강남구,10400,청담동,1,대지,134,18,청담 르엘,20251206,635000,84.746,0,14,입주권,,0,아파트,중개거래,서울 강남구
2025,11305,강북구,10200,번동,1,대지,242,0,주공1단지,20251206,69500,79.07,0,10,,,1991,아파트,중개거래,서울 강북구
2025,11305,강북구,10200,번동,1,대지,242,0,주공1단지,20251206,54000,49.94,0,3,,,1991,아파트,중개거래,"경기 고양시 덕양구, 서울 강북구"
2025,11230,동대문구,10400,전농동,1,대지,620,47,청량리역롯데캐슬 SKY-L65,20251206,185000,84.971,0,56,,,2023,아파트,중개거래,서울 동대문구
2025,11710,송파구,11400,마천동,1,대지,43,3,(43-3),20251206,66000,37.62,19,1,,20260102,1991,연립다세대,중개거래,서울 송파구
2025,11350,노원구,10600,중계동,1,대지,582,0,청암3단지(582),20251206,59000,84.536,0,1,,,2003,아파트,중개거래,서울 노원구
2025,11140,중구,16200,신당동,1,대지,432,78,청운하이츠빌라14차,20251206,77500,90.04,49,3,,,2002,연립다세대,중개거래,서울 중구
2025,11110,종로구,17500,숭인동,1,대지,766,0,종로청계힐스테이트,20251206,114500,84.947,0,18,,,2009,아파트,중개거래,서울 종로구
2025,11410,서대문구,11800,홍은동,1,대지,9,708,종건빌라(다동),20251206,24200,71.33,62,2,,,1985,연립다세대,중개거래,서울 서대문구
2025,11470,양천구,10100,신정동,1,대지,319,26,젠트리빌 업무복합시설,20251206,84600,59.24,81.55,16,,,2023,오피스텔,직거래,
2025,11740,강동구,10700,암사동,1,대지,495,41,삼성빌라(495-41),20251206,50500,41.2,27,2,,,1986,연립다세대,중개거래,서울 강동구
2025,11305,강북구,10100,미아동,1,대지,812,0,삼성래미안트리베라2단지,20251206,79500,59.38,0,13,,,2010,아파트,중개거래,서울 강북구
2025,11530,구로구,10200,구로동,1,대지,256,1,삼성래미안,20251206,78500,56.036,0,10,,,2004,아파트,중개거래,서울 구로구
2025,11680,강남구,10500,삼성동,1,대지,16,2,삼성동힐스테이트 1단지,20251206,129700,26.5,0,17,,,2008,아파트,중개거래,서울 강남구
2025,11290,성북구,13400,길음동,1,대지,1276,0,삼부컨비니언,20251206,67800,59.94,0,10,,,1998,아파트,중개거래,서울 성북구
2025,11305,강북구,10100,미아동,1,대지,1357,0,삼각산아이원,20251206,72500,84.705,0,14,,,2003,아파트,중개거래,서울 강북구
2025,11560,영등포구,13200,신길동,1,대지,95,128,비아트,20251206,33500,29.05,21,5,,,2017,연립다세대,중개거래,서울 영등포구
2025,11350,노원구,10300,공릉동,1,대지,109,0,비선아파트,20251206,44900,48.6,0,6,,,1999,아파트,중개거래,서울 노원구
2025,11230,동대문구,10500,답십리동,1,대지,1003,0,래미안위브,20251206,151500,59.99,0,8,,,2014,아파트,중개거래,"서울 강남구, 서울 동대문구"
2025,11650,서초구,10800,서초동,1,대지,1486,17,비버리캐슬,20251206,118500,59.49,0,4,,,2020,아파트,중개거래,서울 서초구
2025,11560,영등포구,11000,여의도동,1,대지,525,0,브라이튼 여의도,20251206,70500,29.56,46.91,15,,,2023,오피스텔,중개거래,서울 영등포구
2025,11305,강북구,10100,미아동,1,대지,813,0,래미안트리베라1단지,20251206,84000,59.6,0,16,,,2010,아파트,중개거래,서울 강북구
2025,11305,강북구,10100,미아동,1,대지,813,0,래미안트리베라1단지,20251206,99500,84.97,0,10,,,2010,아파트,중개거래,서울 강북구
2025,11500,강서구,10200,등촌동,1,대지,691,3,부영,20251206,95000,80.64,0,4,,,1994,아파트,중개거래,서울 강서구
2025,11710,송파구,10700,가락동,1,대지,165,0,래미안파크팰리스,20251206,200000,84.924,0,1,,,2007,아파트,중개거래,서울 송파구
2025,11140,중구,16200,신당동,1,대지,851,0,래미안하이베르,20251206,165000,117,0,3,,,2011,아파트,중개거래,서울 중구
2025,11710,송파구,10100,잠실동,1,대지,232,10,런던빌(232-10),20251206,45000,29.87,18,3,,,2018,연립다세대,중개거래,서울 송파구
2025,11710,송파구,10100,잠실동,1,대지,232,10,런던빌(232-10),20251206,45000,29.87,18,2,,,2018,연립다세대,중개거래,서울 송파구
2025,11710,송파구,10500,석촌동,1,대지,245,12,레벤빌,20251206,26500,41.24,15,5,,,2012,연립다세대,중개거래,서울 송파구
2025,11620,관악구,10100,봉천동,1,대지,1698,1,보라매삼성,20251206,101000,84.84,0,2,,,1996,아파트,중개거래,"서울 관악구, 서울 동작구"
2025,11305,강북구,10100,미아동,1,대지,1354,0,벽산라이브파크,20251206,69800,114.68,0,8,,,2004,아파트,중개거래,서울 강북구
2025,11305,강북구,10100,미아동,1,대지,1354,0,벽산라이브파크,20251206,65000,84.89,0,13,,,2004,아파트,중개거래,서울 강북구
2025,11305,강북구,10100,미아동,1,대지,1354,0,벽산라이브파크,20251206,60000,60,0,7,,,2004,아파트,중개거래,"서울 강남구, 서울 강북구"
2025,11530,구로구,10600,고척동,1,대지,334,0,벽산,20251206,93000,84.878,0,8,,,2003,아파트,중개거래,서울 구로구
2025,11590,동작구,10200,상도동,1,대지,210,284,벧엘,20251206,30500,69.68,33,2,,,1997,연립다세대,중개거래,서울 동작구
2025,11260,중랑구,10600,신내동,1,대지,395,15,로뎀하이빌A.B동,20251206,49400,56.71,32,3,,,2023,연립다세대,직거래,
2025,11170,용산구,12100,용문동,1,대지,38,207,로얄데코빌,20251206,74000,56.43,27,3,,,2002,연립다세대,중개거래,서울 용산구
2025,11380,은평구,10500,구산동,1,대지,16,29,백합맨션(16-29),20251206,31500,73.17,44,1,,,1991,연립다세대,중개거래,서울 은평구
2025,11215,광진구,10500,자양동,1,대지,644,0,로얄동아,20251206,117000,59.91,0,10,,,1999,아파트,중개거래,서울 광진구
2025,11380,은평구,10700,응암동,1,대지,760,0,백련산힐스테이트2차,20251206,86000,84.59,0,13,,,2011,아파트,중개거래,서울 은평구
2025,11290,성북구,13400,길음동,1,대지,1287,1,롯데캐슬골든힐스,20251206,90000,59.928,0,11,,,2019,아파트,중개거래,서울 성북구
2025,11380,은평구,10700,응암동,1,대지,766,0,백련산파크자이,20251206,70000,49.759,0,4,,,2021,아파트,중개거래,서울 은평구
2025,11500,강서구,10900,방화동,1,대지,839,0,방화그린,20251206,52300,49.77,0,3,,,1993,아파트,중개거래,서울 강서구
2025,11500,강서구,10900,방화동,1,대지,839,0,방화그린,20251206,34700,33.6,0,7,,,1993,아파트,중개거래,서울 강서구
2025,11290,성북구,13400,길음동,1,대지,1289,0,롯데캐슬클라시아,20251206,135000,59.781,0,19,,,2022,아파트,중개거래,서울 성북구
2025,11650,서초구,10100,방배동,1,대지,807,22,방배하이빌10차,20251206,70000,45,25,4,,,2020,연립다세대,중개거래,서울 서초구
2025,11650,서초구,10100,방배동,1,대지,3001,2,방배디오슈페리움Ⅰ,20251206,57500,45.46,66.31,7,,,2006,오피스텔,중개거래,서울 서초구
2025,11650,서초구,10700,반포동,1,대지,54,5,반포두산힐스빌,20251206,125000,47.7,0,5,,,2001,아파트,중개거래,서울 서초구
2025,11410,서대문구,11800,홍은동,1,대지,440,1,반석블레스,20251206,71900,84.92,0,5,,,2013,아파트,직거래,
2025,11170,용산구,12900,이촌동,1,대지,301,170,반도,20251206,370000,197.46,0,2,,,1977,아파트,중개거래,서울 용산구
2025,11440,마포구,12300,망원동,1,대지,466,24,바우하우스(C),20251206,51500,47.17,34,4,,,2014,연립다세대,중개거래,서울 마포구
2025,11170,용산구,13600,보광동,1,대지,151,0,리버빌(삼성),20251206,150000,59.7,0,10,,,2000,아파트,중개거래,서울 용산구
2025,11560,영등포구,12900,양평동5가,1,대지,132,1,리버캐슬,20251206,49500,42.59,26,5,,,2019,연립다세대,중개거래,서울 영등포구
2025,11305,강북구,10100,미아동,1,대지,325,32,미아위드빌B,20251206,33700,48.68,31,5,,,2017,연립다세대,중개거래,서울 강북구
2025,11380,은평구,10700,응암동,1,대지,116,15,미성드림투유,20251206,7200,17.05,23.2,3,,,2002,오피스텔,중개거래,서울 은평구
2025,11380,은평구,10300,불광동,1,대지,442,78,미래홈타운,20251206,27500,40.92,31,4,,,2011,연립다세대,중개거래,서울 은평구
2025,11500,강서구,10500,마곡동,1,대지,734,0,마곡엠밸리1단지,20251206,143000,84.88,0,6,,,2014,아파트,중개거래,서울 강서구
2025,11500,강서구,10900,방화동,1,대지,852,0,마곡중앙하이츠아파트,20251206,39500,39.58,0,2,,,1994,아파트,중개거래,서울 강서구
2025,11215,광진구,10100,중곡동,1,대지,246,45,미래하우스,20251206,55000,40.335,25,2,,,2016,연립다세대,중개거래,서울 광진구
2025,11560,영등포구,13300,대림동,1,대지,751,46,미래스위트하우스디동,20251206,30500,29.58,21,4,,,2015,연립다세대,중개거래,서울 영등포구
2025,11440,마포구,12200,합정동,1,대지,473,0,마포 한강 2차 푸르지오,20251206,37000,25.7,41.7657,24,,,2016,오피스텔,중개거래,"서울 마포구, 서울 송파구"
2025,11710,송파구,10800,문정동,1,대지,145,0,문정시영,20251206,89000,39.69,0,11,,,1989,아파트,중개거래,서울 송파구
2025,11560,영등포구,10900,영등포동8가,1,대지,51,1,메이준,20251206,9800,17.44,25.56,8,,,2012,오피스텔,중개거래,서울 영등포구
2025,11710,송파구,10800,문정동,1,대지,145,0,문정시영,20251206,69800,35.46,0,7,,,1989,아파트,중개거래,서울 송파구
2025,11680,강남구,11400,일원동,1,대지,716,0,목련타운,20251206,317500,99.79,0,4,,,1993,아파트,중개거래,서울 강남구
2025,11470,양천구,10300,신월동,1,대지,1075,0,목동센트럴아이파크위브1단지,20251206,121200,84.97,0,19,,,2020,아파트,중개거래,서울 양천구
2025,11470,양천구,10100,신정동,1,대지,314,0,목동신시가지8,20251206,180000,54.94,0,11,,,1987,아파트,중개거래,서울 양천구
2025,11470,양천구,10100,신정동,1,대지,327,0,목동신시가지13,20251206,315000,151.76,0,15,,,1987,아파트,중개거래,서울 양천구
2025,11470,양천구,10300,신월동,1,대지,1076,0,목동센트럴아이파크위브2단지,20251206,121800,84.97,0,17,,,2020,아파트,중개거래,"경기 하남시, 서울 양천구"
2025,11470,양천구,10200,목동,1,대지,901,0,목동신시가지1,20251206,175000,47.52,0,14,,,1985,아파트,중개거래,서울 양천구
2025,11470,양천구,10100,신정동,1,대지,326,0,목동신시가지12,20251206,170000,53.46,0,12,,,1988,아파트,중개거래,서울 양천구
2025,11470,양천구,10100,신정동,1,대지,325,0,목동신시가지11,20251206,150500,51.48,0,1,,,1988,아파트,중개거래,"서울 강서구, 서울 양천구"
2025,11170,용산구,10800,서계동,1,대지,219,17,서울역풍림아이원플러스,20251206,25000,25.38,36.44,2,,20251229,2004,오피스텔,중개거래,서울 용산구
2025,11350,노원구,10500,상계동,1,대지,652,0,상계주공11(고층),20251206,54700,49.94,0,11,,,1988,아파트,중개거래,서울 노원구
2025,11350,노원구,10500,상계동,1,대지,765,0,상계주공1(저층),20251206,73000,84.41,0,3,,,1988,아파트,중개거래,서울 노원구
2025,11350,노원구,10200,월계동,1,대지,12,0,삼호4,20251206,67000,50.18,0,11,,,1987,아파트,중개거래,서울 노원구
2025,11680,강남구,11500,수서동,1,대지,708,0,삼익,20251206,210000,49.2,0,11,,,1992,아파트,중개거래,서울 강남구
2025,11740,강동구,10500,길동,1,대지,342,5,(342-5),20251206,25000,45.45,25,3,,20260126,2002,연립다세대,중개거래,서울 강동구
2025,11590,동작구,10100,노량진동,1,대지,330,0,삼익,20251206,88800,84.68,0,6,,,2001,아파트,중개거래,서울 동작구
2025,11500,강서구,10200,등촌동,1,대지,632,4,삼성한사랑1,20251206,84500,84.99,0,1,,,1997,아파트,중개거래,서울 강서구
2025,11290,성북구,13900,석관동,1,대지,410,0,래미안아트리치,20251206,108500,59.98,0,12,,,2019,아파트,중개거래,서울 성북구
2025,11170,용산구,12500,한강로2가,1,대지,422,0,래미안용산더센트럴,20251206,378000,135.27,0,33,,,2017,아파트,중개거래,서울 용산구
2025,11290,성북구,11500,삼선동5가,1,대지,40,0,삼성하이츠102동(40-0),20251206,35000,62.26,30,4,,,2002,연립다세대,중개거래,서울 성북구
2025,11620,관악구,10200,신림동,1,대지,1714,0,삼성산주공(주공3단지),20251206,57000,83.21,0,17,,,2000,아파트,중개거래,서울 관악구
2025,11170,용산구,13100,한남동,1,대지,1,349,시범,20251206,109500,59.5,0,4,,,1970,아파트,중개거래,"서울 성동구, 서울 용산구"
2025,11380,은평구,10200,녹번동,1,대지,134,12,예승빌라(134-12),20251206,50000,59.42,32,2,,,1996,연립다세대,중개거래,"서울 마포구, 서울 은평구"
2025,11560,영등포구,13200,신길동,1,대지,89,119,영모던빌,20251206,58000,30,19,3,,,2017,연립다세대,중개거래,"서울 강남구, 서울 영등포구"
2025,11560,영등포구,10500,영등포동4가,1,대지,443,0,영등포 센트럴 푸르지오 시티,20251206,22900,29.46,41.43,24,,,2013,오피스텔,중개거래,서울 영등포구
2025,11410,서대문구,11800,홍은동,1,대지,294,52,연희주택-라동,20251206,18400,35.56,22,1,,,1987,연립다세대,직거래,
2025,11680,강남구,10100,역삼동,1,대지,831,40,역삼SK허브블루,20251206,18500,28.12,40.53,9,,,2004,오피스텔,중개거래,서울 강남구
2025,11560,영등포구,10200,영등포동1가,1,대지,94,2,여의도더리브스타일,20251206,19900,14.837,0,20,,,2020,아파트,중개거래,서울 영등포구
2025,11440,마포구,12500,성산동,1,대지,250,29,에덴빌라,20251206,25000,40.5,17,1,,,1995,연립다세대,중개거래,서울 마포구
2025,11560,영등포구,12900,양평동5가,1,대지,76,0,양평한신,20251206,110000,59.94,0,10,,,1996,아파트,중개거래,서울 영등포구
2025,11140,중구,16200,신당동,1,대지,842,0,약수하이츠,20251206,171000,84.88,0,18,,,1999,아파트,중개거래,서울 중구
2025,11710,송파구,10100,잠실동,1,대지,305,0,앙시레이크타워,20251206,30000,18.525,0,7,,,2020,아파트,중개거래,서울 송파구
2025,11740,강동구,10700,암사동,1,대지,442,0,암사라인,20251206,67000,59.34,0,9,,,1996,아파트,중개거래,서울 강동구
2025,11380,은평구,10300,불광동,1,대지,329,12,아름맨션,20251206,40000,51.32,34,4,,,1998,연립다세대,중개거래,서울 은평구
2025,11110,종로구,17100,명륜2가,1,대지,4,0,아남1,20251206,110000,84.8,0,19,,,1995,아파트,중개거래,서울 종로구
2025,11560,영등포구,11100,당산동1가,1,대지,152,0,썬샤인빌,20251206,31000,29.77,14,4,,,2017,연립다세대,중개거래,서울 영등포구
2025,11200,성동구,11400,성수동1가,1,대지,706,0,쌍용,20251206,183800,59.76,0,7,,,1997,아파트,중개거래,서울 성동구
2025,11440,마포구,11100,신수동,1,대지,462,0,신촌숲아이파크,20251206,277500,111.103,0,6,,,2019,아파트,중개거래,서울 마포구
2025,11305,강북구,10200,번동,1,대지,204,0,신원,20251206,40700,59.96,0,19,,,2000,아파트,중개거래,서울 강북구
2025,11380,은평구,10900,신사동,1,대지,360,0,신사성원,20251206,49300,59.94,0,8,,,2000,아파트,중개거래,"경기 화성시, 서울 은평구"
2025,11650,서초구,10800,서초동,1,대지,1338,25,신명스카이뷰멤버스,20251206,17500,28.18,41.83,10,,,2005,오피스텔,중개거래,서울 서초구
2025,11530,구로구,10200,구로동,1,대지,1263,0,신도림롯데아파트,20251206,88000,59.68,0,19,,,1999,아파트,중개거래,서울 구로구
2025,11590,동작구,10900,신대방동,1,대지,705,0,신대방,20251206,62000,59.6,0,5,,,1995,아파트,중개거래,서울 동작구
2025,11260,중랑구,10500,망우동,1,대지,610,0,신내역금강펜테리움센트럴파크,20251206,84000,84.987,0,25,,,2021,아파트,중개거래,서울 중랑구
2025,11260,중랑구,10600,신내동,1,대지,657,0,신내9진흥,20251206,48000,49.93,0,11,,,1996,아파트,중개거래,서울 중랑구
2025,11560,영등포구,13200,신길동,1,대지,4938,0,신길자이,20251206,108000,84.94,0,2,,,2011,아파트,중개거래,서울 영등포구
2025,11710,송파구,10900,장지동,1,대지,842,0,송파파인타운8단지,20251206,161000,59.97,0,8,,,2008,아파트,중개거래,서울 송파구
2025,11710,송파구,10800,문정동,1,대지,652,0,송파법조타운푸르지오시티,20251206,20200,20.45,29.78,8,,,2018,오피스텔,중개거래,서울 송파구
2025,11710,송파구,10900,장지동,1,대지,879,0,송파더센트레,20251206,154700,59.73,0,4,,,2013,아파트,중개거래,서울 송파구
2025,11215,광진구,10300,구의동,1,대지,253,19,센트럴빌,20251206,16800,32.19,41.67,3,,,2003,오피스텔,중개거래,서울 광진구
2025,11200,성동구,10200,하왕십리동,1,대지,1070,0,센트라스,20251206,227000,84.99,0,9,,,2016,아파트,중개거래,서울 성동구
2025,11305,강북구,10100,미아동,1,대지,324,101,성훈팰리스A동,20251206,41000,53.31,30,5,,,2018,연립다세대,중개거래,서울 강북구
2025,11290,성북구,10300,돈암동,1,대지,637,0,성일우리미,20251206,60000,84.95,0,3,,,2004,아파트,중개거래,서울 성북구
2025,11620,관악구,10100,봉천동,1,대지,1532,1,성원빌라(1532-1),20251206,25700,52.46,26,4,,,1993,연립다세대,중개거래,서울 관악구
2025,11680,강남구,10300,개포동,1,대지,12,0,성원대치2단지아파트,20251206,225000,49.86,0,4,,,1992,아파트,중개거래,"서울 강남구, 서울 서초구"
2025,11260,중랑구,10600,신내동,1,대지,783,0,성원,20251206,63500,84.32,0,6,,,1994,아파트,중개거래,서울 중랑구
2025,11740,강동구,10800,성내동,1,대지,295,0,성안마을청구,20251206,110000,84.96,0,1,,,2002,아파트,중개거래,서울 강동구
2025,11200,성동구,11500,성수동2가,1,대지,289,146,성수베네스트,20251206,46000,29.81,15,3,,,2017,연립다세대,중개거래,서울 성동구
2025,11440,마포구,12500,성산동,1,대지,600,0,성사1차풍림아파트101동,20251206,69000,59.85,0,11,,,2000,아파트,중개거래,서울 마포구
2025,11740,강동구,10800,성내동,1,대지,590,0,성내동삼성아파트,20251206,148000,84.99,0,9,,,1999,아파트,중개거래,"서울 강동구, 서울 송파구"
2025,11215,광진구,10100,중곡동,1,대지,30,45,선우빌라트,20251206,41000,53.27,29,2,,,2002,연립다세대,중개거래,서울 광진구
2025,11740,강동구,10700,암사동,1,대지,509,0,선사현대아파트,20251206,131700,59.64,0,8,,,2000,아파트,중개거래,서울 강동구
2025,11440,마포구,10800,대흥동,1,대지,12,41,서희스타힐스,20251206,19200,12.88,0,15,,,2014,아파트,중개거래,서울 마포구
2025,11650,서초구,10800,서초동,1,대지,1344,13,서초트라팰리스,20251206,98500,69.92,93.44,2,,,2005,오피스텔,중개거래,서울 서초구
2025,11650,서초구,10800,서초동,1,대지,1582,3,서초센트럴IPARK,20251206,31800,24.755,38.6411,23,,,2020,오피스텔,중개거래,서울 강남구
2025,11650,서초구,10800,서초동,1,대지,1362,10,서초노블레스아파트,20251206,48000,28.85,0,7,,,2019,아파트,중개거래,서울 서초구
2025,11200,성동구,11400,성수동1가,1,대지,707,0,서울숲한양현대,20251206,159000,59.89,0,9,,,1999,아파트,중개거래,"경기 남양주시, 서울 성동구"
2025,11530,구로구,10800,오류동,1,대지,97,4,서울가든빌라1단지,20251206,40500,45.9,58,1,,,1987,연립다세대,중개거래,서울 구로구
2025,11530,구로구,10800,오류동,1,대지,97,4,서울가든빌라1단지,20251206,43500,45.9,58,1,,,1987,연립다세대,중개거래,서울 구로구
2025,11440,마포구,10100,아현동,1,대지,692,0,서서울삼성,20251206,120000,84.89,0,13,,,1998,아파트,중개거래,서울 용산구
2025,11500,강서구,10500,마곡동,1,대지,1436,0,서광주택6동,20251206,20800,36.54,29,1,,,1991,연립다세대,중개거래,서울 강서구
2025,11230,동대문구,10700,청량리동,1,대지,37,1,새울센스빌(37-1),20251206,49500,59.3,32,2,,,2013,연립다세대,중개거래,서울 동대문구
2025,11440,마포구,12700,상암동,1,대지,1734,0,상암 한화 오벨리스크,20251206,10000,19.93,25.83,9,,,2013,오피스텔,중개거래,서울 마포구
2025,11440,마포구,12700,상암동,1,대지,1734,0,상암 한화 오벨리스크,20251206,10000,19.93,25.83,9,,,2013,오피스텔,중개거래,서울 마포구
2025,11440,마포구,12700,상암동,1,대지,1734,0,상암 한화 오벨리스크,20251206,10600,19.93,25.83,7,,,2013,오피스텔,중개거래,서울 마포구
2025,11590,동작구,10200,상도동,1,대지,214,150,상도세인트빌E동(214-150외),20251206,43500,36.93,32,5,,,2015,연립다세대,중개거래,서울 동작구
2025,11590,동작구,10200,상도동,1,대지,450,0,상도동래미안1차,20251206,125000,59.828,0,15,,,2004,아파트,중개거래,서울 성북구
2025,11350,노원구,10500,상계동,1,대지,670,0,상계주공9(고층),20251206,56000,58.01,0,11,,,1988,아파트,중개거래,서울 노원구
2025,11290,성북구,13800,장위동,,,,,,20251206,60000,38.55,76,,,20251215,1967,단독다가구,중개거래,서울 성북구
2025,11350,노원구,10500,상계동,1,대지,647,0,상계주공12(고층),20251206,57000,58.01,0,8,,,1988,아파트,중개거래,서울 노원구
2025,11350,노원구,10500,상계동,1,대지,647,0,상계주공12(고층),20251206,41800,41.3,0,6,,,1988,아파트,중개거래,서울 노원구
2025,11260,중랑구,10100,면목동,1,대지,175,17,더베스트빌,20251206,51000,40.65,22,6,,20260113,2023,연립다세대,중개거래,서울 동대문구
2025,11305,강북구,10300,수유동,1,대지,553,61,극동,20251206,52000,84.99,0,12,,20260120,1992,아파트,중개거래,서울 강북구
2025,11290,성북구,13300,정릉동,1,대지,1025,0,정릉힐스테이트,20251206,81900,84.92,0,14,,20251226,2004,아파트,중개거래,서울 성북구
2025,11290,성북구,13600,하월곡동,1,대지,229,0,길음서희스타힐스,20251206,71500,67.44,0,4,,20260318,2011,아파트,중개거래,서울 성북구
2025,11290,성북구,13400,길음동,1,대지,1284,0,길음뉴타운8단지(래미안),20251206,104500,59.99,0,26,,20260126,2010,아파트,중개거래,서울 성북구
2025,11380,은평구,10200,녹번동,1,대지,168,21,하오빌,20251206,49500,56.79,37,2,,20260423,2016,연립다세대,중개거래,서울 은평구
2025,11710,송파구,10400,송파동,1,대지,170,0,SK,20251206,146000,83.8,0,13,,,2001,아파트,중개거래,서울 송파구
2025,11710,송파구,10400,송파동,1,대지,170,0,SK,20251206,132000,83.82,0,1,,,2001,아파트,중개거래,서울 송파구
2025,11230,동대문구,10600,장안동,1,대지,319,6,U-포그니,20251206,41500,57.32,0,5,,,2016,아파트,중개거래,서울 동대문구
2025,11380,은평구,10100,수색동,1,대지,415,1,e편한세상 수색 에코포레,20251206,79500,84.951,0,12,,,2003,아파트,중개거래,"서울 강서구, 서울 은평구"
2025,11710,송파구,10700,가락동,1,대지,140,0,가락(1차)쌍용아파트,20251206,188000,59.92,0,14,,,1997,아파트,중개거래,서울 송파구
2025,11710,송파구,10700,가락동,1,대지,21,6,가락쌍용(2차),20251206,154000,59.88,0,12,,,1999,아파트,중개거래,서울 송파구
2025,11680,강남구,11200,자곡동,1,대지,600,0,강남 푸르지오시티 1차,20251206,17050,24.57,31.362,10,,,2014,오피스텔,중개거래,서울 강남구
2025,11680,강남구,11200,자곡동,1,대지,600,0,강남 푸르지오시티 1차,20251206,16900,25.06,31.989,9,,,2014,오피스텔,중개거래,서울 강남구
2025,11680,강남구,11200,자곡동,1,대지,619,0,강남자곡 힐스테이트,20251206,145000,74.8,0,13,,,2015,아파트,중개거래,서울 강남구
2025,11740,강동구,10500,길동,1,대지,326,1,강남팰리스,20251206,51500,41.97,25,2,,,2020,연립다세대,중개거래,"서울 강동구, 서울 동작구"
2025,11500,강서구,10400,가양동,1,대지,1475,0,강변,20251206,66000,34.44,0,15,,,1992,아파트,중개거래,"서울 강서구, 서울 마포구"
2025,11500,강서구,10600,내발산동,1,대지,659,1,강서월드메르디앙,20251206,95000,84.894,0,5,,,2006,아파트,중개거래,"서울 강남구, 서울 강서구"
2025,11260,중랑구,10300,중화동,1,대지,307,6,강오(B동),20251206,48900,71.86,0,2,,,2004,아파트,중개거래,서울 중랑구
2025,11350,노원구,10300,공릉동,1,대지,366,31,강원주택다동,20251206,20000,40.54,26,1,,,1986,연립다세대,중개거래,서울 노원구
2025,11530,구로구,10700,개봉동,1,대지,492,0,개봉푸르지오,20251206,90000,84.94,0,22,,,2014,아파트,중개거래,서울 구로구
2025,11680,강남구,10600,대치동,1,대지,503,0,개포우성1,20251206,525000,127.61,0,3,,,1983,아파트,중개거래,서울 강남구
2025,11680,강남구,10800,논현동,1,대지,16,34,거산빌라,20251206,28000,32.63,17,1,,,1995,연립다세대,중개거래,서울 강남구
2025,11710,송파구,11300,거여동,1,대지,291,0,거여2단지효성아파트,20251206,148500,101.95,0,12,,,1997,아파트,중개거래,서울 송파구
2025,11710,송파구,10800,문정동,1,대지,72,3,건영1,20251206,161000,77.68,0,3,,,1996,아파트,중개거래,경기 남양주시
2025,11680,강남구,11800,도곡동,1,대지,967,0,경남,20251206,229000,59.76,0,10,,,2005,아파트,중개거래,서울 강남구
2025,11740,강동구,10300,상일동,1,대지,490,0,고덕리엔파크3단지,20251206,118300,84.98,0,18,,,2011,아파트,중개거래,"경기 용인시 수지구, 서울 강동구"
2025,11740,강동구,10200,고덕동,3,블럭,3,1,고덕풍경채어바니티,20251206,170000,84.15,0,15,,,2024,아파트,중개거래,"서울 강남구, 서울 강동구"
2025,11620,관악구,10100,봉천동,1,대지,867,12,프라비다2,20251206,16900,19.61,0,9,,,2013,아파트,중개거래,서울 관악구
2025,11260,중랑구,10200,상봉동,1,대지,500,0,프레미어스엠코,20251206,120000,107.12,0,14,,,2013,아파트,중개거래,서울 중랑구
2025,11215,광진구,10100,중곡동,1,대지,150,139,플러스홈,20251206,42000,44.53,27,2,,,2014,연립다세대,중개거래,서울 광진구
2025,11380,은평구,10300,불광동,1,대지,13,32,필하모니,20251206,25500,12.9,6,5,,,2011,연립다세대,중개거래,서울 은평구
2025,11380,은평구,10200,녹번동,1,대지,168,21,하오빌,20251206,49500,56.79,37,2,,,2016,연립다세대,중개거래,서울 은평구
2025,11620,관악구,10100,봉천동,1,대지,468,2,하우젠-빌,20251206,81000,84.52,29,7,,,2004,연립다세대,중개거래,서울 관악구
2025,11710,송파구,11100,방이동,1,대지,49,11,한 스위트 올림픽파크,20251206,17800,15.98,15.98,7,,,2020,오피스텔,중개거래,서울 송파구
2025,11170,용산구,13100,한남동,1,대지,72,1,한남동리첸시아,20251206,129000,72.06,0,13,,,2004,아파트,중개거래,서울 용산구
2025,11530,구로구,10700,개봉동,1,대지,476,0,한마을,20251206,77000,59.57,0,9,,,1999,아파트,중개거래,서울 구로구
2025,11320,도봉구,10800,도봉동,1,대지,30,1,한신,20251206,57700,84.94,0,6,,,1995,아파트,중개거래,서울 도봉구
2025,11230,동대문구,10700,청량리동,1,대지,60,0,한신,20251206,74500,59.97,0,13,,,1997,아파트,중개거래,서울 동대문구
2025,11260,중랑구,10300,중화동,1,대지,450,0,한신아파트상가동유치원동(103~109),20251206,71500,59.76,0,8,,,1997,아파트,중개거래,서울 중랑구
2025,11530,구로구,10800,오류동,1,대지,341,0,한신플러스타운,20251206,54300,59.91,0,19,,,2002,아파트,중개거래,서울 구로구
2025,11500,강서구,10300,화곡동,1,대지,1065,2,한울에이치밸리움B동,20251206,26500,20.92,0,7,,,2019,아파트,중개거래,서울 강서구
2025,11350,노원구,10200,월계동,1,대지,18,0,한진한화그랑빌,20251206,96000,84.97,0,19,,,2002,아파트,중개거래,서울 노원구
2025,11350,노원구,10200,월계동,1,대지,18,0,한진한화그랑빌,20251206,92500,84.97,0,7,,,2002,아파트,중개거래,서울 노원구
2025,11440,마포구,10400,도화동,1,대지,555,0,한화오벨리스크,20251206,60000,39.91,0,12,,,2004,아파트,중개거래,서울 마포구
2025,11200,성동구,10700,행당동,1,대지,346,0,행당한진타운,20251206,178000,84.71,0,7,,,2000,아파트,중개거래,서울 성동구
2025,11500,강서구,10900,방화동,1,대지,793,0,현대,20251206,74900,84.99,0,7,,,1993,아파트,중개거래,서울 강서구
2025,11110,종로구,18700,무악동,1,대지,82,0,현대,20251206,132000,84.92,0,14,,,2000,아파트,중개거래,서울 종로구
2025,11140,중구,16200,신당동,1,대지,840,0,현대,20251206,115000,79.11,0,6,,,1993,아파트,중개거래,서울 성동구
2025,11710,송파구,10800,문정동,1,대지,58,0,현대2,20251206,77000,59.94,0,7,,,1995,아파트,중개거래,서울 송파구
2025,11740,강동구,10600,둔촌동,1,대지,89,0,현대4,20251206,117000,84.94,0,19,,,1996,아파트,중개거래,"서울 강남구, 서울 강동구"
2025,11470,양천구,10200,목동,1,대지,940,0,현대I-PARK,20251206,126000,59.65,0,12,,,2003,아파트,중개거래,서울 양천구
2025,11215,광진구,10300,구의동,1,대지,51,9,현대그린빌라(51-9),20251206,29200,65.7,28,-1,,,2001,연립다세대,중개거래,서울 광진구
2025,11710,송파구,10300,풍납동,1,대지,260,0,현대리버빌1지구,20251206,74500,43.2,0,10,,,1999,아파트,중개거래,서울 송파구
2025,11620,관악구,10100,봉천동,1,대지,872,18,현대빌라트(872-18),20251206,28000,35.84,21,2,,,2008,연립다세대,중개거래,서울 관악구
2025,11260,중랑구,10100,면목동,1,대지,90,32,현대캐슬,20251206,28000,29.93,15,3,,,2016,연립다세대,중개거래,서울 중랑구
2025,11710,송파구,11100,방이동,1,대지,44,3,현대토픽스,20251206,29000,39.56,54.76,15,,,2000,오피스텔,중개거래,서울 송파구
2025,11440,마포구,11200,현석동,1,대지,23,0,현대파크빌,20251206,81500,48.18,29,3,,,2003,연립다세대,중개거래,"서울 마포구, 서울 중구"
2025,11410,서대문구,11800,홍은동,1,대지,186,1,홍은미성,20251206,55000,83.61,0,2,,,1985,아파트,중개거래,서울 서대문구
2025,11410,서대문구,11100,홍제동,1,대지,473,0,홍제센트럴IPARK,20251206,139800,84.972,0,9,,,2020,아파트,중개거래,서울 서대문구
2025,11410,서대문구,11100,홍제동,1,대지,459,0,홍제원현대(459-0),20251206,81000,59.93,0,2,,,2000,아파트,중개거래,서울 서대문구
2025,11410,서대문구,11100,홍제동,1,대지,331,0,홍제현대,20251206,92500,75.15,0,13,,,1992,아파트,중개거래,서울 서대문구
2025,11410,서대문구,11100,홍제동,1,대지,331,0,홍제현대,20251206,110000,119.32,0,10,,,1992,아파트,중개거래,서울 서대문구
2025,11305,강북구,10300,수유동,1,대지,230,7,효성 인텔리안 오피스텔,20251206,12700,30.49,46.743,10,,,2005,오피스텔,중개거래,"경기 의정부시, 서울 강북구"
2025,11110,종로구,15700,인의동,1,대지,48,2,효성쥬얼리시티,20251206,107000,84.98,0,17,,,2006,아파트,중개거래,서울 종로구
2025,11440,마포구,12100,동교동,1,대지,155,27,효성홍익인간오피스텔,20251206,24350,32.25,42.717,7,,,2004,오피스텔,중개거래,서울 마포구
2025,11545,금천구,10200,독산동,1,대지,1061,14,휴먼팰리스,20251206,29000,43.88,26,2,,,2015,연립다세대,중개거래,서울 금천구
2025,11590,동작구,10200,상도동,1,대지,531,0,힐스테이트 상도 센트럴파크,20251206,178000,84.783,0,4,,,2012,아파트,중개거래,서울 동작구
2025,11590,동작구,10200,상도동,1,대지,531,0,힐스테이트 상도 센트럴파크,20251206,179300,84.783,0,2,,,2012,아파트,중개거래,"서울 동작구, 서울 서초구"
2025,11590,동작구,10200,상도동,1,대지,533,0,힐스테이트 상도 프레스티지,20251206,175000,84.922,0,10,,,2013,아파트,중개거래,서울 동작구
2025,11380,은평구,10200,녹번동,1,대지,282,0,힐스테이트녹번,20251206,110000,59.938,0,8,,,2019,아파트,중개거래,서울 은평구
2025,11410,서대문구,11000,북아현동,1,대지,1017,0,힐스테이트신촌,20251206,109000,37.969,0,11,,,2020,아파트,중개거래,서울 서대문구
2025,11500,강서구,10500,마곡동,1,대지,797,14,힐스테이트에코마곡,20251206,17300,24.09,24.09,6,,,2016,오피스텔,중개거래,서울 강서구
2025,11710,송파구,10800,문정동,1,대지,639,5,힐스테이트에코송파,20251206,15500,21.064,31.3804,18,,,2017,오피스텔,중개거래,서울 송파구
2025,11215,광진구,10300,구의동,1,대지,239,60,힐하우스(239-60),20251206,41700,34.72,25,5,,,2015,연립다세대,중개거래,서울 광진구
2025,11140,중구,17100,중림동,,,,,,20251206,37000,20.23,48,,,,1999,단독다가구,중개거래,서울 마포구
2025,11290,성북구,13500,종암동,,,,,,20251206,39000,45,63,,,,1984,단독다가구,중개거래,서울 성북구
2025,11260,중랑구,10100,면목동,,,,,,20251206,40000,51.91,93,,,,1971,단독다가구,직거래,
2025,11305,강북구,10300,수유동,,,,,,20251206,53000,74.03,96,,,,1973,단독다가구,중개거래,서울 강북구
2025,11305,강북구,10200,번동,,,,,,20251206,57000,110.18,96,,,,1984,단독다가구,중개거래,서울 도봉구
2025,11215,광진구,10100,중곡동,,,,,,20251206,60000,166.46,98,,,,1992,단독다가구,중개거래,서울 광진구
2025,11500,강서구,10300,화곡동,,,,,,20251206,108000,199.68,154,,,,1991,단독다가구,중개거래,"서울 강서구, 서울 양천구"
2025,11200,성동구,10200,하왕십리동,1,대지,1070,0,센트라스,20251206,227000,84.99,0,9,,20260220,2016,아파트,중개거래,서울 성동구
2025,11710,송파구,10600,삼전동,1,대지,166,19,궁전빌리지(166-19),20251206,55500,46.83,22,5,,20260226,2002,연립다세대,중개거래,서울 송파구
2025,11350,노원구,10600,중계동,1,대지,509,1,씨앤미,20251206,24000,50.35,74.16,6,,20260129,2004,오피스텔,중개거래,서울 노원구
2025,11290,성북구,13900,석관동,1,대지,410,0,래미안아트리치,20251206,108500,59.98,0,12,,20260205,2019,아파트,중개거래,서울 성북구
2025,11380,은평구,11000,증산동,1,대지,244,0,DMC우방,20251206,95300,84.99,0,11,,20260128,2000,아파트,중개거래,서울 은평구
2025,11290,성북구,12600,보문동4가,1,대지,80,0,용일빌라,20251206,38800,66.42,9,2,,20260109,1993,연립다세대,중개거래,서울 성북구
2025,11110,종로구,17500,숭인동,1,대지,181,77,(181-77),20251206,19000,53.38,18,-1,,,2007,연립다세대,중개거래,서울 종로구
2025,11380,은평구,10900,신사동,1,대지,185,1,(185-1),20251206,12500,31.48,14,5,,,2003,연립다세대,중개거래,서울 은평구
2025,11590,동작구,10100,노량진동,1,대지,205,39,(205-39),20251206,56000,29.94,21,3,,,2023,연립다세대,중개거래,서울 동작구
2025,11710,송파구,10600,삼전동,1,대지,36,17,(36-17),20251206,47000,38.68,22,4,,,2002,연립다세대,중개거래,"서울 노원구, 서울 송파구"
2025,11560,영등포구,13200,신길동,1,대지,4,26,(4-26),20251206,20000,31.48,16,3,,,1992,연립다세대,중개거래,서울 영등포구
2025,11380,은평구,10300,불광동,1,대지,484,22,(484-22),20251206,28750,26.79,25,1,,,1987,연립다세대,중개거래,서울 은평구
2025,11110,종로구,17000,명륜1가,1,대지,5,99,(5-99),20251206,28500,55.8,24,1,,,1995,연립다세대,중개거래,서울 종로구
2025,11650,서초구,10100,방배동,1,대지,780,37,(780-37),20251206,110000,52.67,35,5,,,2012,연립다세대,중개거래,서울 서초구
2025,11620,관악구,10100,봉천동,1,대지,937,5,(937-5),20251206,19000,36.16,21,3,,,1986,연립다세대,중개거래,서울 관악구
2025,11740,강동구,10900,천호동,1,대지,98,27,(98-27),20251206,30000,39.9,23,3,,,2007,연립다세대,중개거래,서울 강동구
2025,11545,금천구,10200,독산동,1,대지,940,11,(정심빌라),20251206,20420,48.87,25,3,,,1992,연립다세대,중개거래,서울 금천구
2025,11560,영등포구,11900,문래동1가,1,대지,22,12,2030센터뷰,20251206,40000,34.42,46.22,3,,,2023,오피스텔,직거래,
2025,11740,강동구,10500,길동,1,대지,327,31,327에비뉴,20251206,37000,28.27,20,2,,,2019,연립다세대,중개거래,서울 강동구
2025,11200,성동구,11500,성수동2가,1,대지,255,7,B동,20251206,31500,29.96,36.6,2,,,2017,오피스텔,중개거래,서울 성동구
2025,11620,관악구,10100,봉천동,1,대지,861,7,CO-OP RESIDENCE/서울대입구,20251206,15000,27.54,39.35,5,,,2005,오피스텔,중개거래,서울 관악구
2025,11410,서대문구,12000,남가좌동,1,대지,388,0,DMC센트럴아이파크,20251206,135000,84.98,0,18,,,2018,아파트,중개거래,"서울 서대문구, 서울 은평구"
2025,11650,서초구,10800,서초동,1,대지,1507,8,J.J빌,20251206,74500,28.35,18,3,,,2014,연립다세대,중개거래,서울 서초구
2025,11470,양천구,10200,목동,1,대지,41,50,금강파크빌,20251206,24500,49.42,32,5,,,2006,연립다세대,중개거래,서울 양천구
2025,11530,구로구,10200,구로동,1,대지,1280,0,한신휴플러스(1280-0),20251206,75500,58.03,0,15,,20251230,2007,아파트,중개거래,서울 구로구
2025,11290,성북구,13500,종암동,1,대지,133,0,래미안세레니티,20251206,110000,84.92,0,9,,,2009,아파트,중개거래,서울 성북구
2025,11380,은평구,10200,녹번동,1,대지,283,0,래미안베라힐즈,20251206,129500,84.95,0,18,,,2019,아파트,중개거래,서울 은평구
2025,11740,강동구,10900,천호동,1,대지,571,0,래미안강동팰리스,20251206,176500,84.97,0,36,,,2017,아파트,중개거래,서울 강동구
2025,11680,강남구,11200,자곡동,1,대지,611,0,래미안강남힐즈,20251206,240000,101.94,0,15,,,2014,아파트,중개거래,서울 강남구
2025,11500,강서구,10200,등촌동,1,대지,572,9,라온제나(572-9),20251206,30000,42.96,25,3,,,2017,연립다세대,중개거래,"서울 강서구, 서울 양천구"
2025,11560,영등포구,13200,신길동,1,대지,4032,0,디자인하우스A동,20251206,39900,59.2,28,4,,,2003,연립다세대,중개거래,서울 영등포구
2025,11500,강서구,10200,등촌동,1,대지,628,15,등촌라인(조합),20251206,90000,84.78,0,6,,,1997,아파트,중개거래,서울 강서구
2025,11410,서대문구,11700,연희동,1,대지,142,28,동진주택4동,20251206,19700,35.6,27,2,,,1986,연립다세대,중개거래,서울 서대문구
2025,11290,성북구,13600,하월곡동,1,대지,230,0,동일하이빌뉴시티,20251206,160000,178.84,0,16,,,2011,아파트,중개거래,서울 성북구
2025,11440,마포구,12600,중동,1,대지,395,0,동원월드타운,20251206,70000,60.384,0,13,,,2004,아파트,중개거래,서울 마포구
2025,11470,양천구,10200,목동,1,대지,642,5,동원씨티빌(642-5),20251206,26000,49.07,31,2,,,2007,연립다세대,중개거래,서울 양천구
2025,11260,중랑구,10400,묵동,1,대지,155,34,동양하이츠빌라(155-34),20251206,18800,40.08,17,4,,,1994,연립다세대,중개거래,서울 중랑구
2025,11710,송파구,10300,풍납동,1,대지,506,0,동아한가람1,20251206,120000,84.38,0,1,,,1995,아파트,중개거래,서울 송파구
2025,11230,동대문구,10400,전농동,1,대지,645,2,동아,20251206,89400,83.01,0,11,,,1997,아파트,중개거래,서울 동대문구
2025,11740,강동구,10500,길동,1,대지,383,6,동심훼밀리,20251206,62800,83.68,0,3,,,2002,아파트,중개거래,서울 강동구
2025,11305,강북구,10100,미아동,1,대지,258,625,동성주택29,20251206,22500,40.56,31,2,,,1988,연립다세대,중개거래,"서울 강북구, 서울 노원구"
2025,11230,동대문구,10600,장안동,1,대지,284,11,동성네스트,20251206,25000,25.92,15,3,,,2020,연립다세대,직거래,
2025,11350,노원구,10300,공릉동,1,대지,705,0,동부아파트,20251206,66800,84.79,0,7,,,1996,아파트,중개거래,서울 노원구
2025,11530,구로구,10800,오류동,1,대지,338,0,동부골든,20251206,60000,105.21,0,6,,,1998,아파트,중개거래,서울 구로구
2025,11410,서대문구,10900,현저동,1,대지,200,0,독립문극동(200-0),20251206,115000,59.58,0,9,,,1998,아파트,중개거래,서울 서대문구
2025,11650,서초구,10100,방배동,1,대지,437,22,더지니고2,20251206,52000,29.72,16,4,,,2021,연립다세대,중개거래,서울 서초구
2025,11740,강동구,10800,성내동,1,대지,46,22,더존예가B,20251206,22000,16.64,5,9,,,2017,연립다세대,중개거래,서울 강동구
2025,11410,서대문구,11600,창천동,1,대지,72,22,더이음,20251206,27000,20.24,35.49,6,,,2021,오피스텔,중개거래,서울 서대문구
2025,11680,강남구,10600,대치동,1,대지,925,15,대치모두가,20251206,34000,14.63,9,5,,,2017,연립다세대,중개거래,"서울 강남구, 서울 용산구"
2025,11680,강남구,10600,대치동,1,대지,945,20,대치3차 아이파크 오피스텔,20251206,35000,22.39,34.48,6,,,2019,오피스텔,중개거래,서울 강남구
2025,11350,노원구,10300,공릉동,1,대지,751,0,대주파크빌아파트,20251206,64400,81.12,0,4,,,2003,아파트,중개거래,서울 노원구
2025,11440,마포구,12200,합정동,1,대지,438,13,대명피렌체3,20251206,30700,29.81,19,2,,,2010,연립다세대,중개거래,서울 마포구
2025,11530,구로구,10200,구로동,1,대지,106,2,대림역포스큐,20251206,10600,14.579,0,19,,,2015,아파트,중개거래,서울 구로구
2025,11530,구로구,10200,구로동,1,대지,98,4,대림역 와이즈플레이스,20251206,12900,29.987,43.778,10,,,2012,오피스텔,중개거래,서울 구로구
2025,11650,서초구,10800,서초동,1,대지,1671,5,대림서초리시온,20251206,57500,49.92,0,8,,,2003,아파트,중개거래,서울 서초구
2025,11200,성동구,10700,행당동,1,대지,347,0,대림e-편한세상,20251206,152000,59.96,0,6,,,2000,아파트,중개거래,서울 성동구
2025,11200,성동구,10800,응봉동,1,대지,100,0,대림(1차),20251206,178000,63.18,0,7,,,1986,아파트,중개거래,서울 성동구
2025,11710,송파구,10300,풍납동,1,대지,172,0,대동1,20251206,77000,59.96,0,9,,,1999,아파트,중개거래,서울 송파구
2025,11560,영등포구,11200,당산동2가,1,대지,164,0,당산2가현대홈타운,20251206,149000,82.77,0,16,,,1994,아파트,중개거래,"경기 과천시, 서울 영등포구"
2025,11560,영등포구,11500,당산동5가,1,대지,9,2,당산 삼성쉐르빌,20251206,18700,22.95,34.31,12,,,2013,오피스텔,중개거래,서울 영등포구
2025,11230,동대문구,10500,답십리동,1,대지,1014,0,답십리파크자이,20251206,145000,84.83,0,4,,,2019,아파트,중개거래,서울 동대문구
2025,11230,동대문구,10500,답십리동,1,대지,1015,0,답십리엘림퍼스트,20251206,74500,52.698,0,5,,,2020,아파트,중개거래,서울 동대문구
2025,11530,구로구,11000,온수동,1,대지,157,0,다청림시티,20251206,29000,42.85,0,7,,,2015,아파트,중개거래,서울 구로구
2025,11710,송파구,10500,석촌동,1,대지,218,17,다이아몬드빌,20251206,47000,47.72,24,2,,,2002,연립다세대,중개거래,서울 송파구
2025,11710,송파구,10500,석촌동,1,대지,218,17,다이아몬드빌,20251206,22300,22.56,11,3,,,2002,연립다세대,중개거래,서울 송파구
2025,11380,은평구,10200,녹번동,1,대지,29,20,다원하이빌(29-20),20251206,41000,67.2,34,3,,,2003,연립다세대,중개거래,서울 은평구
2025,11740,강동구,10900,천호동,1,대지,320,0,다성이즈빌(320),20251206,70000,57.43,0,1,,,2017,아파트,중개거래,서울 강동구
2025,11680,강남구,10800,논현동,1,대지,179,0,논현실버타운,20251206,24300,34.92,15,-1,,,1991,연립다세대,중개거래,서울 강남구
2025,11650,서초구,10200,양재동,1,대지,270,0,노블레스,20251206,76700,41.16,25,2,,,2016,연립다세대,중개거래,"서울 강남구, 서울 서초구"
2025,11230,동대문구,10900,휘경동,1,대지,183,218,남영아트빌,20251206,31500,67.57,33,4,,,2002,연립다세대,중개거래,서울 동대문구
2025,11140,중구,16200,신당동,1,대지,844,0,남산타운,20251206,169500,114.88,0,11,,,2002,아파트,중개거래,서울 중구
2025,11140,중구,16200,신당동,1,대지,844,0,남산타운,20251206,142000,59.94,0,4,,,2002,아파트,중개거래,서울 중구
2025,11290,성북구,13400,길음동,1,대지,1277,0,길음현대,20251206,62800,59.98,0,13,,,2000,아파트,중개거래,서울 성북구
2025,11290,성북구,13600,하월곡동,1,대지,229,0,길음서희스타힐스,20251206,71500,67.44,0,4,,,2011,아파트,중개거래,서울 성북구
2025,11290,성북구,13400,길음동,1,대지,1286,0,길음뉴타운9단지(래미안),20251206,121000,84.96,0,11,,,2010,아파트,중개거래,"서울 강남구, 서울 성북구"
2025,11290,성북구,13400,길음동,1,대지,1282,0,길음뉴타운5단지(래미안),20251206,101000,84.96,0,1,,,2006,아파트,중개거래,서울 성북구
2025,11545,금천구,10200,독산동,1,대지,1150,0,금천 롯데캐슬 골드파크 2차,20251206,18000,27.03,38.83,11,,,2017,오피스텔,중개거래,서울 금천구
2025,11230,동대문구,10500,답십리동,1,대지,36,46,유정홈타운,20251206,33000,42.46,10,1,,20251224,2004,연립다세대,중개거래,서울 동대문구
2025,11545,금천구,10200,독산동,1,대지,1022,103,금강파크빌(1022-103),20251206,28000,29.89,21,4,,,2020,연립다세대,중개거래,서울 금천구
2025,11545,금천구,10200,독산동,1,대지,994,14,글로리움,20251206,25500,23.97,19,5,,,2021,연립다세대,중개거래,서울 금천구
2025,11710,송파구,11400,마천동,1,대지,19,24,그랜드빌,20251206,33000,59.5,33,3,,,2011,연립다세대,중개거래,서울 송파구
2025,11710,송파구,10600,삼전동,1,대지,166,19,궁전빌리지(166-19),20251206,55500,46.83,22,5,,,2002,연립다세대,중개거래,서울 송파구
2025,11215,광진구,10300,구의동,1,대지,611,0,구의현대2단지,20251206,210000,84.91,0,15,,,1996,아파트,중개거래,"서울 강남구, 서울 광진구"
2025,11215,광진구,10300,구의동,1,대지,671,0,구의자이르네,20251206,92200,59.717,0,7,,,2021,아파트,중개거래,서울 광진구
2025,11530,구로구,10200,구로동,1,대지,1278,0,구로두산위브,20251206,50500,36.88,0,7,,,2006,아파트,중개거래,서울 구로구
2025,11530,구로구,10200,구로동,1,대지,103,6,구로 오네뜨 시티,20251206,21400,29.9,42.67,7,,,2022,오피스텔,중개거래,서울 구로구
2025,11620,관악구,10100,봉천동,1,대지,1717,0,관악푸르지오,20251206,95000,59.58,0,18,,,2004,아파트,중개거래,서울 관악구
2025,11620,관악구,10100,봉천동,1,대지,1712,0,관악드림(삼성),20251206,105000,114.75,0,2,,,2003,아파트,중개거래,서울 관악구
2025,11620,관악구,10100,봉천동,1,대지,1712,0,관악드림(동아),20251206,109500,84.96,0,11,,,2003,아파트,중개거래,"서울 강남구, 서울 관악구"
2025,11500,강서구,10900,방화동,1,대지,793,0,현대,20251206,74900,84.99,0,7,,20251217,1993,아파트,중개거래,서울 강서구
2025,11620,관악구,10100,봉천동,1,대지,180,317,우월맨션,20251206,15300,46.92,25,-1,,20251231,1995,연립다세대,중개거래,서울 관악구
2025,11620,관악구,10200,신림동,1,대지,545,37,두삼빌라,20251206,29000,59.89,27,4,,,1995,연립다세대,중개거래,서울 관악구
2025,11305,강북구,10100,미아동,1,대지,811,0,두산위브트레지움,20251206,83900,84.99,0,15,,,2011,아파트,중개거래,서울 강북구
2025,11305,강북구,10100,미아동,1,대지,811,0,두산위브트레지움,20251206,74700,59.54,0,6,,,2011,아파트,중개거래,서울 강북구
2025,11230,동대문구,10500,답십리동,1,대지,998,0,두산위브,20251206,134900,84.91,0,19,,,2007,아파트,중개거래,서울 동대문구
2025,11260,중랑구,10100,면목동,1,대지,1501,0,두산6,20251206,61000,59.55,0,18,,,1993,아파트,중개거래,서울 중랑구
2025,11620,관악구,10100,봉천동,1,대지,1708,0,두산,20251206,119500,84.87,0,14,,,2000,아파트,중개거래,서울 관악구
2025,11290,성북구,13900,석관동,1,대지,10,0,두산,20251206,107800,134.97,0,12,,,1998,아파트,중개거래,서울 성북구
2025,11710,송파구,11400,마천동,1,대지,351,9,(351-9),20251205,29000,74.45,48,2,,20251208,1981,연립다세대,직거래,
2025,11740,강동구,10900,천호동,1,대지,316,0,도원하늘채,20251205,29000,25.43,12,3,,,2021,연립다세대,중개거래,서울 도봉구
2025,11560,영등포구,13200,신길동,1,대지,189,27,도원빌라(189-27),20251205,33000,55.8,25,1,,,2002,연립다세대,중개거래,서울 영등포구
2025,11470,양천구,10100,신정동,1,대지,959,2,도양라비앙빌(959-2),20251205,54600,40.52,23,3,,,2010,연립다세대,중개거래,서울 양천구
2025,11440,마포구,12100,동교동,1,대지,185,7,더라움,20251205,39400,30.54,14,2,,,2018,연립다세대,중개거래,서울 마포구
2025,11500,강서구,10300,화곡동,1,대지,337,6,대한빌라8차,20251205,15450,41,22,3,,,1993,연립다세대,중개거래,서울 강서구
2025,11650,서초구,10700,반포동,1,대지,48,2,대성유니드,20251205,235000,123.974,0,7,,,2004,아파트,중개거래,서울 서초구
2025,11110,종로구,12100,신문로2가,1,대지,171,0,디팰리스,20251205,160000,81.277,122.091,8,,20251211,2020,오피스텔,직거래,
2025,11470,양천구,10200,목동,1,대지,902,0,목동신시가지2,20251205,275000,95.4,0,2,,,1986,아파트,중개거래,서울 양천구
2025,11560,영등포구,12300,문래동5가,1,대지,23,4,명지 페르마타,20251205,9500,25.93,35.2,3,,,2004,오피스텔,중개거래,서울 영등포구
2025,11215,광진구,10300,구의동,1,대지,204,32,명성파크빌,20251205,55500,53.02,33,2,,,2019,연립다세대,중개거래,서울 광진구
2025,11260,중랑구,10100,면목동,1,대지,193,1,면목한신,20251205,37500,44.5,0,2,,,1987,아파트,중개거래,서울 중랑구
2025,11500,강서구,10200,등촌동,1,대지,671,5,메종드남광,20251205,34000,37.69,16,4,,,2020,연립다세대,중개거래,서울 강서구
2025,11320,도봉구,10500,쌍문동,1,대지,137,25,메이저빌,20251205,34000,49.09,31,5,,,2017,연립다세대,중개거래,서울 도봉구
2025,11440,마포구,10900,염리동,1,대지,533,0,마포자이더센트리지(102동~112동),20251205,235000,84.995,0,10,,,2022,아파트,중개거래,서울 마포구
2025,11440,마포구,10900,염리동,1,대지,533,0,마포자이더센트리지(102동~112동),20251205,241000,84.866,0,4,,,2022,아파트,중개거래,서울 마포구
2025,11440,마포구,10400,도화동,1,대지,555,0,마포 한화 오벨리스크,20251205,56000,42.28,58.68,22,,,2004,오피스텔,중개거래,서울 마포구
2025,11500,강서구,10500,마곡동,1,대지,758,3,마곡헤리움2차,20251205,16000,22.51,33.97,9,,,2016,오피스텔,중개거래,서울 강서구
2025,11500,강서구,10500,마곡동,1,대지,743,0,마곡엠밸리6단지,20251205,167000,84.88,0,8,,,2014,아파트,중개거래,서울 강서구
2025,11500,강서구,10500,마곡동,1,대지,734,0,마곡엠밸리1단지,20251205,142000,84.92,0,11,,,2014,아파트,중개거래,서울 강서구
2025,11650,서초구,10700,반포동,1,대지,733,23,리베하임(2차),20251205,43000,21.84,15,3,,,2011,연립다세대,중개거래,"서울 서대문구, 서울 서초구"
2025,11260,중랑구,10300,중화동,1,대지,331,1,리버센SK뷰롯데캐슬,20251205,95000,59.99,0,9,분양권,,0,아파트,직거래,
2025,11590,동작구,10700,사당동,1,대지,1141,0,르메이에르,20251205,66800,59.4,0,5,,,2001,아파트,중개거래,서울 동작구
2025,11440,마포구,11100,신수동,1,대지,288,10,루체른,20251205,75000,47.4,34,5,,,2016,연립다세대,중개거래,서울 마포구
2025,11140,중구,16500,황학동,1,대지,2545,0,롯데캐슬,20251205,124600,114.9,0,9,,,2008,아파트,중개거래,"서울 강남구, 서울 중구"
2025,11260,중랑구,10600,신내동,1,대지,395,15,로뎀하이빌A.B동,20251205,51500,58.145,33,3,,,2023,연립다세대,직거래,
2025,11140,중구,16200,신당동,1,대지,851,0,래미안하이베르,20251205,142000,59.95,0,15,,,2011,아파트,중개거래,서울 중구
2025,11650,서초구,10700,반포동,1,대지,18,1,래미안퍼스티지,20251205,770000,168.65,0,28,,,2009,아파트,중개거래,서울 서초구
2025,11230,동대문구,10500,답십리동,1,대지,1003,0,래미안위브,20251205,147800,84.99,0,1,,,2014,아파트,중개거래,서울 동대문구
2025,11740,강동구,10100,명일동,1,대지,359,0,래미안솔베뉴,20251205,151700,49.68,0,20,,,2019,아파트,중개거래,서울 강동구
2025,11680,강남구,11200,자곡동,1,대지,611,0,래미안강남힐즈,20251205,234500,101.94,0,13,,,2014,아파트,중개거래,서울 강남구
2025,11740,강동구,10600,둔촌동,1,대지,493,0,라임하우스,20251205,94000,35.84,22,6,,,2013,연립다세대,중개거래,서울 강동구
2025,11290,성북구,13600,하월곡동,1,대지,219,0,동신,20251205,62000,59.88,0,2,,20260212,1998,아파트,중개거래,서울 성북구
2025,11650,서초구,10700,반포동,1,대지,70,0,라인,20251205,140000,84.89,0,1,,,1995,아파트,중개거래,서울 강남구
2025,11560,영등포구,10900,영등포동8가,1,대지,31,4,디하우재,20251205,31600,26.14,14,6,,,2020,연립다세대,직거래,
2025,11110,종로구,12100,신문로2가,1,대지,171,0,디팰리스,20251205,160000,81.277,122.091,8,,,2020,오피스텔,직거래,
2025,11170,용산구,11200,원효로1가,1,대지,112,4,디아뜨 센트럴,20251205,18000,25.5,37.19,6,,,2004,오피스텔,중개거래,서울 용산구
2025,11440,마포구,12600,중동,1,대지,257,0,드림빌,20251205,24000,20.7,9,3,,,2001,연립다세대,중개거래,서울 서대문구
2025,11740,강동구,10600,둔촌동,1,대지,630,0,둔촌푸르지오,20251205,176000,113.67,0,9,,,2010,아파트,중개거래,서울 강동구
2025,11380,은평구,10200,녹번동,1,대지,276,0,대림아파트(276),20251205,80000,84.94,0,9,,,1993,아파트,중개거래,서울 은평구
2025,11740,강동구,10600,둔촌동,1,대지,630,0,둔촌푸르지오,20251205,160000,84.9,0,21,,,2010,아파트,중개거래,서울 강동구
2025,11305,강북구,10100,미아동,1,대지,811,0,두산위브트레지움,20251205,74500,59.82,0,3,,,2011,아파트,중개거래,서울 강북구
2025,11710,송파구,10700,가락동,1,대지,98,0,두산위브,20251205,16500,25.05,0,10,,,2004,아파트,중개거래,서울 송파구
2025,11530,구로구,10100,신도림동,1,대지,642,0,대림2,20251205,109500,59.88,0,4,,,2001,아파트,중개거래,서울 구로구
2025,11560,영등포구,10100,영등포동,1,대지,649,0,두산위브,20251205,125000,114.08,0,10,,,2004,아파트,중개거래,서울 영등포구
2025,11260,중랑구,10100,면목동,1,대지,1522,1,두산5,20251205,69000,59.72,0,10,,,2000,아파트,중개거래,서울 중랑구
2025,11710,송파구,10300,풍납동,1,대지,506,0,동아한가람1,20251205,101000,59.98,0,3,,,1995,아파트,중개거래,"경기 하남시, 서울 송파구"
2025,11530,구로구,10100,신도림동,1,대지,644,0,동아2,20251205,142000,84.908,0,17,,,2000,아파트,중개거래,서울 구로구
2025,11290,성북구,13600,하월곡동,1,대지,219,0,동신,20251205,86000,84.78,0,6,,,1998,아파트,중개거래,서울 성북구
2025,11290,성북구,13600,하월곡동,1,대지,219,0,동신,20251205,62000,59.88,0,2,,,1998,아파트,중개거래,서울 성북구
2025,11260,중랑구,10600,신내동,1,대지,618,0,동성3,20251205,49900,59.4,0,12,,,1997,아파트,중개거래,서울 중랑구
2025,11260,중랑구,10600,신내동,1,대지,397,0,동성1,20251205,75000,125.48,0,10,,,1993,아파트,중개거래,서울 중랑구
2025,11440,마포구,12300,망원동,1,대지,424,10,동서하이츠(424-10),20251205,21500,39.96,23,4,,,2008,연립다세대,직거래,
2025,11230,동대문구,10500,답십리동,1,대지,42,0,동답한신,20251205,70000,96.4,0,14,,,1992,아파트,중개거래,서울 동대문구
2025,11710,송파구,10800,문정동,1,대지,55,14,동궁리치웰문정(102),20251205,93500,80.13,0,6,,,2004,아파트,중개거래,서울 송파구
2025,11290,성북구,13600,하월곡동,1,대지,219,0,동신,20251205,86000,84.78,0,6,,20260212,1998,아파트,중개거래,서울 성북구
2025,11410,서대문구,10900,현저동,1,대지,1019,0,독립문파크빌,20251205,68000,59.4,0,6,,,2000,아파트,중개거래,서울 서대문구
2025,11410,서대문구,10900,현저동,1,대지,200,0,독립문극동(200-0),20251205,136000,102.45,0,14,,,1998,아파트,중개거래,서울 서대문구
2025,11410,서대문구,11100,홍제동,1,대지,360,45,도은빌,20251205,37800,72.62,42,2,,,2003,연립다세대,중개거래,서울 서대문구
2025,11170,용산구,10200,용산동2가,1,대지,23,5,(23-5),20251205,75000,51.24,54,2,,,1987,연립다세대,중개거래,서울 용산구
2025,11305,강북구,10100,미아동,1,대지,160,3,푸르지오시티,20251205,13700,18.647,0,10,,,2014,아파트,중개거래,서울 강북구
2025,11215,광진구,10300,구의동,1,대지,665,0,파크타운,20251205,84800,59.26,0,6,,,2015,아파트,중개거래,서울 광진구
2025,11410,서대문구,11800,홍은동,1,대지,281,4,(281-4),20251205,11500,41.92,24,-1,,,1991,연립다세대,중개거래,서울 서대문구
2025,11200,성동구,11500,성수동2가,1,대지,299,134,(299-134),20251205,34400,40.2,46.945,3,,,2017,오피스텔,중개거래,서울 성동구
2025,11560,영등포구,11100,당산동1가,1,대지,186,99,파비엥노블레스103동,20251205,29500,29.91,20,5,,,2018,연립다세대,중개거래,서울 영등포구
2025,11710,송파구,11400,마천동,1,대지,351,9,(351-9),20251205,29000,74.45,48,2,,,1981,연립다세대,직거래,
2025,11710,송파구,10100,잠실동,1,대지,303,9,파랑새빌라,20251205,34000,20.9,13,3,,,2011,연립다세대,중개거래,서울 송파구
2025,11650,서초구,10700,반포동,1,대지,715,15,장현빌라,20251205,72600,69.22,25,3,,,2001,연립다세대,중개거래,서울 서초구
2025,11170,용산구,10700,동자동,1,대지,56,0,트윈시티 남산,20251205,28000,25.48,41.02,12,,,2015,오피스텔,중개거래,서울 용산구
2025,11290,성북구,10200,성북동1가,1,대지,106,37,정우빌,20251205,27000,29.24,25,1,,,2017,연립다세대,중개거래,서울 성북구
2025,11200,성동구,11400,성수동1가,1,대지,718,0,트리마제,20251205,530000,84.54,0,11,,,2017,아파트,중개거래,"서울 성동구, 서울 용산구"
2025,11470,양천구,10100,신정동,1,대지,1202,8,정현그린빌,20251205,106000,62.46,29,3,,,2002,연립다세대,중개거래,"서울 마포구, 서울 양천구"
2025,11680,강남구,10600,대치동,1,대지,891,6,테헤란로대우아이빌(891-6),20251205,41800,35.61,0,20,,,2004,아파트,중개거래,서울 강남구
2025,11380,은평구,10700,응암동,1,대지,676,20,제니더플래인엣명지,20251205,32000,40.15,48.53,8,,,2021,오피스텔,중개거래,서울 은평구
2025,11710,송파구,11100,방이동,1,대지,212,8,코오롱아파트,20251205,210000,84.95,0,12,,20251212,1991,아파트,중개거래,서울 송파구
2025,11320,도봉구,10700,창동,1,대지,624,15,태솔유니크빌,20251205,24200,70.12,79.74,5,,,2002,오피스텔,중개거래,서울 도봉구
2025,11440,마포구,12500,성산동,1,대지,592,2,태림센트윈Ⅱ,20251205,43000,30.85,41.46,3,,,2021,오피스텔,직거래,
2025,11470,양천구,10200,목동,1,대지,315,14,제이엘카운티2,20251205,18900,27.87,18,1,,,2011,연립다세대,중개거래,서울 양천구
2025,11350,노원구,10300,공릉동,1,대지,81,0,태강아파트(아이파크),20251205,65500,59.38,0,6,,,1999,아파트,중개거래,서울 노원구
2025,11530,구로구,10200,구로동,1,대지,651,2,퀸즈파크 구일,20251205,13000,17.363,23.5374,9,,,2019,오피스텔,중개거래,서울 구로구
2025,11590,동작구,10700,사당동,1,대지,240,15,제일,20251205,102500,60.03,0,9,,,1987,아파트,중개거래,서울 동작구
2025,11710,송파구,11100,방이동,1,대지,212,8,코오롱아파트,20251205,210000,84.95,0,12,,,1991,아파트,중개거래,서울 송파구
2025,11470,양천구,10100,신정동,1,대지,319,26,젠트리빌 업무복합시설,20251205,72000,59.24,81.55,9,,,2023,오피스텔,직거래,
2025,11470,양천구,10100,신정동,1,대지,319,26,젠트리빌 업무복합시설,20251205,73000,59.24,81.55,9,,,2023,오피스텔,직거래,
2025,11470,양천구,10100,신정동,1,대지,319,26,젠트리빌 업무복합시설,20251205,84600,59.24,81.55,16,,,2023,오피스텔,직거래,
2025,11290,성북구,13500,종암동,1,대지,3,344,케이하우스,20251205,47000,56.04,35,6,,,2019,연립다세대,중개거래,서울 성북구
2025,11620,관악구,10100,봉천동,1,대지,178,62,초원빌리지,20251205,38000,69.12,31,2,,,2002,연립다세대,중개거래,서울 관악구
2025,11215,광진구,10500,자양동,1,대지,651,37,죠이빌,20251205,68000,28.47,19,6,,,2019,연립다세대,중개거래,서울 광진구
2025,11305,강북구,10200,번동,1,대지,139,0,해모로아파트,20251205,56000,84.93,0,7,,,2003,아파트,중개거래,서울 강북구
2025,11710,송파구,10100,잠실동,1,대지,244,7,초원빌라,20251205,39500,56.16,29,-1,,,1995,연립다세대,중개거래,서울 송파구
2025,11215,광진구,10400,광장동,1,대지,102,0,현대골든텔,20251205,17000,24.71,33.9,7,,,1991,오피스텔,중개거래,서울 광진구
2025,11350,노원구,10200,월계동,1,대지,556,0,주공2,20251205,35700,44.52,0,14,,,1992,아파트,중개거래,서울 노원구
2025,11230,동대문구,10900,휘경동,1,대지,57,0,주공2,20251205,70300,59.79,0,8,,,2001,아파트,중개거래,서울 동대문구
2025,11350,노원구,10600,중계동,1,대지,359,1,주공5,20251205,73800,58.46,0,3,,,1992,아파트,중개거래,서울 노원구
2025,11350,노원구,10600,중계동,1,대지,359,1,주공5,20251205,67500,58.46,0,1,,,1992,아파트,중개거래,서울 노원구
2025,11230,동대문구,10500,답십리동,1,대지,80,2,청솔2차우성,20251205,79700,82.49,0,11,,,2000,아파트,중개거래,서울 동대문구
2025,11710,송파구,10100,잠실동,1,대지,27,0,주공아파트 5단지,20251205,387700,76.5,0,11,,,1978,아파트,중개거래,서울 송파구
2025,11710,송파구,10100,잠실동,1,대지,27,0,주공아파트 5단지,20251205,349700,76.5,0,8,,,1978,아파트,중개거래,서울 서초구
2025,11380,은평구,10300,불광동,1,대지,94,0,중앙타운,20251205,34700,62.52,30,2,,,2000,연립다세대,중개거래,"경기 고양시 덕양구, 서울 은평구"
2025,11530,구로구,10200,구로동,1,대지,685,124,중앙하이츠,20251205,64400,79.97,0,1,,,1987,아파트,중개거래,"경기 부천시 소사구, 서울 구로구"
2025,11680,강남구,10800,논현동,1,대지,44,9,지고하임(102동),20251205,119000,73.17,0,1,,,2003,아파트,중개거래,서울 강남구
2025,11560,영등포구,11000,여의도동,1,대지,54,0,진주,20251205,160000,94.31,0,7,,,1977,아파트,직거래,
2025,11440,마포구,12200,합정동,1,대지,428,52,진흥하임빌,20251205,30000,29.88,19,4,,,2011,연립다세대,직거래,
2025,11410,서대문구,10600,천연동,1,대지,145,0,천연뜨란채,20251205,95000,57.78,0,4,,,2006,아파트,중개거래,서울 서대문구
2025,11740,강동구,10900,천호동,1,대지,47,24,천호1차우림루미아트,20251205,80000,84.69,0,11,,,2004,아파트,중개거래,서울 강동구
2025,11200,성동구,12200,용답동,1,대지,9,25,청계리버빌3차,20251205,54700,22.14,18,3,,,2022,연립다세대,직거래,
2025,11200,성동구,12200,용답동,1,대지,9,25,청계리버빌3차,20251205,56000,22.14,18,2,,,2022,연립다세대,직거래,
2025,11680,강남구,10500,삼성동,1,대지,58,2,청담역 푸르지오시티,20251205,42800,25.84,39.99,12,,,2014,오피스텔,중개거래,서울 강남구
2025,11500,강서구,10300,화곡동,1,대지,161,37,현대골든빌,20251205,13400,32.8,29,2,,,2007,연립다세대,중개거래,서울 송파구
2025,11305,강북구,10100,미아동,1,대지,705,1,한화포레나미아,20251205,89500,59.987,0,12,분양권,,0,아파트,중개거래,서울 강북구
2025,11350,노원구,10600,중계동,1,대지,598,0,한화꿈에그린,20251205,83600,84.902,0,8,,,2005,아파트,중개거래,서울 노원구
2025,11230,동대문구,10500,답십리동,1,대지,530,15,현대썬앤빌청계,20251205,11000,14.21,0,12,,,2016,아파트,직거래,
2025,11530,구로구,10200,구로동,1,대지,108,0,현대파크빌,20251205,11500,50.7,63.54,8,,,1999,오피스텔,중개거래,서울 구로구
2025,11350,노원구,10600,중계동,1,대지,598,0,한화꿈에그린,20251205,86000,84.902,0,5,,,2005,아파트,중개거래,서울 노원구
2025,11680,강남구,10500,삼성동,1,대지,50,0,현대힐스테이트2단지,20251205,197000,43.842,0,8,,,2008,아파트,중개거래,서울 강남구
2025,11290,성북구,10300,돈암동,1,대지,609,1,한진(609-1),20251205,85000,84.87,0,20,,,1998,아파트,중개거래,서울 성북구
2025,11290,성북구,10300,돈암동,1,대지,609,1,한진(609-1),20251205,66000,59.58,0,18,,,1998,아파트,중개거래,서울 성북구
2025,11620,관악구,10100,봉천동,1,대지,1000,0,현대(관악),20251205,74500,58.59,0,1,,,1992,아파트,중개거래,서울 관악구
2025,11530,구로구,10200,구로동,1,대지,830,0,한영캐슬시티,20251205,11500,17.03,25.35,4,,,null,오피스텔,중개거래,서울 구로구
2025,11620,관악구,10100,봉천동,1,대지,1000,0,현대(관악),20251205,82500,58.59,0,12,,,1992,아파트,중개거래,서울 관악구
2025,11530,구로구,10700,개봉동,1,대지,493,0,한양아이클래스구로,20251205,39700,47.74,0,11,,,2018,아파트,중개거래,서울 구로구
2025,11320,도봉구,10500,쌍문동,1,대지,59,0,한양2,20251205,27200,35.1,0,5,,,1988,아파트,중개거래,서울 도봉구
2025,11470,양천구,10300,신월동,1,대지,48,4,행운주택(다),20251205,11000,41.19,23,-1,,,1988,연립다세대,직거래,
2025,11410,서대문구,11100,홍제동,1,대지,366,2,해오름빌라(366-2),20251205,37500,68.31,29,3,,,2002,연립다세대,중개거래,서울 서대문구
2025,11215,광진구,10400,광장동,1,대지,577,0,현대파크빌,20251205,218000,84.81,0,11,,,2000,아파트,중개거래,서울 광진구
2025,11545,금천구,10200,독산동,1,대지,1093,4,한신아파트,20251205,60000,89.46,0,3,,,1991,아파트,중개거래,"경기 화성시, 서울 금천구"
2025,11500,강서구,10200,등촌동,1,대지,634,2,한사랑2삼성,20251205,91000,84.96,0,13,,,1999,아파트,중개거래,서울 강서구
2025,11440,마포구,11800,당인동,1,대지,12,22,(12-22),20251205,59000,32.56,24,3,,,1990,연립다세대,중개거래,서울 마포구
2025,11650,서초구,10800,서초동,1,대지,1507,58,(1507-58),20251205,95000,73.44,36,1,,,2005,연립다세대,중개거래,서울 서초구
2025,11530,구로구,10700,개봉동,1,대지,476,0,한마을,20251205,81000,59.57,0,20,,,1999,아파트,중개거래,서울 구로구
2025,11170,용산구,12900,이촌동,1,대지,415,0,한강(대우),20251205,330000,134.13,0,12,,,2000,아파트,중개거래,서울 용산구
2025,11620,관악구,10100,봉천동,1,대지,893,1,프라비다M,20251205,32000,30.01,0,16,,,2014,아파트,중개거래,서울 관악구
2025,11680,강남구,10300,개포동,1,대지,1239,14,퓨전빌라,20251205,95000,69.89,36,2,,,2002,연립다세대,중개거래,서울 강남구
2025,11140,중구,16200,신당동,1,대지,353,58,푸른마을11차,20251205,55500,55.59,30,3,,,2002,연립다세대,중개거래,서울 중구
2025,11410,서대문구,11100,홍제동,1,대지,312,77,연안빌라트,20251205,34000,55.16,22,2,,,1997,연립다세대,중개거래,서울 서대문구
2025,11110,종로구,13400,경운동,1,대지,89,4,운현궁 에스케이 허브,20251205,50000,56.03,77.27,8,,20260115,2005,오피스텔,중개거래,서울 종로구
2025,11110,종로구,13400,경운동,1,대지,89,4,운현궁 에스케이 허브,20251205,25000,30.28,41.76,3,,20260115,2005,오피스텔,중개거래,서울 종로구
2025,11710,송파구,10500,석촌동,1,대지,285,0,잠실한솔,20251205,168000,84.94,0,5,,,2000,아파트,중개거래,서울 송파구
2025,11710,송파구,10100,잠실동,1,대지,19,0,잠실엘스,20251205,335000,84.8,0,7,,,2008,아파트,중개거래,서울 송파구
2025,11215,광진구,10500,자양동,1,대지,787,0,자양삼성,20251205,189000,114.88,0,11,,,1999,아파트,중개거래,서울 광진구
2025,11215,광진구,10500,자양동,1,대지,512,6,자양빌라(512-6),20251205,42500,41.12,31,1,,,1988,연립다세대,중개거래,서울 광진구
2025,11380,은평구,10800,역촌동,1,대지,25,88,인산엘르빌(25-88),20251205,21500,21.17,13,4,,,2017,연립다세대,중개거래,서울 은평구
2025,11290,성북구,13200,보문동3가,1,대지,230,0,이편한세상보문,20251205,119500,116.721,0,15,,,2013,아파트,중개거래,서울 성북구
2025,11470,양천구,10100,신정동,1,대지,1317,0,이펜하우스4단지,20251205,63500,59.93,0,10,,,2011,아파트,중개거래,"경기 이천시, 서울 강서구"
2025,11590,동작구,10700,사당동,1,대지,1161,0,이수푸르지오더프레티움,20251205,219000,84.924,0,4,,,2021,아파트,중개거래,서울 동작구
2025,11290,성북구,10300,돈암동,1,대지,636,0,이수브라운스톤돈암,20251205,79700,59.99,0,13,,,2004,아파트,중개거래,서울 성북구
2025,11380,은평구,11400,진관동,1,대지,100,1,은평헤스티아 2차,20251205,12000,26.23,40.35,6,,,null,오피스텔,중개거래,서울 은평구
2025,11680,강남구,10800,논현동,1,대지,44,6,은탑리더스카운티,20251205,145000,135.67,0,3,,,2003,아파트,중개거래,서울 강남구
2025,11350,노원구,10500,상계동,1,대지,1255,0,은빛1단지,20251205,51500,59.95,0,2,,,1998,아파트,중개거래,서울 노원구
2025,11590,동작구,10700,사당동,1,대지,316,102,웰리치파크(316-102),20251205,44600,46.272,29,2,,,2014,연립다세대,중개거래,서울 동작구
2025,11350,노원구,10200,월계동,1,대지,951,0,월계센트럴아이파크,20251205,93000,59.99,0,15,,,2020,아파트,중개거래,서울 노원구
2025,11170,용산구,13000,이태원동,1,대지,181,36,운산빌라,20251205,149000,125.89,59,2,,,1996,연립다세대,중개거래,"서울 성동구, 서울 용산구"
2025,11500,강서구,10300,화곡동,1,대지,1151,0,우장산한화꿈에그린,20251205,105000,120.11,0,10,,,2004,아파트,중개거래,서울 강서구
2025,11680,강남구,11800,도곡동,1,대지,467,24,우성캐릭터199,20251205,39000,41.65,56.57,6,,,1998,오피스텔,중개거래,서울 강남구
2025,11560,영등포구,13300,대림동,1,대지,1011,18,우성아트빌,20251205,28000,23.82,16,5,,,2016,연립다세대,중개거래,서울 영등포구
2025,11530,구로구,10100,신도림동,1,대지,638,0,우성5,20251205,83000,59.91,0,11,,,1994,아파트,중개거래,서울 구로구
2025,11530,구로구,10100,신도림동,1,대지,637,0,우성3,20251205,109000,84.75,0,10,,,1993,아파트,중개거래,서울 구로구
2025,11560,영등포구,13300,대림동,1,대지,696,0,우성1,20251205,58000,52.07,0,10,,,1985,아파트,중개거래,"서울 광진구, 서울 영등포구"
2025,11680,강남구,10500,삼성동,1,대지,75,8,우림보보카운티 오피스텔,20251205,27400,27.18,38.15,12,,,2004,오피스텔,중개거래,서울 강남구
2025,11740,강동구,10800,성내동,1,대지,599,0,우림루미아트,20251205,86700,84.5,0,9,,,2004,아파트,중개거래,서울 강동구
2025,11230,동대문구,10200,용두동,1,대지,794,0,용두롯데캐슬리치,20251205,110000,59.985,0,10,,,2015,아파트,중개거래,서울 동대문구
2025,11200,성동구,10200,하왕십리동,1,대지,1071,0,왕십리자이,20251205,158000,59.99,0,14,,,2017,아파트,중개거래,서울 성동구
2025,11710,송파구,11100,방이동,1,대지,187,12,올림픽빌리지,20251205,49800,48.57,31,4,,,2014,연립다세대,중개거래,서울 송파구
2025,11710,송파구,10800,문정동,1,대지,37,3,예원플러스빌,20251205,43000,54.09,24,4,,,2003,연립다세대,중개거래,서울 송파구
2025,11620,관악구,10300,남현동,1,대지,1138,0,예성그랑펠리체,20251205,102000,83.59,0,3,,,2007,아파트,중개거래,서울 서초구
2025,11380,은평구,10800,역촌동,1,대지,66,50,예랑빌리지,20251205,21500,50.57,20,1,,,1994,연립다세대,중개거래,서울 은평구
2025,11710,송파구,11200,오금동,1,대지,74,7,"영동하이츠빌라(가,나동)",20251205,23500,59.4,27,4,,,1992,연립다세대,직거래,
2025,11500,강서구,10100,염창동,1,대지,305,0,염창1차보람더하임,20251205,118000,84.97,0,8,,,2008,아파트,중개거래,서울 강서구
2025,11680,강남구,10100,역삼동,1,대지,713,11,역삼I'PARK,20251205,81000,28.246,0,2,,,2006,아파트,중개거래,서울 강남구
2025,11680,강남구,10100,역삼동,1,대지,713,11,역삼I'PARK,20251205,86000,28.246,0,5,,,2006,아파트,중개거래,서울 강남구
2025,11560,영등포구,10400,영등포동3가,1,대지,4,1,여의도 포레스트 시티,20251205,25000,29.93,43.058,13,,,2021,오피스텔,중개거래,서울 영등포구
2025,11650,서초구,10800,서초동,1,대지,1599,2,엘지서초에클라트,20251205,39500,50.11,66.528,5,,,2004,오피스텔,중개거래,"서울 강남구, 서울 서초구"
2025,11260,중랑구,10200,상봉동,1,대지,484,0,"엘지,쌍용아파트",20251205,62000,68.12,0,3,,,1996,아파트,중개거래,서울 중랑구
2025,11305,강북구,10100,미아동,1,대지,1353,0,에스케이북한산시티,20251205,61500,59.98,0,4,,,2004,아파트,중개거래,서울 강북구
2025,11710,송파구,10400,송파동,1,대지,97,30,에비앙하우스,20251205,35000,28.62,19,4,,,2018,연립다세대,중개거래,서울 송파구
2025,11560,영등포구,12700,양평동3가,1,대지,53,0,양평동 대우이안1,20251205,64000,74.17,91.05,6,,,2005,오피스텔,중개거래,서울 영등포구
2025,11500,강서구,10300,화곡동,1,대지,899,21,양지샤인아파트,20251205,24300,20.37,0,8,,,2018,아파트,중개거래,서울 강서구
2025,11140,중구,16200,신당동,1,대지,842,0,약수하이츠,20251205,120000,57.63,0,2,,,1999,아파트,중개거래,서울 중구
2025,11380,은평구,10800,역촌동,1,대지,45,19,아트빌하우스,20251205,22900,44.9,29,5,,,2010,연립다세대,중개거래,서울 은평구
2025,11290,성북구,13500,종암동,1,대지,131,0,아이파크종암동2차,20251205,92000,84.73,0,3,,,2005,아파트,중개거래,서울 성북구
2025,11380,은평구,11400,진관동,1,대지,100,3,아이파크 포레스트 게이트,20251205,11200,24.91,35.78,2,,,2013,오피스텔,중개거래,서울 은평구
2025,11410,서대문구,11200,대현동,1,대지,90,15,아리움Ⅰ,20251205,16900,16.13,23.62,6,,,2019,오피스텔,중개거래,서울 서대문구
2025,11680,강남구,10600,대치동,1,대지,943,24,신안메트로칸,20251205,30000,30.11,43.48,16,,,2004,오피스텔,중개거래,서울 강남구
2025,11650,서초구,10600,잠원동,1,대지,15,4,신사샤르망에스,20251205,24000,24.8,33.66,7,,,2008,오피스텔,중개거래,서울 서초구
2025,11650,서초구,10600,잠원동,1,대지,70,0,신반포4,20251205,510000,100.11,0,11,,,1979,아파트,중개거래,서울 서초구
2025,11530,구로구,10200,구로동,1,대지,1267,0,신도림태영타운,20251205,120000,84.87,0,27,,,2000,아파트,중개거래,서울 구로구
2025,11140,중구,16500,황학동,1,대지,2484,0,신당역올리브2,20251205,13300,23.82,32.35,11,,,2004,오피스텔,중개거래,서울 중구
2025,11710,송파구,10600,삼전동,1,대지,91,10,승리빌라트(91-10),20251205,37000,40.39,18,4,,,2002,연립다세대,중개거래,서울 송파구
2025,11710,송파구,10600,삼전동,1,대지,91,10,승리빌라트(91-10),20251205,23000,22.73,10,4,,,2002,연립다세대,중개거래,서울 송파구
2025,11560,영등포구,11700,당산동,1,대지,121,245,스테이휴당산101동,20251205,43000,48.44,34,2,,,2016,연립다세대,중개거래,서울 영등포구
2025,11470,양천구,10200,목동,1,대지,772,11,스카이빌아파트,20251205,110000,84.59,0,9,,,2002,아파트,중개거래,서울 양천구
2025,11290,성북구,13300,정릉동,1,대지,508,194,스카이로얄산장빌라C동,20251205,10000,43.92,35,1,,,1992,연립다세대,중개거래,서울 동대문구
2025,11500,강서구,10300,화곡동,1,대지,24,222,순환쉐르빌(24-222),20251205,25300,56.91,27,4,,,2002,연립다세대,중개거래,서울 강서구
2025,11470,양천구,10200,목동,1,대지,231,285,수정빌라나동,20251205,24300,36.53,20,2,,,1990,연립다세대,중개거래,서울 양천구
2025,11440,마포구,12500,성산동,1,대지,81,106,성산힐아파트,20251205,64600,81.27,0,5,,,2011,아파트,중개거래,서울 마포구
2025,11680,강남구,11500,수서동,1,대지,713,0,수서현대벤쳐빌,20251205,140000,129.05,184.35,5,,,2002,오피스텔,중개거래,서울 강남구
2025,11470,양천구,10300,신월동,1,대지,1036,0,수명산롯데캐슬,20251205,72500,84.96,0,6,,,2008,아파트,중개거래,"서울 강서구, 서울 양천구"
2025,11710,송파구,10400,송파동,1,대지,117,41,송파아트빌라,20251205,38500,27.06,15,6,,,2017,연립다세대,중개거래,서울 송파구
2025,11710,송파구,10800,문정동,1,대지,624,0,송파 아이파크,20251205,82800,59.99,85.962,16,,,2015,오피스텔,중개거래,서울 송파구
2025,11710,송파구,10800,문정동,1,대지,624,0,송파 아이파크,20251205,64000,49.7,71.217,16,,,2015,오피스텔,중개거래,서울 송파구
2025,11290,성북구,10700,동소문동4가,1,대지,279,0,송산아파트,20251205,91500,111.55,0,14,,,1998,아파트,중개거래,"경기 남양주시, 서울 성북구"
2025,11290,성북구,10700,동소문동4가,1,대지,279,0,송산아파트,20251205,83000,84.87,0,13,,,1998,아파트,중개거래,서울 성북구
2025,11290,성북구,10700,동소문동4가,1,대지,279,0,송산아파트,20251205,59500,58.59,0,12,,,1998,아파트,중개거래,서울 성북구
2025,11620,관악구,10100,봉천동,1,대지,1641,40,송림빌라(E동),20251205,23600,48.84,23,3,,,1994,연립다세대,중개거래,서울 관악구
2025,11620,관악구,10100,봉천동,1,대지,1641,38,송림빌라(A동),20251205,25500,46.99,26,1,,,1994,연립다세대,중개거래,서울 관악구
2025,11545,금천구,10300,시흥동,1,대지,789,13,세진파크,20251205,19900,29.64,15,4,,,2017,연립다세대,중개거래,서울 금천구
2025,11440,마포구,11500,상수동,1,대지,157,1,세방글로벌시티,20251205,20000,29.5,39.38,11,,,2005,오피스텔,중개거래,서울 마포구
2025,11320,도봉구,10500,쌍문동,1,대지,315,345,성원하이츠,20251205,18000,26.33,13,4,,,2014,연립다세대,중개거래,"서울 강북구, 서울 도봉구"
2025,11260,중랑구,10100,면목동,1,대지,113,3,성원하이츠,20251205,35500,37.97,24,2,,,2016,연립다세대,중개거래,서울 중랑구
2025,11170,용산구,11900,효창동,1,대지,5,172,성우빌라,20251205,96000,43.47,20,1,,,1993,연립다세대,중개거래,서울 용산구
2025,11740,강동구,10700,암사동,1,대지,509,0,선사현대아파트,20251205,133000,59.64,0,14,,,2000,아파트,중개거래,서울 강동구
2025,11650,서초구,10800,서초동,1,대지,1458,6,서초지웰,20251205,197000,84.74,0,14,,,2005,아파트,중개거래,"서울 강남구, 서울 서초구"
2025,11650,서초구,10800,서초동,1,대지,1583,10,서초아트자이,20251205,285000,165.572,0,14,,,2009,아파트,중개거래,서울 서초구
2025,11650,서초구,10800,서초동,1,대지,1616,10,서초극동스타클래스,20251205,203000,110.72,0,2,,,2003,아파트,중개거래,서울 서초구
2025,11650,서초구,10800,서초동,1,대지,1680,1,서초 아르누보씨티,20251205,25000,33.33,54.73,8,,,2010,오피스텔,중개거래,서울 서초구
2025,11320,도봉구,10800,도봉동,1,대지,641,0,서원,20251205,37800,49.77,0,16,,,1996,아파트,중개거래,서울 도봉구
2025,11290,성북구,13600,하월곡동,1,대지,224,0,샹그레빌아파트,20251205,69000,79.248,0,12,,,2004,아파트,중개거래,경기 남양주시
2025,11740,강동구,10800,성내동,1,대지,382,1,샤인빌(A동),20251205,40000,84.56,0,5,,,2003,아파트,직거래,
2025,11170,용산구,13100,한남동,1,대지,11,285,상월대1동,20251205,535000,167.17,129,1,,,2013,연립다세대,중개거래,서울 강남구
2025,11440,마포구,12700,상암동,1,대지,1743,0,상암월드컵파크12단지,20251205,120000,114.53,0,9,,,2010,아파트,중개거래,서울 마포구
2025,11440,마포구,12700,상암동,1,대지,1734,0,상암 한화 오벨리스크,20251205,11900,24.22,31.39,8,,,2013,오피스텔,중개거래,서울 마포구
2025,11440,마포구,12700,상암동,1,대지,1734,0,상암 한화 오벨리스크,20251205,10300,19.93,25.83,9,,,2013,오피스텔,중개거래,서울 마포구
2025,11350,노원구,10500,상계동,1,대지,691,0,상계주공7(고층),20251205,51500,45.9,0,10,,,1988,아파트,중개거래,서울 노원구
2025,11350,노원구,10500,상계동,1,대지,730,2,상계주공3(고층),20251205,69000,60.5,0,5,,,1987,아파트,중개거래,서울 노원구
2025,11350,노원구,10500,상계동,1,대지,730,2,상계주공3(고층),20251205,70700,58.01,0,12,,,1987,아파트,중개거래,서울 노원구
2025,11350,노원구,10500,상계동,1,대지,637,0,상계주공13(고층),20251205,45800,58.01,0,15,,,1989,아파트,중개거래,경기 고양시 덕양구
2025,11350,노원구,10500,상계동,1,대지,666,0,상계주공10(고층),20251205,62500,61.52,0,4,,,1988,아파트,중개거래,서울 노원구
2025,11350,노원구,10500,상계동,1,대지,1282,0,상계2차중앙하이츠,20251205,58500,59.82,0,16,,,1998,아파트,중개거래,서울 노원구
2025,11350,노원구,10500,상계동,1,대지,1055,0,상계1차현대아파트,20251205,57500,83.92,0,9,,,1993,아파트,중개거래,"서울 강동구, 서울 노원구"
2025,11620,관악구,10200,신림동,1,대지,92,158,삼일,20251205,14500,49.2,25,3,,,1991,연립다세대,직거래,
2025,11230,동대문구,10400,전농동,1,대지,679,4,삼익연립A~C,20251205,90500,48.17,45,3,,,1980,연립다세대,직거래,
2025,11530,구로구,10600,고척동,1,대지,331,0,삼익(2단지),20251205,45000,59.82,0,4,,,2001,아파트,중개거래,서울 구로구
2025,11500,강서구,10300,화곡동,1,대지,368,17,삼성아트빌,20251205,20100,57.31,27,1,,,2002,연립다세대,중개거래,"서울 강서구, 서울 양천구"
2025,11530,구로구,10100,신도림동,1,대지,302,4,삼성드림빌,20251205,34000,46.98,23,3,,,2013,연립다세대,중개거래,서울 구로구
2025,11290,성북구,11200,삼선동2가,1,대지,425,0,삼선푸르지오,20251205,92500,84.83,0,12,,,2008,아파트,중개거래,서울 성북구
2025,11290,성북구,11300,삼선동3가,1,대지,116,0,삼선에스케이뷰,20251205,127000,84.95,0,9,,,2012,아파트,중개거래,서울 성북구
2025,11305,강북구,10100,미아동,1,대지,1357,0,삼각산아이원,20251205,71000,84.705,0,2,,,2003,아파트,중개거래,서울 강북구
2025,11260,중랑구,10100,면목동,1,대지,1545,0,사가정센트럴아이파크,20251205,128000,84.87,0,15,,,2020,아파트,중개거래,서울 중랑구
2025,11650,서초구,10200,양재동,1,대지,17,35,비젼아파트101동,20251205,125000,102.46,0,2,,,2003,아파트,중개거래,"서울 강동구, 서울 서초구"
2025,11230,동대문구,10100,신설동,1,대지,91,262,브릿지하임,20251205,22000,14.905,21.556,8,,,2022,오피스텔,중개거래,서울 동대문구
2025,11380,은평구,10300,불광동,1,대지,641,0,북한산현대힐스테이트3차아파트,20251205,84000,59.99,0,6,,,2010,아파트,중개거래,서울 은평구
2025,11320,도봉구,10700,창동,1,대지,647,1,북한산현대홈시티,20251205,31500,61.57,75.131,3,,,2005,오피스텔,중개거래,서울 도봉구
2025,11380,은평구,10200,녹번동,1,대지,281,0,북한산푸르지오,20251205,111500,84.99,0,6,,,2015,아파트,중개거래,서울 은평구
2025,11110,종로구,18600,신영동,1,대지,211,5,북악더테라스4단지,20251205,90000,84.98,97,-1,,,2019,연립다세대,중개거래,서울 종로구
2025,11290,성북구,12800,보문동6가,1,대지,458,0,보문파크뷰자이,20251205,128500,84.96,0,7,,,2017,아파트,중개거래,서울 성북구
2025,11305,강북구,10100,미아동,1,대지,1354,0,벽산라이브파크,20251205,56000,59.67,0,17,,,2004,아파트,중개거래,서울 강북구
2025,11305,강북구,10200,번동,1,대지,133,1,번동한양아파트,20251205,55300,84.67,0,4,,,1992,아파트,중개거래,서울 강북구
2025,11380,은평구,10700,응암동,1,대지,767,0,백련산에스케이뷰아이파크,20251205,86000,59.854,0,1,,,2020,아파트,중개거래,서울 은평구
2025,11500,강서구,10900,방화동,1,대지,814,0,방화5,20251205,39800,33.18,0,13,,,1994,아파트,중개거래,서울 강서구
2025,11650,서초구,10100,방배동,1,대지,923,6,방배아크로타워,20251205,86000,60.12,0,3,,,2007,아파트,중개거래,서울 서초구
2025,11650,서초구,10100,방배동,1,대지,3001,2,방배디오슈페리움Ⅰ,20251205,138000,125.79,0,14,,,2006,아파트,직거래,
2025,11650,서초구,10100,방배동,1,대지,3001,2,방배디오슈페리움Ⅰ,20251205,39000,37.57,54.8,15,,,2006,오피스텔,중개거래,"서울 강남구, 서울 서초구"
2025,11650,서초구,10100,방배동,1,대지,488,4,방배 리더스빌,20251205,16500,30.74,42.17,2,,,2004,오피스텔,중개거래,서울 서초구
2025,11410,서대문구,11800,홍은동,1,대지,10,310,미소지움105동,20251205,27000,22.65,17,4,,,2019,연립다세대,직거래,
2025,11350,노원구,10200,월계동,1,대지,13,0,미성,20251205,78000,50.14,0,14,,,1986,아파트,중개거래,서울 노원구
2025,11650,서초구,10800,서초동,1,대지,1598,9,서초프라비다,20251205,15000,14.475,20.57,15,,20251229,2014,오피스텔,직거래,
2025,11740,강동구,10900,천호동,1,대지,155,5,강동역두산위브센티움,20251205,13900,25.43,25.43,14,,,2004,오피스텔,중개거래,서울 강동구
2025,11500,강서구,10400,가양동,1,대지,1462,0,강서한강월드메르디앙,20251205,104000,84.9,0,10,,,2006,아파트,중개거래,서울 강서구
2025,11260,중랑구,10100,면목동,1,대지,105,4,건원베스트원,20251205,19200,21,0,11,,,2015,아파트,중개거래,서울 중랑구
2025,11740,강동구,11000,강일동,1,대지,717,0,고덕리엔파크2단지,20251205,137000,114.97,0,2,,,2011,아파트,중개거래,서울 강동구
2025,11560,영등포구,12800,양평동4가,1,대지,51,1,경남아너스빌,20251205,85000,70.94,0,2,,,2000,아파트,중개거래,서울 영등포구
2025,11740,강동구,10300,상일동,1,대지,490,0,고덕리엔파크3단지,20251205,81000,84.83,0,7,,,2011,아파트,직거래,
2025,11140,중구,16200,신당동,1,대지,349,204,골든하우스,20251205,98000,63.51,36,3,,,2004,연립다세대,중개거래,서울 중구
2025,11500,강서구,10300,화곡동,1,대지,1165,0,강서힐스테이트,20251205,132000,59.99,0,11,,,2015,아파트,중개거래,서울 강서구
2025,11440,마포구,10200,공덕동,1,대지,475,0,공덕푸르지오시티,20251205,24900,27.743,35.523,19,,,2013,오피스텔,중개거래,서울 마포구
2025,11740,강동구,11000,강일동,1,대지,673,0,강일리버파크4단지,20251205,120000,84.83,0,11,,,2009,아파트,중개거래,서울 강동구
2025,11620,관악구,10100,봉천동,1,대지,869,10,관악센츄리타워,20251205,11000,30.1,30.1,10,,,1995,오피스텔,중개거래,서울 관악구
2025,11320,도봉구,10600,방학동,1,대지,701,15,거성학마을아파트,20251205,65000,134.29,0,9,,,1994,아파트,직거래,
2025,11500,강서구,10100,염창동,1,대지,268,0,관음삼성,20251205,98000,84.93,0,12,,,1997,아파트,중개거래,서울 강서구
2025,11740,강동구,10200,고덕동,1,대지,693,0,고덕그라시움,20251205,199400,59.785,0,27,,,2019,아파트,중개거래,서울 강동구
2025,11680,강남구,11200,자곡동,1,대지,662,0,강남 지웰홈스,20251205,45000,50.31,69.91,10,,,2014,오피스텔,중개거래,서울 강남구
2025,11215,광진구,10400,광장동,1,대지,567,0,광나루현대,20251205,185000,84.92,0,8,,,1996,아파트,중개거래,서울 광진구
2025,11620,관악구,10100,봉천동,,,,,,20251205,130000,360.09,159,,,,1996,단독다가구,중개거래,서울 관악구
2025,11215,광진구,10700,화양동,1,대지,113,1,광진코지웰,20251205,14300,15.63,0,3,,,2014,아파트,중개거래,서울 광진구
2025,11530,구로구,10200,구로동,1,대지,567,4,구로에스케이뷰,20251205,57000,87.965,109.691,17,,,2006,오피스텔,중개거래,서울 구로구
2025,11740,강동구,10500,길동,,,,,,20251205,110000,224.16,180,,,,1983,단독다가구,중개거래,서울 강동구
2025,11215,광진구,10300,구의동,1,대지,235,17,구의빌라(235-17),20251205,65000,99.05,53,4,,,1995,연립다세대,중개거래,서울 광진구
2025,11710,송파구,11400,마천동,,,,,,20251205,140000,210.78,145,,,,1986,단독다가구,중개거래,서울 송파구
2025,11620,관악구,10200,신림동,1,대지,1727,0,그대家,20251205,65800,84.77,0,12,,,2003,아파트,중개거래,서울 관악구
2025,11710,송파구,10300,풍납동,,,,,,20251205,126000,170.56,119,,,,1985,단독다가구,중개거래,"서울 강동구, 서울 송파구"
2025,11170,용산구,11100,청파동3가,,,,,,20251205,110000,167.46,72,,,,2002,단독다가구,중개거래,서울 용산구
2025,11560,영등포구,13200,신길동,,,,,,20251205,123000,149.82,112,,,,1994,단독다가구,중개거래,서울 영등포구
2025,11215,광진구,10100,중곡동,,,,,,20251205,69900,147.06,93,,,,1993,단독다가구,중개거래,서울 서초구
2025,11590,동작구,10700,사당동,,,,,,20251205,200000,118.61,99,,,,1976,단독다가구,중개거래,서울 강남구
2025,11260,중랑구,10500,망우동,1,대지,163,65,그린빌라다동,20251205,12000,41.66,30,1,,,1986,연립다세대,직거래,
2025,11230,동대문구,10600,장안동,1,대지,419,8,가은빌,20251205,39400,41.32,27,5,,,2016,연립다세대,중개거래,"서울 동대문구, 서울 성동구"
2025,11320,도봉구,10800,도봉동,1,대지,81,1,극동,20251205,47750,84.83,0,10,,,1991,아파트,중개거래,서울 도봉구
2025,11590,동작구,10700,사당동,1,대지,105,0,극동(105),20251205,140000,84.32,0,6,,,1993,아파트,중개거래,서울 동작구
2025,11215,광진구,10400,광장동,1,대지,218,1,극동2,20251205,250000,84.55,0,8,,,1989,아파트,중개거래,서울 광진구
2025,11110,종로구,17500,숭인동,,,,,,20251205,30000,36.36,56,,,,1935,단독다가구,중개거래,서울 종로구
2025,11170,용산구,10100,후암동,,,,,,20251205,97500,30.02,59,,,,1958,단독다가구,중개거래,서울 용산구
2025,11410,서대문구,11800,홍은동,1,대지,470,0,힐스테이트홍은포레스트,20251205,55400,59.84,0,2,,,2023,아파트,직거래,
2025,11380,은평구,10700,응암동,1,대지,770,0,힐스테이트녹번역,20251205,133000,84.99,0,5,,,2022,아파트,중개거래,"경기 고양시 덕양구, 서울 은평구"
2025,11545,금천구,10200,독산동,1,대지,1147,0,금천롯데캐슬골드파크1차,20251205,117500,84.811,0,22,,,2016,아파트,중개거래,서울 금천구
2025,11200,성동구,11500,성수동2가,1,대지,832,0,금호타운2차아파트,20251205,138000,84.94,0,5,,,1997,아파트,중개거래,서울 성동구
2025,11290,성북구,13400,길음동,1,대지,1282,0,길음뉴타운5단지(래미안),20251205,117800,84.96,0,11,,,2006,아파트,중개거래,서울 성북구
2025,11290,성북구,13300,정릉동,1,대지,1015,0,길음뉴타운경남아너스빌,20251205,82000,114.63,0,9,,,1999,아파트,중개거래,서울 성북구
2025,11290,성북구,13400,길음동,1,대지,1278,0,길음동동부센트레빌(1278-0),20251205,103000,114.912,0,8,,,2003,아파트,중개거래,서울 성북구
2025,11230,동대문구,10800,회기동,1,대지,351,0,회기힐스테이트,20251205,95500,84.99,0,5,,,2011,아파트,중개거래,서울 동대문구
2025,11140,중구,16500,황학동,1,대지,2523,0,황학아크로타워,20251205,129500,109.146,0,12,,,2010,아파트,중개거래,서울 중구
2025,11140,중구,16500,황학동,1,대지,882,0,황학동 코아루,20251205,27000,48.73,78.54,6,,,2010,오피스텔,중개거래,서울 성동구
2025,11620,관악구,10300,남현동,1,대지,1074,3,화성타워,20251205,44500,84.06,38,1,,,1994,연립다세대,중개거래,서울 관악구
2025,11290,성북구,13400,길음동,1,대지,1277,0,길음현대,20251205,61500,59.98,0,12,,,2000,아파트,중개거래,"서울 강북구, 서울 성북구"
2025,11500,강서구,10300,화곡동,1,대지,1091,0,화곡푸르지오,20251205,105000,103.92,0,2,,,2002,아파트,중개거래,서울 강서구
2025,11410,서대문구,11100,홍제동,1,대지,331,0,홍제현대,20251205,100900,106.18,0,9,,,1992,아파트,중개거래,서울 서대문구
2025,11410,서대문구,11100,홍제동,1,대지,331,0,홍제현대,20251205,105000,106.18,0,14,,,1992,아파트,중개거래,서울 서대문구
2025,11410,서대문구,11100,홍제동,1,대지,459,0,홍제원현대(459-0),20251205,113000,114.72,0,12,,,2000,아파트,중개거래,서울 서대문구
2025,11680,강남구,10800,논현동,1,대지,249,19,까사미아(249-19),20251205,110000,89.16,47,3,,,2002,연립다세대,중개거래,서울 서초구
2025,11410,서대문구,11100,홍제동,1,대지,459,0,홍제원현대(459-0),20251205,81000,59.93,0,17,,,2000,아파트,중개거래,서울 서대문구
2025,11140,중구,12100,회현동1가,1,대지,208,0,남산롯데캐슬아이리스,20251205,170000,103.49,0,17,,,2011,아파트,중개거래,서울 중구
2025,11590,동작구,10700,사당동,1,대지,1143,0,남해오네뜨,20251205,80000,66.573,0,9,,,2002,아파트,중개거래,서울 동작구
2025,11320,도봉구,10500,쌍문동,1,대지,122,97,다원힐스빌,20251205,36000,43.61,27,4,,,2021,연립다세대,중개거래,서울 도봉구
2025,11470,양천구,10100,신정동,1,대지,965,11,다다빌라트(965-11),20251205,44000,58.58,28,5,,,2002,연립다세대,중개거래,서울 양천구
2025,11680,강남구,10100,역삼동,1,대지,825,20,강남역 센트럴 푸르지오 시티,20251205,29000,24.63,33.019,7,,,2015,오피스텔,중개거래,서울 강남구
2025,11380,은평구,10700,응암동,1,대지,762,0,녹번역센트레빌,20251205,74700,59.97,0,3,,,2013,아파트,중개거래,"서울 서대문구, 서울 은평구"
2025,11500,강서구,10400,가양동,1,대지,1461,0,가양2단지(성지),20251205,60000,34.69,0,10,,,1992,아파트,중개거래,서울 강서구
2025,11545,금천구,10100,가산동,1,대지,776,0,가산대명벨리온,20251205,12000,16.61,25.8,9,,,2017,오피스텔,중개거래,서울 금천구
2025,11650,서초구,10800,서초동,1,대지,1362,10,서초노블레스아파트,20251205,52000,27.57,0,13,,20260115,2019,아파트,중개거래,서울 서초구
2025,11320,도봉구,10500,쌍문동,1,대지,103,10,TheBest22,20251205,28600,29.61,13,5,,,2023,연립다세대,직거래,
2025,11410,서대문구,10300,합동,1,대지,116,0,SK리쳄블,20251205,24300,34.22,46.81,12,,,2005,오피스텔,중개거래,서울 서대문구
2025,11500,강서구,10300,화곡동,1,대지,878,16,NS타운,20251205,26300,32.58,19,6,,,2019,연립다세대,중개거래,서울 양천구
2025,11140,중구,17300,만리동1가,1,대지,231,0,LIG서울역리가,20251205,179000,84.978,0,9,,,2012,아파트,중개거래,서울 중구
2025,11680,강남구,10500,삼성동,1,대지,142,3,LG선릉에클라트B,20251205,37500,40.11,49.9,8,,,2004,오피스텔,중개거래,서울 강남구
2025,11410,서대문구,12000,남가좌동,1,대지,385,0,DMC파크뷰자이1단지,20251205,155000,84.971,0,30,,,2015,아파트,중개거래,서울 서대문구
2025,11410,서대문구,12000,남가좌동,1,대지,381,0,DMC센트레빌,20251205,108000,59.95,0,12,,,2009,아파트,중개거래,서울 서대문구
2025,11560,영등포구,12600,양평동2가,1,대지,43,14,CO-OP Residence/오목교,20251205,8100,16.98,26.58,7,,,2004,오피스텔,중개거래,서울 영등포구
2025,11410,서대문구,11600,창천동,1,대지,510,2,3RU-City,20251205,15500,16.84,0,8,,,2013,아파트,중개거래,서울 마포구
2025,11545,금천구,10200,독산동,1,대지,934,2,(청실주택),20251205,21300,44.3,19,1,,,1996,연립다세대,중개거래,서울 금천구
2025,11620,관악구,10200,신림동,1,대지,98,140,(98-140),20251205,17000,40.77,23,1,,,1993,연립다세대,중개거래,서울 관악구
2025,11110,종로구,16800,동숭동,1,대지,4,81,(4-81),20251205,9500,26.7,11,-1,,,2000,연립다세대,중개거래,서울 종로구
2025,11590,동작구,10200,상도동,1,대지,414,0,건영,20251205,72000,32.8,0,4,,,1997,아파트,중개거래,서울 동작구
2025,11440,마포구,12200,합정동,1,대지,428,52,진흥하임빌,20251205,30000,29.88,19,4,,20260305,2011,연립다세대,직거래,
2025,11710,송파구,11400,마천동,1,대지,68,5,천마그랑밸리,20251205,99000,84.95,0,4,,20260116,2004,아파트,중개거래,"경기 하남시, 서울 송파구"
2025,11740,강동구,10300,상일동,1,대지,514,0,고덕롯데캐슬베네루체,20251205,179000,84.146,0,12,,,2019,아파트,중개거래,서울 강동구
2025,11740,강동구,10700,암사동,1,대지,508,0,삼성광나루,20251204,141000,157.24,0,22,,,2002,아파트,중개거래,"서울 강동구, 서울 송파구"
2025,11560,영등포구,13200,신길동,,,,,,20251204,111000,47.52,146,,,20260526,1960,단독다가구,중개거래,"서울 송파구, 서울 영등포구"
2025,11560,영등포구,13200,신길동,,,,,,20251204,112500,173.25,116,,,20260526,1986,단독다가구,중개거래,"서울 송파구, 서울 영등포구"
2025,11260,중랑구,10500,망우동,1,대지,517,20,드림하우스,20251204,29950,25.19,15,6,,,2022,연립다세대,직거래,
2025,11320,도봉구,10700,창동,1,대지,749,14,라르플레이스1단지,20251204,18200,28.75,39.06,4,,,2020,오피스텔,중개거래,서울 도봉구
2025,11530,구로구,10800,오류동,1,대지,334,0,라인,20251204,39300,59.52,0,2,,,1995,아파트,중개거래,서울 구로구
2025,11290,성북구,13500,종암동,1,대지,134,0,래미안라센트,20251204,103000,59.98,0,10,,,2011,아파트,중개거래,서울 성북구
2025,11440,마포구,11500,상수동,1,대지,398,0,래미안밤섬리베뉴Ⅱ,20251204,235000,122.87,0,12,,,2014,아파트,중개거래,서울 마포구
2025,11590,동작구,10700,사당동,1,대지,1010,13,태평빌리지,20251204,58185,39.4,25,2,,20251219,2011,연립다세대,중개거래,"경기 안성시, 서울 동작구"
2025,11680,강남구,10300,개포동,1,대지,1280,0,래미안블레스티지,20251204,383000,99.991,0,2,,,2019,아파트,중개거래,서울 강남구
2025,11230,동대문구,10500,답십리동,1,대지,1003,0,래미안위브,20251204,176500,121.64,0,18,,,2014,아파트,중개거래,"서울 강남구, 서울 동대문구"
2025,11230,동대문구,10600,장안동,1,대지,329,3,래미안장안2차,20251204,107000,81.05,0,12,,,2007,아파트,중개거래,서울 동대문구
2025,11230,동대문구,10400,전농동,1,대지,690,0,래미안크레시티,20251204,165000,84.96,0,18,,,2014,아파트,중개거래,서울 동대문구
2025,11350,노원구,10300,공릉동,1,대지,502,1,르네상스힐,20251204,31500,29.76,20,2,,,2023,연립다세대,직거래,
2025,11650,서초구,10700,반포동,1,대지,728,8,리베하임(728-8),20251204,52000,25.53,15,3,,,2012,연립다세대,중개거래,서울 서초구
2025,11590,동작구,10800,대방동,1,대지,394,26,리안,20251204,13700,18.21,28.15,5,,,null,오피스텔,중개거래,서울 동작구
2025,11260,중랑구,10100,면목동,1,대지,194,1,리움,20251204,42000,41.04,23,5,,,2021,연립다세대,직거래,
2025,11500,강서구,10500,마곡동,1,대지,760,0,마곡나루역보타닉푸르지오시티,20251204,17700,22.2,31.65,8,,,2017,오피스텔,중개거래,서울 강서구
2025,11500,강서구,10600,내발산동,1,대지,753,0,마곡수명산파크4단지,20251204,120000,84.53,0,10,,,2008,아파트,중개거래,서울 강서구
2025,11500,강서구,10500,마곡동,1,대지,741,0,마곡엠밸리8단지,20251204,150000,84.88,0,13,,,2016,아파트,중개거래,서울 강서구
2025,11590,동작구,10700,사당동,1,대지,1010,13,태평빌리지,20251204,21400,14.7,9,3,,20251228,2011,연립다세대,중개거래,"경기 안성시, 서울 동작구"
2025,11500,강서구,10900,방화동,1,대지,852,0,마곡중앙하이츠아파트,20251204,54500,51.03,0,5,,,1994,아파트,중개거래,서울 강서구
2025,11500,강서구,10900,방화동,1,대지,852,0,마곡중앙하이츠아파트,20251204,60000,59.34,0,15,,,1994,아파트,중개거래,경기 화성시
2025,11500,강서구,10500,마곡동,1,대지,1525,0,마곡푸르지오,20251204,110000,59.87,0,3,,,2008,아파트,중개거래,서울 강서구
2025,11170,용산구,13000,이태원동,1,대지,198,16,마운틴뷰,20251204,113000,104.02,0,4,,,1999,아파트,중개거래,서울 용산구
2025,11440,마포구,10300,신공덕동,1,대지,167,0,메트로디오빌,20251204,33000,40.3,52.99,6,,,2005,오피스텔,중개거래,서울 마포구
2025,11260,중랑구,10100,면목동,1,대지,193,1,면목한신,20251204,29500,35.3,0,1,,,1987,아파트,중개거래,서울 중랑구
2025,11530,구로구,10700,개봉동,1,대지,277,9,"명문아이빌101동,102동",20251204,31000,54.33,32,5,,,2014,연립다세대,중개거래,서울 구로구
2025,11500,강서구,10100,염창동,1,대지,262,5,목동더채움,20251204,71400,61.87,77.84,11,,,2023,오피스텔,직거래,
2025,11500,강서구,10100,염창동,1,대지,262,5,목동더채움,20251204,70400,61.87,77.84,10,,,2023,오피스텔,직거래,
2025,11470,양천구,10300,신월동,1,대지,1076,0,목동센트럴아이파크위브2단지,20251204,110000,59.88,0,6,,,2020,아파트,중개거래,서울 양천구
2025,11470,양천구,10200,목동,1,대지,901,0,목동신시가지1,20251204,306000,116.29,0,2,,,1985,아파트,중개거래,"경기 광명시, 서울 양천구"
2025,11470,양천구,10100,신정동,1,대지,325,0,목동신시가지11,20251204,156500,51.48,0,9,,,1988,아파트,중개거래,서울 양천구
2025,11470,양천구,10100,신정동,1,대지,325,0,목동신시가지11,20251204,159000,51.48,0,8,,,1988,아파트,중개거래,서울 양천구
2025,11470,양천구,10100,신정동,1,대지,314,0,목동신시가지8,20251204,181000,54.94,0,13,,,1987,아파트,중개거래,서울 양천구
2025,11260,중랑구,10400,묵동,1,대지,170,1,묵동자이(2단지),20251204,98500,101.9,0,27,,,2010,아파트,중개거래,서울 중랑구
2025,11530,구로구,10200,구로동,1,대지,1272,0,미래타워,20251204,50000,78.23,0,7,,,2003,아파트,중개거래,"경기 시흥시, 서울 구로구"
2025,11410,서대문구,11800,홍은동,1,대지,10,310,미소지움105동,20251204,27000,22.65,17,4,,,2019,연립다세대,직거래,
2025,11530,구로구,10600,고척동,1,대지,334,0,벽산,20251204,95500,84.878,0,12,,,2003,아파트,중개거래,서울 구로구
2025,11620,관악구,10100,봉천동,1,대지,1698,1,보라매삼성,20251204,100000,84.84,0,4,,,1996,아파트,중개거래,서울 관악구
2025,11350,노원구,10500,상계동,1,대지,639,0,보람아파트,20251204,69800,79.25,0,11,,,1988,아파트,중개거래,서울 노원구
2025,11290,성북구,12800,보문동6가,1,대지,458,0,보문파크뷰자이,20251204,128000,84.99,0,9,,,2017,아파트,중개거래,"서울 노원구, 서울 성북구"
2025,11500,강서구,10200,등촌동,1,대지,691,3,부영,20251204,90000,80.64,0,2,,,1994,아파트,중개거래,서울 강서구
2025,11500,강서구,10200,등촌동,1,대지,691,3,부영,20251204,100000,80.64,0,8,,,1994,아파트,중개거래,서울 강서구
2025,11380,은평구,10400,갈현동,1,대지,486,12,브라운스톤빌,20251204,32800,39.65,25,3,,,2014,연립다세대,중개거래,서울 은평구
2025,11740,강동구,10900,천호동,1,대지,288,29,브라운스톤암사아파트,20251204,105500,84.97,0,12,,,2005,아파트,중개거래,서울 강동구
2025,11545,금천구,10200,독산동,1,대지,955,1,브라운캐슬(955-1),20251204,32000,54.1,30,3,,,2016,연립다세대,중개거래,서울 금천구
2025,11545,금천구,10200,독산동,1,대지,958,44,빌라드몽,20251204,42000,48.04,29,3,,,2023,연립다세대,중개거래,서울 금천구
2025,11260,중랑구,10100,면목동,1,대지,1545,0,사가정센트럴아이파크,20251204,125500,84.87,0,17,,,2020,아파트,중개거래,"서울 동대문구, 서울 중랑구"
2025,11260,중랑구,10100,면목동,1,대지,1545,0,사가정센트럴아이파크,20251204,128500,84.956,0,8,,,2020,아파트,중개거래,서울 중랑구
2025,11590,동작구,10700,사당동,1,대지,1139,0,사당자이,20251204,98000,60,0,10,,,1999,아파트,중개거래,서울 동작구
2025,11545,금천구,10200,독산동,1,대지,953,0,삼부르네상스플러스,20251204,9200,21.36,33.04,6,,,2004,오피스텔,중개거래,"서울 금천구, 서울 영등포구"
2025,11290,성북구,11200,삼선동2가,1,대지,425,0,삼선푸르지오,20251204,83500,59.95,0,9,,,2008,아파트,중개거래,서울 성북구
2025,11305,강북구,10200,번동,1,대지,470,1,삼성,20251204,59000,84.96,0,18,,,1998,아파트,중개거래,서울 강북구
2025,11680,강남구,10500,삼성동,1,대지,29,1,삼성더하임,20251204,65000,29.95,18,3,,,2020,연립다세대,중개거래,서울 강남구
2025,11380,은평구,10900,신사동,1,대지,297,0,신사씨티,20251204,44800,58.09,0,19,,,1993,아파트,중개거래,서울 은평구
2025,11350,노원구,10500,상계동,1,대지,720,0,상계주공6(고층),20251204,60700,49.94,0,1,,,1988,아파트,중개거래,서울 노원구
2025,11350,노원구,10500,상계동,1,대지,670,0,상계주공9(고층),20251204,49000,49.94,0,11,,,1988,아파트,중개거래,서울 노원구
2025,11560,영등포구,13200,신길동,1,대지,95,290,성신빌라(95-290),20251204,75000,61.44,37,1,,,1993,연립다세대,중개거래,서울 영등포구
2025,11215,광진구,10500,자양동,1,대지,631,5,세림에버빌6차B동,20251204,55000,29.91,19,2,,,2015,연립다세대,중개거래,서울 광진구
2025,11440,마포구,12700,상암동,1,대지,1658,0,상암월드컵파크5단지,20251204,144500,84.75,0,17,,,2005,아파트,중개거래,서울 마포구
2025,11710,송파구,10900,장지동,1,대지,837,0,송파파인타운4단지,20251204,174000,84.95,0,9,,,2008,아파트,중개거래,서울 송파구
2025,11215,광진구,10300,구의동,1,대지,35,36,상헌빌리지,20251204,45000,48.3,22,1,,,1997,연립다세대,중개거래,서울 광진구
2025,11590,동작구,10100,노량진동,1,대지,325,0,신동아리버파크,20251204,151500,84.88,0,27,,,2001,아파트,중개거래,서울 동작구
2025,11680,강남구,11500,수서동,1,대지,713,0,수서현대벤쳐빌,20251204,23700,31.96,45.65,7,,,2002,오피스텔,중개거래,서울 강남구
2025,11710,송파구,11200,오금동,1,대지,79,11,숨결79,20251204,44500,44.46,26,4,,,2015,연립다세대,중개거래,서울 송파구
2025,11350,노원구,10300,공릉동,1,대지,707,0,시영2단지(라이프)아파트,20251204,35000,39.6,0,11,,,1994,아파트,중개거래,서울 노원구
2025,11230,동대문구,10600,장안동,1,대지,306,10,새한그린빌(306-10),20251204,52500,95.64,0,5,,,2003,아파트,중개거래,서울 동대문구
2025,11230,동대문구,10900,휘경동,1,대지,49,5,서울가든,20251204,57800,85.92,0,7,,,1985,아파트,중개거래,서울 동대문구
2025,11350,노원구,10300,공릉동,1,대지,715,0,시영3차(라이프)아파트,20251204,37900,39.6,0,15,,,1994,아파트,중개거래,서울 노원구
2025,11620,관악구,10100,봉천동,1,대지,1560,61,서울대입구아이원(1560-61),20251204,95000,59.96,0,12,,,2006,아파트,중개거래,서울 관악구
2025,11260,중랑구,10500,망우동,1,대지,598,0,신내역힐데스하임참좋은아파트,20251204,85500,84.845,0,22,,,2021,아파트,중개거래,"경기 남양주시, 서울 중랑구"
2025,11305,강북구,10100,미아동,1,대지,1353,0,에스케이북한산시티,20251204,64000,59.98,0,8,,,2004,아파트,중개거래,서울 성북구
2025,11350,노원구,10200,월계동,1,대지,85,7,서울원 아이파크,20251204,135500,91.77,0,44,분양권,,0,아파트,중개거래,서울 강남구
2025,11500,강서구,10300,화곡동,1,대지,938,23,에스엠케이아파트,20251204,12000,14.92,0,12,,,2020,아파트,중개거래,서울 강서구
2025,11650,서초구,10800,서초동,1,대지,1467,62,서초5차e편한세상,20251204,258000,158.24,0,2,,,2005,아파트,중개거래,서울 서초구
2025,11650,서초구,10800,서초동,1,대지,1675,11,서초대우아이빌,20251204,31500,32.647,0,11,,,2003,아파트,중개거래,서울 서초구
2025,11650,서초구,10800,서초동,1,대지,1688,6,서초메이플라워맴버스빌,20251204,22000,40.158,55.821,10,,,2004,오피스텔,중개거래,서울 서초구
2025,11650,서초구,10800,서초동,1,대지,1582,16,서초아트래디앙,20251204,140000,79.63,92.47,7,,,2023,오피스텔,직거래,
2025,11650,서초구,11100,신원동,1,대지,615,0,서초포레스타7단지,20251204,168000,59.92,0,6,,,2013,아파트,중개거래,서울 서초구
2025,11320,도봉구,10800,도봉동,1,대지,656,0,양우내안애,20251204,59500,84.92,0,6,,,2005,아파트,중개거래,서울 도봉구
2025,11380,은평구,11400,진관동,1,대지,100,3,아이파크 포레스트 게이트,20251204,13500,24.91,35.78,12,,,2013,오피스텔,중개거래,서울 은평구
2025,11170,용산구,12500,한강로2가,1,대지,419,0,아스테리움 용산,20251204,87000,49.98,76.65,32,,,2012,오피스텔,중개거래,"경기 성남시 분당구, 서울 용산구"
2025,11680,강남구,10500,삼성동,1,대지,44,16,아르헤 타워,20251204,47000,40.25,50.91,5,,,2016,오피스텔,중개거래,서울 강남구
2025,11305,강북구,10300,수유동,1,대지,130,29,설악빌라트12차,20251204,23300,49.4,30,3,,,2003,연립다세대,중개거래,서울 강북구
2025,11740,강동구,10200,고덕동,1,대지,486,0,아남1,20251204,121000,71.2,0,16,,,1996,아파트,중개거래,서울 강동구
2025,11740,강동구,10800,성내동,1,대지,549,5,성내스테이,20251204,71000,52.57,0,12,,,2018,아파트,중개거래,서울 강동구
2025,11290,성북구,13600,하월곡동,1,대지,218,0,아남,20251204,55000,59.97,0,16,,,1996,아파트,중개거래,서울 성북구
2025,11290,성북구,11200,삼선동2가,1,대지,296,0,창경궁 롯데캐슬 시그니처,20251204,102435,59.842,0,12,입주권,20260120,0,아파트,중개거래,서울 성북구
2025,11590,동작구,10100,노량진동,1,대지,332,0,쌍용예가,20251204,165000,84.913,0,3,,,2010,아파트,중개거래,서울 동작구
2025,11710,송파구,11200,오금동,1,대지,29,0,쌍용스윗닷홈1단지,20251204,149500,84.94,0,11,,,2005,아파트,중개거래,서울 송파구
2025,11470,양천구,10100,신정동,1,대지,334,0,쌍용,20251204,120000,84.65,0,7,,,1992,아파트,중개거래,서울 양천구
2025,11560,영등포구,13200,신길동,1,대지,4934,0,삼성래미안,20251204,106000,114.87,0,5,,,2001,아파트,중개거래,서울 영등포구
2025,11290,성북구,10100,성북동,1,대지,168,44,성북써니빌라,20251204,50000,60.71,27,3,,,1991,연립다세대,중개거래,서울 성북구
2025,11215,광진구,10100,중곡동,1,대지,73,103,삼성베스트빌22차,20251204,14500,29.28,24,4,,,2013,연립다세대,중개거래,서울 광진구
2025,11440,마포구,12500,성산동,1,대지,258,5,성산이튼캐슬,20251204,69000,42.77,29,2,,,2023,연립다세대,직거래,
2025,11740,강동구,10700,암사동,1,대지,432,1,신우팰리스암사,20251204,48800,51.76,35,4,,,2022,연립다세대,중개거래,서울 강동구
2025,11740,강동구,10500,길동,1,대지,46,0,삼익파크빌라,20251204,33700,60.57,29,1,,,1991,연립다세대,중개거래,서울 강동구
2025,11710,송파구,10500,석촌동,1,대지,247,14,삼진빌라B동,20251204,25000,36.83,30,-1,,,1989,연립다세대,중개거래,서울 송파구
2025,11740,강동구,10600,둔촌동,1,대지,546,0,신성둔촌미소지움1,20251204,113000,59.78,0,8,,,1998,아파트,중개거래,"서울 강남구, 서울 강동구"
2025,11560,영등포구,12700,양평동3가,1,대지,24,0,삼천리,20251204,94500,59.95,0,5,,,2000,아파트,중개거래,서울 영등포구
2025,11350,노원구,10200,월계동,1,대지,13,0,삼호3,20251204,88000,59.22,0,2,,,1986,아파트,중개거래,서울 노원구
2025,11200,성동구,11500,성수동2가,1,대지,286,0,성수우방2차아파트,20251204,144500,84.645,0,6,,,1999,아파트,중개거래,서울 성동구
2025,11650,서초구,10100,방배동,1,대지,1030,1,삼호한숲,20251204,147000,59.98,0,6,,,1998,아파트,중개거래,서울 서초구
2025,11350,노원구,10500,상계동,1,대지,1282,0,상계2차중앙하이츠,20251204,57500,59.82,0,24,,,1998,아파트,중개거래,서울 노원구
2025,11350,노원구,10500,상계동,1,대지,730,2,상계주공3(고층),20251204,90000,73.94,0,9,,,1987,아파트,중개거래,서울 노원구
2025,11560,영등포구,11700,당산동,1,대지,376,0,강변래미안,20251204,184000,108.15,0,13,,,2002,아파트,중개거래,서울 영등포구
2025,11230,동대문구,10600,장안동,1,대지,329,3,래미안장안2차,20251204,116000,112.92,0,2,,20260102,2007,아파트,중개거래,"경기 용인시 처인구, 서울 동대문구"
2025,11740,강동구,10300,상일동,1,대지,513,0,고덕센트럴IPARK,20251204,185800,84.91,0,8,,20260205,2019,아파트,중개거래,서울 강동구
2025,11710,송파구,10600,삼전동,,,,,,20251204,305000,427.88,185,,,20260107,1996,단독다가구,중개거래,"경기 하남시, 서울 송파구"
2025,11710,송파구,10600,삼전동,1,대지,114,7,(114-7),20251204,63000,47.27,25,5,,,2016,연립다세대,중개거래,서울 송파구
2025,11710,송파구,10100,잠실동,1,대지,330,4,(330-4),20251204,72000,67.28,31,2,,,2002,연립다세대,중개거래,서울 송파구
2025,11740,강동구,10500,길동,1,대지,331,14,(331-14),20251204,43000,86.72,43,3,,,1994,연립다세대,중개거래,서울 강동구
2025,11170,용산구,11900,효창동,1,대지,5,519,(5-519),20251204,62500,18.36,11,4,,,2002,연립다세대,중개거래,서울 용산구
2025,11440,마포구,10100,아현동,1,대지,715,5,(715-5),20251204,65000,31.59,22,3,,,1988,연립다세대,중개거래,서울 마포구
2025,11620,관악구,10200,신림동,1,대지,95,68,(95-68),20251204,30900,50.47,30,1,,,1992,연립다세대,중개거래,서울 관악구
2025,11740,강동구,10500,길동,1,대지,327,31,327에비뉴,20251204,18000,14.18,10,4,,,2019,연립다세대,중개거래,서울 강동구
2025,11380,은평구,10100,수색동,1,대지,419,0,DMCSK뷰아이파크포레,20251204,64800,39.97,0,11,,,2023,아파트,중개거래,서울 은평구
2025,11200,성동구,11500,성수동2가,1,대지,846,0,E-아름다운세상,20251204,115000,83.35,0,13,,,2014,아파트,중개거래,서울 성동구
2025,11380,은평구,10700,응암동,1,대지,89,6,J-vill,20251204,18450,38.9,22,2,,,2013,연립다세대,중개거래,서울 은평구
2025,11710,송파구,10500,석촌동,1,대지,269,7,LH석촌도시형생활주택,20251204,19300,26.72,24,2,,,2012,연립다세대,직거래,
2025,11410,서대문구,10300,합동,1,대지,116,0,SK리쳄블,20251204,22200,34.22,46.81,3,,,2005,오피스텔,중개거래,"서울 동대문구, 서울 서대문구"
2025,11380,은평구,10700,응암동,1,대지,771,0,e편한세상백련산,20251204,78500,59.98,0,7,,,2022,아파트,중개거래,서울 은평구
2025,11560,영등포구,13300,대림동,1,대지,1127,0,e편한세상영등포아델포레,20251204,135000,59.968,0,14,,,2020,아파트,중개거래,서울 영등포구
2025,11710,송파구,10700,가락동,1,대지,21,6,가락쌍용(2차),20251204,150000,59.88,0,6,,,1999,아파트,중개거래,서울 송파구
2025,11545,금천구,10100,가산동,1,대지,141,2,가산양우내안에애플,20251204,11000,12.04,0,15,,,2013,아파트,중개거래,서울 동작구
2025,11500,강서구,10400,가양동,1,대지,1461,0,가양2단지(성지),20251204,86000,49.56,0,8,,,1992,아파트,중개거래,서울 강서구
2025,11500,강서구,10400,가양동,1,대지,14,3,가양우성,20251204,65000,84.85,0,7,,,1990,아파트,직거래,
2025,11680,강남구,11200,자곡동,1,대지,618,0,강남브리즈힐,20251204,118000,74.04,0,15,,,2014,아파트,중개거래,서울 강남구
2025,11680,강남구,11200,자곡동,1,대지,618,0,강남브리즈힐,20251204,123000,84.98,0,4,,,2014,아파트,중개거래,서울 강남구
2025,11740,강동구,10500,길동,1,대지,474,0,강동LG자이,20251204,147800,126.43,0,3,,,2003,아파트,중개거래,서울 강동구
2025,11560,영등포구,11000,여의도동,1,대지,14,21,엘지여의도에클라트,20251204,27200,38.01,49.41,7,,,2003,오피스텔,중개거래,서울 영등포구
2025,11710,송파구,10400,송파동,1,대지,31,0,여흥레이크빌,20251204,215000,167.73,0,18,,,2003,아파트,중개거래,서울 송파구
2025,11440,마포구,12400,연남동,1,대지,487,88,연남탑빌라트2,20251204,42000,83.24,37,2,,,2002,연립다세대,중개거래,서울 마포구
2025,11410,서대문구,11700,연희동,1,대지,727,5,연희캐슬,20251204,57000,66.41,38,7,,,2019,연립다세대,중개거래,서울 서대문구
2025,11530,구로구,10800,오류동,1,대지,342,0,영풍마드레빌,20251204,74500,84.741,0,15,,,2002,아파트,중개거래,서울 구로구
2025,11470,양천구,10100,신정동,1,대지,119,4,오성트래빌,20251204,45500,82.16,37,4,,,2010,연립다세대,중개거래,서울 양천구
2025,11350,노원구,10500,상계동,1,대지,1258,0,오피앙,20251204,9700,23.37,33.74,6,,,2004,오피스텔,중개거래,서울 노원구
2025,11260,중랑구,10100,면목동,1,대지,1525,0,용마산금호어울림,20251204,74900,84.699,0,12,,,2006,아파트,중개거래,"서울 동작구, 서울 중랑구"
2025,11170,용산구,11200,원효로1가,1,대지,120,20,용산1차휴먼타운,20251204,34200,33.61,49.06,6,,,2017,오피스텔,중개거래,"서울 동대문구, 서울 용산구"
2025,11290,성북구,13700,상월곡동,1,대지,55,56,우남푸르미아,20251204,48000,59.64,0,17,,,1994,아파트,중개거래,서울 성북구
2025,11305,강북구,10400,우이동,1,대지,116,10,우리팰리스타운,20251204,31000,54.15,73,5,,,2020,연립다세대,직거래,
2025,11545,금천구,10300,시흥동,1,대지,121,7,우림메르디앙,20251204,12600,22.47,32.16,3,,,2015,오피스텔,직거래,
2025,11350,노원구,10300,공릉동,1,대지,108,0,우방아파트,20251204,74300,84.881,0,12,,,2000,아파트,중개거래,"서울 노원구, 서울 중랑구"
2025,11740,강동구,10900,천호동,1,대지,19,1,우성,20251204,114000,84.93,0,11,,,1985,아파트,중개거래,"경기 하남시, 서울 강동구"
2025,11500,강서구,10300,화곡동,1,대지,351,30,우성,20251204,24000,37.58,24,4,,,2016,연립다세대,중개거래,서울 강서구
2025,11530,구로구,10100,신도림동,1,대지,312,17,우성1,20251204,92500,73.18,0,4,,,1992,아파트,중개거래,"경기 용인시 수지구, 서울 구로구"
2025,11560,영등포구,13200,신길동,1,대지,102,8,우성4,20251204,98000,75.36,0,15,,,1991,아파트,중개거래,서울 영등포구
2025,11560,영등포구,13200,신길동,1,대지,4501,0,우창,20251204,123000,66.82,0,12,,,1983,아파트,중개거래,서울 영등포구
2025,11440,마포구,12500,성산동,1,대지,667,0,월드컵아이파크(667),20251204,130000,117.95,0,2,,,2009,아파트,중개거래,"서울 마포구, 서울 서초구"
2025,11140,중구,16500,황학동,1,대지,1200,0,위너빌(Winnervill),20251204,37500,29.79,0,4,,,2018,아파트,중개거래,경기 성남시 수정구
2025,11440,마포구,12500,성산동,1,대지,274,18,위너스원,20251204,45000,21.28,14,2,,,2013,연립다세대,중개거래,서울 마포구
2025,11710,송파구,10900,장지동,1,대지,901,0,위례24단지(꿈에그린),20251204,175000,84.93,0,11,,,2013,아파트,중개거래,서울 송파구
2025,11710,송파구,10900,장지동,1,대지,878,0,위례신도시송파푸르지오,20251204,184750,108.816,0,2,,,2015,아파트,중개거래,서울 송파구
2025,11590,동작구,10700,사당동,1,대지,249,2,유성빌라,20251204,101000,69.51,83,3,,,1983,연립다세대,중개거래,"서울 동작구, 서울 서초구"
2025,11380,은평구,11400,진관동,1,대지,62,0,은평스카이뷰자이,20251204,115000,84.748,0,24,,,2019,아파트,중개거래,서울 은평구
2025,11650,서초구,10200,양재동,1,대지,3,14,이스타빌,20251204,102000,75.39,95.323,10,,,2005,오피스텔,중개거래,"서울 강남구, 서울 서초구"
2025,11230,동대문구,10200,용두동,1,대지,795,0,이편한세상청계센트럴포레,20251204,166500,84.93,0,4,,,2021,아파트,중개거래,서울 성동구
2025,11710,송파구,11100,방이동,1,대지,222,0,인택스빌,20251204,89900,76.56,0,7,,,2001,아파트,중개거래,"경기 성남시 분당구, 서울 송파구"
2025,11710,송파구,10200,신천동,1,대지,7,14,잠실 더샵스타파크,20251204,137000,134.81,186.77,3,,,2008,오피스텔,중개거래,서울 송파구
2025,11470,양천구,10200,목동,1,대지,553,19,장미아트비동,20251204,15000,38.28,22,4,,,1994,연립다세대,중개거래,서울 양천구
2025,11230,동대문구,10600,장안동,1,대지,336,0,장안현대홈타운(336),20251204,116500,112.78,0,25,,,2003,아파트,중개거래,서울 동대문구
2025,11650,서초구,10800,서초동,1,대지,1480,6,정공빌라트,20251204,55100,64.45,27,4,,,2003,연립다세대,직거래,
2025,11290,성북구,13300,정릉동,1,대지,406,0,정릉푸르지오,20251204,77700,84.89,0,19,,,2005,아파트,중개거래,서울 성북구
2025,11410,서대문구,11900,북가좌동,1,대지,74,169,제이디힐스빌,20251204,38000,33.75,20,2,,,2022,연립다세대,중개거래,서울 서대문구
2025,11470,양천구,10100,신정동,1,대지,319,26,젠트리빌 업무복합시설,20251204,81000,59.24,81.55,10,,,2023,오피스텔,직거래,
2025,11110,종로구,17500,숭인동,1,대지,2,1,종로센트레빌,20251204,109900,84.92,0,7,,,2008,아파트,중개거래,서울 종로구
2025,11350,노원구,10600,중계동,1,대지,502,1,중계그린1단지,20251204,55300,49.5,0,11,,,1990,아파트,중개거래,서울 노원구
2025,11710,송파구,11200,오금동,1,대지,32,0,중앙클래식하우스,20251204,50000,40.26,20,6,,,2016,연립다세대,중개거래,서울 송파구
2025,11470,양천구,10100,신정동,1,대지,988,5,중앙하이츠목동펠리시티,20251204,90000,65.92,0,13,,,2021,아파트,중개거래,서울 양천구
2025,11500,강서구,10200,등촌동,1,대지,701,0,"진로,미주아파트",20251204,99700,84.96,0,8,,,1994,아파트,중개거래,서울 강서구
2025,11305,강북구,10200,번동,1,대지,437,75,진주빌라3동,20251204,17100,40.93,29,-1,,,1987,연립다세대,중개거래,서울 강북구
2025,11320,도봉구,10700,창동,1,대지,815,0,창동2차현대,20251204,83000,84.504,0,22,,,2001,아파트,중개거래,서울 도봉구
2025,11320,도봉구,10700,창동,1,대지,316,0,창동주공2단지,20251204,46800,45.55,0,5,,,1990,아파트,중개거래,서울 도봉구
2025,11320,도봉구,10700,창동,1,대지,347,0,창동주공3단지(해등마을),20251204,59400,49.94,0,7,,,1990,아파트,중개거래,서울 도봉구
2025,11110,종로구,17400,창신동,1,대지,703,0,창신쌍용2,20251204,64800,54.7,0,7,,,1993,아파트,중개거래,"서울 성동구, 서울 성북구"
2025,11710,송파구,11400,마천동,1,대지,346,14,천마주택,20251204,50000,50.36,23,-1,,,1992,연립다세대,직거래,
2025,11410,서대문구,10600,천연동,1,대지,145,0,천연뜨란채,20251204,95000,55.82,0,3,,,2006,아파트,중개거래,서울 서대문구
2025,11530,구로구,11100,천왕동,1,대지,277,0,천왕이펜하우스5단지,20251204,71000,84.98,0,15,,,2011,아파트,중개거래,서울 구로구
2025,11350,노원구,10500,상계동,1,대지,1276,0,청암2단지,20251204,40000,49.77,0,2,,,2001,아파트,중개거래,서울 노원구
2025,11620,관악구,10100,봉천동,1,대지,713,5,첼시하우스A동B동,20251204,36500,41.36,26,2,,,2019,연립다세대,중개거래,서울 동작구
2025,11140,중구,13300,충무로5가,1,대지,36,2,충무로엘크루메트로시티2,20251204,17500,23.03,34.23,2,,,2016,오피스텔,중개거래,서울 중구
2025,11530,구로구,10200,구로동,1,대지,651,2,퀸즈파크 구일,20251204,13000,17.363,23.5374,10,,,2019,오피스텔,중개거래,서울 구로구
2025,11380,은평구,10700,응암동,1,대지,97,54,타임아트빌,20251204,35000,29.59,17,5,,,2023,연립다세대,직거래,
2025,11560,영등포구,10800,영등포동7가,1,대지,203,0,아크로타워스퀘어,20251204,167000,59.7,0,20,,20260105,2017,아파트,중개거래,서울 영등포구
2025,11215,광진구,10300,구의동,1,대지,253,51,현대아트빌라(253-51),20251204,30200,32.8,15,4,,,1994,연립다세대,중개거래,서울 광진구
2025,11530,구로구,10200,구로동,1,대지,685,70,현대연예인,20251204,70300,84.91,0,8,,,1989,아파트,중개거래,서울 구로구
2025,11560,영등포구,12300,문래동5가,1,대지,21,0,현대3차,20251204,80000,84.44,0,12,,,1991,아파트,중개거래,서울 영등포구
2025,11740,강동구,10500,길동,1,대지,343,2,현대웰하임(201동),20251204,9200,17.508,0,3,,,2012,아파트,중개거래,서울 강동구
2025,11590,동작구,10200,상도동,1,대지,361,22,현대하이츠빌라(361-22),20251204,40000,63.72,30,-1,,,1995,연립다세대,중개거래,서울 동작구
2025,11230,동대문구,10600,장안동,1,대지,569,0,현대홈타운2차,20251204,84500,84.97,0,7,,,2005,아파트,중개거래,서울 동대문구
2025,11680,강남구,10500,삼성동,1,대지,50,0,현대힐스테이트2단지,20251204,350000,84.349,0,5,,,2008,아파트,중개거래,"서울 강남구, 서울 송파구"
2025,11740,강동구,10100,명일동,1,대지,251,1,현대(명일),20251204,90500,57.09,0,7,,,1988,아파트,중개거래,서울 강동구
2025,11470,양천구,10200,목동,1,대지,555,16,해피트리(555-16),20251204,23800,46.04,30,2,,,2008,연립다세대,중개거래,서울 양천구
2025,11470,양천구,10200,목동,1,대지,324,168,현진빌라,20251204,25000,50.88,27,4,,,1996,연립다세대,중개거래,"서울 강서구, 서울 양천구"
2025,11530,구로구,10700,개봉동,1,대지,309,21,광성하이빌(309-21),20251204,18300,44.89,24,2,,20251229,2003,연립다세대,중개거래,서울 구로구
2025,11410,서대문구,11100,홍제동,1,대지,473,0,홍제센트럴IPARK,20251204,128000,84.972,0,2,,,2020,아파트,중개거래,서울 서대문구
2025,11440,마포구,10400,도화동,1,대지,555,0,한화오벨리스크,20251204,55700,38.08,0,10,,,2004,아파트,중개거래,"경기 고양시 일산동구, 서울 마포구"
2025,11350,노원구,10200,월계동,1,대지,927,0,한일2,20251204,70000,84.846,0,7,,,2000,아파트,중개거래,서울 노원구
2025,11215,광진구,10300,구의동,1,대지,71,6,한영해시안아파트,20251204,78500,59.97,0,7,,,2020,아파트,중개거래,서울 광진구
2025,11500,강서구,10300,화곡동,1,대지,1091,0,화곡푸르지오,20251204,119000,125.021,0,11,,,2002,아파트,중개거래,서울 강서구
2025,11590,동작구,10700,사당동,1,대지,278,107,화승화이빌,20251204,51500,38.16,20,2,,,2002,연립다세대,중개거래,서울 동작구
2025,11650,서초구,10700,반포동,1,대지,551,42,효성빌라26동,20251204,219000,188.61,0,1,,,2005,아파트,중개거래,서울 서초구
2025,11350,노원구,10500,상계동,1,대지,757,0,한양,20251204,74500,87.49,0,5,,,1988,아파트,중개거래,서울 노원구
2025,11290,성북구,11000,동소문동7가,1,대지,23,0,한신플러스C,20251204,78000,59.91,0,18,,,2004,아파트,중개거래,서울 성북구
2025,11200,성동구,11800,송정동,1,대지,67,5,히페리온리버팰리스,20251204,96800,83.467,0,7,,,2022,아파트,중개거래,서울 성동구
2025,11140,중구,16500,황학동,1,대지,1229,0,힐스테이트 청계 센트럴,20251204,26000,34.845,50.1106,13,,,2024,오피스텔,직거래,
2025,11230,동대문구,10600,장안동,1,대지,555,1,한신아파트,20251204,72700,84.9,0,15,,,1996,아파트,중개거래,서울 동대문구
2025,11545,금천구,10200,독산동,1,대지,1040,1,한신빌(1040-1),20251204,29500,56.34,31,5,,,2005,연립다세대,중개거래,서울 금천구
2025,11290,성북구,10300,돈암동,1,대지,609,1,한신,20251204,98000,132.96,0,17,,,1998,아파트,중개거래,서울 성북구
2025,11650,서초구,10100,방배동,1,대지,872,17,한성연립,20251204,210000,123.18,73,4,,,1992,연립다세대,중개거래,서울 서초구
2025,11170,용산구,13100,한남동,1,대지,72,1,한남동리첸시아,20251204,193900,83.67,0,11,,,2004,아파트,중개거래,서울 용산구
2025,11650,서초구,10800,서초동,1,대지,1674,5,하림인터내셔날 오피스텔,20251204,27500,24.12,40.19,5,,,2013,오피스텔,중개거래,서울 서초구
2025,11470,양천구,10100,신정동,1,대지,1285,0,푸른마을4,20251204,74000,84.99,0,1,,,2002,아파트,중개거래,서울 양천구
2025,11710,송파구,10800,문정동,1,대지,618,0,파크하비오,20251204,184000,84.964,0,2,,,2016,아파트,중개거래,서울 송파구
2025,11170,용산구,13000,이태원동,1,대지,155,13,파크루13,20251204,133000,67.36,51,1,,,2025,연립다세대,직거래,
2025,11710,송파구,10800,문정동,1,대지,652,4,힐스테이트에코문정,20251204,24000,27.72,43.1,12,,,2018,오피스텔,중개거래,서울 송파구
2025,11290,성북구,10100,성북동,,,,,,20251204,33000,26.48,36,,,,1968,단독다가구,중개거래,서울 성북구
2025,11440,마포구,10800,대흥동,,,,,,20251204,84000,47.34,106,,,,1973,단독다가구,중개거래,서울 마포구
2025,11650,서초구,10200,양재동,1,대지,275,3,트윈타워,20251204,15100,28.72,28.72,4,,,1991,오피스텔,중개거래,서울 서초구
2025,11560,영등포구,13200,신길동,,,,,,20251204,111000,47.52,146,,,,1960,단독다가구,중개거래,"서울 송파구, 서울 영등포구"
2025,11680,강남구,10100,역삼동,1,대지,707,38,테헤란로오피스텔,20251204,33000,42.01,60.34,15,,,1991,오피스텔,중개거래,서울 강남구
2025,11590,동작구,10700,사당동,1,대지,1010,13,태평빌리지,20251204,59720,39.4,25,3,,,2011,연립다세대,중개거래,"경기 안성시, 서울 동작구"
2025,11740,강동구,10900,천호동,,,,,,20251204,45000,86.22,89,,,,1980,단독다가구,중개거래,서울 강동구
2025,11170,용산구,12100,용문동,,,,,,20251204,151000,154.54,103,,,,2000,단독다가구,중개거래,서울 용산구
2025,11560,영등포구,13200,신길동,,,,,,20251204,112500,173.25,116,,,,1986,단독다가구,중개거래,"서울 송파구, 서울 영등포구"
2025,11170,용산구,11100,청파동3가,,,,,,20251204,570000,270.09,284,,,,1989,단독다가구,중개거래,서울 용산구
2025,11620,관악구,10200,신림동,,,,,,20251204,98000,317.35,149,,,,1996,단독다가구,중개거래,서울 강남구
2025,11590,동작구,10200,상도동,,,,,,20251204,240000,372.34,212,,,,1983,단독다가구,중개거래,서울 동작구
2025,11710,송파구,10600,삼전동,,,,,,20251204,305000,427.88,185,,,,1996,단독다가구,중개거래,"경기 하남시, 서울 송파구"
2025,11320,도봉구,10600,방학동,,,,,,20251204,500000,681.75,405,,,,2006,단독다가구,중개거래,"서울 강북구, 서울 서초구"
2025,11230,동대문구,10600,장안동,1,대지,373,3,현대썬앤빌601,20251204,10500,21.03,30.083,7,,20251210,2015,오피스텔,중개거래,서울 동대문구
2025,11560,영등포구,12400,문래동6가,1,대지,55,1,현대6차,20251204,73000,50.55,0,12,,,1997,아파트,중개거래,서울 영등포구
2025,11470,양천구,10300,신월동,1,대지,1006,1,현대빌라,20251204,15000,41.45,28,1,,,1986,연립다세대,중개거래,서울 양천구
2025,11710,송파구,10500,석촌동,1,대지,178,1,현대빌라(178-1),20251204,24500,45.9,25,-1,,,1991,연립다세대,중개거래,"서울 노원구, 서울 송파구"
2025,11230,동대문구,10600,장안동,1,대지,373,3,현대썬앤빌601,20251204,10500,21.03,30.083,7,,,2015,오피스텔,중개거래,서울 동대문구
2025,11410,서대문구,11900,북가좌동,1,대지,488,0,대경아르체,20251204,52000,48.03,0,8,,,2018,아파트,중개거래,서울 서대문구
2025,11710,송파구,11400,마천동,1,대지,172,7,덕산빌라,20251204,85000,40.84,23,3,,,1996,연립다세대,중개거래,서울 송파구
2025,11440,마포구,12500,성산동,1,대지,37,13,더트리니티,20251204,38141,29.94,19,4,,,2023,연립다세대,중개거래,서울 마포구
2025,11440,마포구,12500,성산동,1,대지,37,13,더트리니티,20251204,37283,29.94,19,2,,,2023,연립다세대,중개거래,서울 마포구
2025,11440,마포구,12500,성산동,1,대지,37,13,더트리니티,20251204,37846,29.94,19,3,,,2023,연립다세대,중개거래,서울 마포구
2025,11440,마포구,12500,성산동,1,대지,37,13,더트리니티,20251204,38480,29.53,19,5,,,2023,연립다세대,중개거래,서울 마포구
2025,11440,마포구,12500,성산동,1,대지,37,13,더트리니티,20251204,39895,28.91,18,4,,,2023,연립다세대,중개거래,서울 마포구
2025,11440,마포구,12500,성산동,1,대지,37,13,더트리니티,20251204,39066,28.91,18,2,,,2023,연립다세대,중개거래,서울 마포구
2025,11440,마포구,12500,성산동,1,대지,37,13,더트리니티,20251204,39615,28.91,18,6,,,2023,연립다세대,중개거래,서울 마포구
2025,11440,마포구,12500,성산동,1,대지,37,13,더트리니티,20251204,39895,28.91,18,5,,,2023,연립다세대,중개거래,서울 마포구
2025,11440,마포구,12500,성산동,1,대지,37,13,더트리니티,20251204,39615,28.91,18,3,,,2023,연립다세대,중개거래,서울 마포구
2025,11440,마포구,12500,성산동,1,대지,37,13,더트리니티,20251204,36849,27.86,18,4,,,2023,연립다세대,중개거래,서울 마포구
2025,11440,마포구,12500,성산동,1,대지,37,13,더트리니티,20251204,36019,27.86,18,2,,,2023,연립다세대,중개거래,서울 마포구
2025,11440,마포구,12500,성산동,1,대지,37,13,더트리니티,20251204,36576,27.86,18,3,,,2023,연립다세대,중개거래,서울 마포구
2025,11440,마포구,12500,성산동,1,대지,37,13,더트리니티,20251204,31305,27.02,17,5,,,2023,연립다세대,중개거래,서울 마포구
2025,11440,마포구,12500,성산동,1,대지,37,13,더트리니티,20251204,32193,25.08,16,6,,,2023,연립다세대,중개거래,서울 마포구
2025,11440,마포구,12500,성산동,1,대지,37,13,더트리니티,20251204,24586,21.22,13,6,,,2023,연립다세대,중개거래,서울 마포구
2025,11500,강서구,10300,화곡동,1,대지,1044,24,더존퍼스트빌,20251204,30500,29.42,18,2,,,2017,연립다세대,중개거래,서울 강서구
2025,11650,서초구,10100,방배동,1,대지,890,12,더반지움,20251204,46600,29.88,18,2,,,2023,연립다세대,중개거래,서울 서초구
2025,11650,서초구,10100,방배동,1,대지,890,12,더반지움,20251204,46600,29.67,18,3,,,2023,연립다세대,중개거래,서울 서초구
2025,11710,송파구,11200,오금동,1,대지,2,0,대림,20251204,227000,84.91,0,7,,,1988,아파트,중개거래,서울 송파구
2025,11320,도봉구,10500,쌍문동,1,대지,13,2,대웅,20251204,23000,44.82,0,2,,,1989,아파트,중개거래,서울 도봉구
2025,11590,동작구,10600,동작동,1,대지,331,0,금강KCC,20251204,129700,84.95,0,2,,,2003,아파트,중개거래,서울 동작구
2025,11560,영등포구,13200,신길동,1,대지,22,5,대우 디오빌 골든뷰 오피스텔,20251204,19900,28.29,37.79,13,,,2004,오피스텔,중개거래,서울 영등포구
2025,11590,동작구,10700,사당동,1,대지,1155,0,대성유니드,20251204,87500,66.11,0,2,,,2009,아파트,중개거래,서울 동작구
2025,11410,서대문구,11800,홍은동,1,대지,402,33,대성아트,20251204,20000,40.35,18,3,,,1993,연립다세대,중개거래,서울 서대문구
2025,11215,광진구,10300,구의동,1,대지,254,119,대성빌라,20251204,35000,71.42,50,2,,,1986,연립다세대,직거래,
2025,11440,마포구,12200,합정동,1,대지,361,59,대명빌라,20251204,53500,32.04,24,3,,,1990,연립다세대,중개거래,서울 마포구
2025,11230,동대문구,11000,이문동,1,대지,225,0,대림e-편한세상,20251204,92000,84.972,0,1,,,2003,아파트,중개거래,서울 동대문구
2025,11740,강동구,10800,성내동,1,대지,118,34,경지성내아리움,20251204,48000,34.67,21,6,,,2016,연립다세대,중개거래,서울 강동구
2025,11740,강동구,10800,성내동,1,대지,604,0,금광포란재,20251204,80000,63.02,0,10,,,2007,아파트,중개거래,서울 강동구
2025,11650,서초구,10100,방배동,1,대지,890,12,더반지움,20251204,46600,29.88,18,2,,20260508,2023,연립다세대,중개거래,서울 서초구
2025,11710,송파구,11300,거여동,1,대지,293,0,거여4단지,20251204,84000,49.8,0,1,,,1997,아파트,중개거래,서울 송파구
2025,11545,금천구,10200,독산동,1,대지,1147,0,금천롯데캐슬골드파크1차,20251204,110000,72.524,0,16,,,2016,아파트,중개거래,서울 금천구
2025,11110,종로구,18700,무악동,1,대지,89,0,경희궁롯데캐슬,20251204,184000,84.879,0,9,,,2019,아파트,중개거래,서울 종로구
2025,11545,금천구,10200,독산동,1,대지,711,2,금천현대,20251204,56800,59.82,0,9,,,2002,아파트,중개거래,서울 금천구
2025,11545,금천구,10200,독산동,1,대지,711,2,금천현대,20251204,65000,84.83,0,3,,,2002,아파트,중개거래,서울 금천구
2025,11500,강서구,10100,염창동,1,대지,262,5,목동더채움,20251204,70400,61.87,77.84,10,,20260317,2023,오피스텔,직거래,
2025,11500,강서구,10100,염창동,1,대지,240,32,금호타운,20251204,102000,84.84,0,17,,,1999,아파트,중개거래,서울 강서구
2025,11290,성북구,13400,길음동,1,대지,1281,0,길음뉴타운4단지(e편한세상),20251204,124000,114.88,0,14,,,2005,아파트,중개거래,서울 성북구
2025,11305,강북구,10100,미아동,1,대지,1369,0,꿈의숲해링턴플레이스,20251204,89000,84.67,0,3,,,2019,아파트,직거래,
2025,11740,강동구,10300,상일동,1,대지,513,0,고덕센트럴IPARK,20251204,185800,84.91,0,8,,,2019,아파트,중개거래,서울 강동구
2025,11740,강동구,10100,명일동,1,대지,257,0,고덕주공9,20251204,160000,83.93,0,1,,,1985,아파트,중개거래,서울 강동구
2025,11620,관악구,10100,봉천동,1,대지,647,13,나무그늘빌(647-13),20251204,37000,42.53,33,4,,,2018,연립다세대,중개거래,서울 관악구
2025,11140,중구,14700,쌍림동,1,대지,106,14,남산 오렌지카운티,20251204,18333,18.49,28.862,10,,,2020,오피스텔,직거래,
2025,11230,동대문구,10300,제기동,1,대지,757,12,건영스타밸리,20251204,66500,62.15,0,3,,,2021,아파트,중개거래,서울 동대문구
2025,11140,중구,14700,쌍림동,1,대지,106,14,남산 오렌지카운티,20251204,16233,18.49,28.862,2,,,2020,오피스텔,직거래,
2025,11350,노원구,10300,공릉동,1,대지,670,20,노원프레미어스엠코,20251204,85000,84.026,0,11,,,2016,아파트,중개거래,서울 노원구
2025,11215,광진구,10500,자양동,1,대지,2,2,건대입구역자이엘라,20251204,33300,18.599,33.2212,13,,,2022,오피스텔,중개거래,서울 광진구
2025,11470,양천구,10100,신정동,1,대지,1003,12,다모아빌라,20251204,50000,56.62,27,3,,,2002,연립다세대,중개거래,서울 양천구
2025,11440,마포구,10200,공덕동,1,대지,475,0,공덕푸르지오시티,20251204,31000,34.389,44.032,7,,,2013,오피스텔,중개거래,서울 마포구
2025,11620,관악구,10100,봉천동,1,대지,706,13,다세대주택(706-13),20251204,20000,22.74,17,2,,,2019,연립다세대,중개거래,서울 관악구
2025,11470,양천구,10100,신정동,1,대지,1307,0,경남아너스빌,20251204,148000,84.88,0,10,,,2004,아파트,중개거래,서울 양천구
2025,11620,관악구,10200,신림동,1,대지,1735,0,관악산휴먼시아2단지,20251204,61000,59.99,0,14,,,2008,아파트,중개거래,서울 관악구
2025,11620,관악구,10100,봉천동,1,대지,41,292,관전센트레빌,20251204,43000,44.46,27,1,,,2017,연립다세대,중개거래,서울 관악구
2025,11530,구로구,10700,개봉동,1,대지,309,21,광성하이빌(309-21),20251204,18200,44.89,24,2,,,2003,연립다세대,중개거래,서울 구로구
2025,11410,서대문구,11900,북가좌동,1,대지,3,68,귀빈쉐르빌,20251204,44000,79.44,41,2,,,2002,연립다세대,중개거래,서울 서대문구
2025,11260,중랑구,10100,면목동,1,대지,1511,0,두산3,20251204,71500,84.77,0,11,,,1995,아파트,중개거래,서울 중랑구
2025,11620,관악구,10100,봉천동,1,대지,1708,0,두산,20251204,117500,84.87,0,17,,,2000,아파트,중개거래,서울 관악구
2025,11350,노원구,10500,상계동,1,대지,1110,0,두산,20251204,44500,51.66,0,10,,,1994,아파트,중개거래,서울 노원구
2025,11200,성동구,10200,하왕십리동,1,대지,890,181,동인드림힐스,20251204,28000,26.86,43.607,3,,,2017,오피스텔,중개거래,"서울 성동구, 서울 중구"
2025,11590,동작구,10200,상도동,1,대지,198,14,다채가,20251204,50000,23.27,17,4,,,2022,연립다세대,중개거래,서울 동작구
2025,11500,강서구,10900,방화동,1,대지,289,1,그린나래,20251204,40000,50.28,28,6,,,2016,연립다세대,중개거래,서울 강서구
2025,11710,송파구,10300,풍납동,1,대지,506,0,동아한가람1,20251204,133000,84.38,0,6,,,1995,아파트,중개거래,서울 송파구
2025,11290,성북구,13700,상월곡동,1,대지,101,0,동아에코빌,20251204,55000,59.95,0,12,,,2003,아파트,중개거래,경기 성남시 분당구
2025,11530,구로구,10100,신도림동,1,대지,643,0,동아1,20251204,147500,169.199,0,13,,,1999,아파트,중개거래,서울 구로구
2025,11500,강서구,10900,방화동,1,대지,817,0,동성,20251204,78000,76.8,0,9,,,1993,아파트,중개거래,서울 강서구
2025,11500,강서구,10900,방화동,1,대지,870,0,동부센트레빌,20251204,85000,84.96,0,10,,,2003,아파트,중개거래,서울 강서구
2025,11170,용산구,11400,신창동,1,대지,80,36,그린하우스,20251204,62000,80.54,39,5,,,2007,연립다세대,중개거래,서울 용산구
2025,11230,동대문구,10400,전농동,1,대지,695,0,동대문롯데캐슬노블레스,20251204,145000,59.98,0,6,,,2018,아파트,중개거래,"서울 동대문구, 서울 중구"
2025,11290,성북구,10300,돈암동,1,대지,1,0,돈암현대아파트,20251204,70000,68.76,0,7,,,1991,아파트,중개거래,"서울 강남구, 서울 성북구"
2025,11290,성북구,10300,돈암동,1,대지,642,0,돈암동해피트리,20251204,90000,126.88,0,1,,,2013,아파트,중개거래,서울 성북구
2025,11290,성북구,10300,돈암동,1,대지,15,1,돈암동삼성,20251204,88500,114.66,0,10,,,1999,아파트,중개거래,서울 성북구
2025,11290,성북구,10300,돈암동,1,대지,632,0,돈암동 풍림아파트 101~105동,20251204,73000,114.41,0,7,,,1999,아파트,중개거래,서울 성북구
2025,11545,금천구,10200,독산동,1,대지,1140,0,독산동중앙하이츠빌,20251204,74000,84.876,0,12,,,2004,아파트,중개거래,서울 금천구
2025,11545,금천구,10200,독산동,1,대지,1140,0,독산동중앙하이츠빌,20251204,75000,84.876,0,13,,,2004,아파트,중개거래,서울 금천구
2025,11410,서대문구,10900,현저동,1,대지,200,0,독립문극동(200-0),20251204,134500,84.87,0,21,,,1998,아파트,중개거래,서울 서대문구
2025,11410,서대문구,10900,현저동,1,대지,200,0,독립문극동(200-0),20251204,110000,59.58,0,3,,,1998,아파트,중개거래,서울 서대문구
2025,11650,서초구,10800,서초동,1,대지,1615,10,극동스타클래스2,20251204,165000,81.065,0,2,,,2006,아파트,중개거래,서울 서초구
2025,11680,강남구,11400,일원동,1,대지,682,11,달빛하우스,20251204,118500,59.43,38,5,,,2017,연립다세대,중개거래,서울 강남구
2025,11530,구로구,10600,고척동,1,대지,141,1,서울가든,20251203,67000,84.99,0,6,,,1989,아파트,중개거래,서울 구로구
2025,11305,강북구,10300,수유동,1,대지,486,280,미래주택,20251203,8200,38.08,20,-1,,,1993,연립다세대,중개거래,서울 강북구
2025,11470,양천구,10100,신정동,1,대지,1014,4,상지리치빌,20251203,36000,29.88,24,2,,,2021,연립다세대,중개거래,서울 양천구
2025,11440,마포구,12700,상암동,1,대지,1689,0,상암월드컵파크6단지,20251203,162000,104.32,0,13,,,2005,아파트,중개거래,서울 마포구
2025,11440,마포구,12700,상암동,1,대지,1637,0,상암월드컵파크2단지,20251203,116500,59.92,0,16,,,2003,아파트,중개거래,"서울 강서구, 서울 마포구"
2025,11440,마포구,12700,상암동,1,대지,1637,0,상암월드컵파크2단지,20251203,106000,59.92,0,1,,,2003,아파트,중개거래,서울 마포구
2025,11590,동작구,10200,상도동,1,대지,461,7,상도동근.생및다세대주택,20251203,48700,79.59,33,2,,,2002,연립다세대,중개거래,서울 동작구
2025,11350,노원구,10500,상계동,1,대지,691,0,상계주공7(고층),20251203,63500,49.94,0,8,,,1988,아파트,중개거래,서울 노원구
2025,11350,노원구,10500,상계동,1,대지,1282,0,상계2차중앙하이츠,20251203,57000,59.82,0,3,,,1998,아파트,중개거래,"서울 노원구, 서울 도봉구"
2025,11710,송파구,10800,문정동,1,대지,652,5,문정 아이파크,20251203,19600,22.89,33.65,10,,,2017,오피스텔,중개거래,서울 송파구
2025,11500,강서구,10300,화곡동,1,대지,350,10,뫼비우스(350-10),20251203,25800,37.46,22,3,,,2017,연립다세대,중개거래,서울 강서구
2025,11380,은평구,10300,불광동,1,대지,641,0,북한산현대힐스테이트3차아파트,20251203,81000,59.99,0,4,,,2010,아파트,중개거래,서울 은평구
2025,11710,송파구,11200,오금동,1,대지,147,9,무지개빌라,20251203,45000,48.15,36,1,,,1990,연립다세대,중개거래,서울 송파구
2025,11710,송파구,10800,문정동,1,대지,145,0,문정시영,20251203,90000,39.69,0,8,,,1989,아파트,중개거래,서울 송파구
2025,11500,강서구,10300,화곡동,1,대지,56,421,산일엠버스빌,20251203,14200,41.72,24,5,,,2008,연립다세대,중개거래,서울 강서구
2025,11305,강북구,10100,미아동,1,대지,1357,0,삼각산아이원,20251203,70000,84.705,0,22,,,2003,아파트,중개거래,"서울 강북구, 서울 성북구"
2025,11590,동작구,10400,본동,1,대지,492,0,삼성래미안,20251203,148000,84.226,0,17,,,2004,아파트,중개거래,서울 동작구
2025,11650,서초구,10700,반포동,1,대지,717,26,반포아트빌,20251203,68000,31,19,2,,,2012,연립다세대,중개거래,서울 서초구
2025,11620,관악구,10100,봉천동,1,대지,1718,0,벽산블루밍,20251203,93700,84.99,0,21,,,2005,아파트,중개거래,서울 관악구
2025,11470,양천구,10200,목동,1,대지,744,18,삼창빌라(744-18),20251203,55000,54.66,38,3,,,1991,연립다세대,중개거래,"서울 강서구, 서울 양천구"
2025,11710,송파구,10500,석촌동,1,대지,158,5,미켈란호수가,20251203,215000,129.45,0,25,,,2007,아파트,중개거래,서울 송파구
2025,11560,영등포구,11000,여의도동,1,대지,13,24,민족통일 대통령 리빙텔,20251203,19500,31.85,44.89,7,,,2003,오피스텔,중개거래,서울 영등포구
2025,11620,관악구,10100,봉천동,1,대지,1723,0,반석푸른숲,20251203,58000,58.67,0,2,,,2006,아파트,중개거래,서울 관악구
2025,11470,양천구,10200,목동,1,대지,744,8,삼창빌라(744-8),20251203,60000,55.38,38,1,,,1990,연립다세대,중개거래,서울 양천구
2025,11470,양천구,10100,신정동,1,대지,325,0,목동신시가지11,20251203,186000,75.68,0,4,,,1988,아파트,중개거래,서울 양천구
2025,11350,노원구,10200,월계동,1,대지,13,0,미성,20251203,59900,33.28,0,2,,,1986,아파트,중개거래,서울 노원구
2025,11320,도봉구,10700,창동,1,대지,647,11,북한산현대홈시티,20251203,34000,61.57,75.552,9,,,2005,오피스텔,직거래,
2025,11470,양천구,10100,신정동,1,대지,314,0,목동신시가지8,20251203,184000,54.94,0,9,,,1987,아파트,중개거래,서울 양천구
2025,11680,강남구,10300,개포동,1,대지,1209,12,베네세하우스,20251203,94000,81.94,39,4,,,2012,연립다세대,중개거래,서울 강남구
2025,11470,양천구,10200,목동,1,대지,804,28,목동에코,20251203,35000,47.79,30,4,,,2015,연립다세대,직거래,
2025,11545,금천구,10200,독산동,1,대지,1073,12,문정아트빌,20251203,24900,25.39,17,4,,,2017,연립다세대,중개거래,서울 강남구
2025,11380,은평구,10700,응암동,1,대지,115,33,세종아트빌,20251203,37250,65,22,5,,,2002,연립다세대,중개거래,서울 은평구
2025,11140,중구,13400,인현동2가,1,대지,240,0,세운푸르지오헤리시티,20251203,69500,40.763,0,18,,,2023,아파트,중개거래,서울 중구
2025,11230,동대문구,10300,제기동,1,대지,1156,1,성일빌라113동,20251203,30000,59.76,24,4,,,2002,연립다세대,중개거래,서울 동대문구
2025,11380,은평구,10700,응암동,1,대지,768,0,백련산해모로,20251203,98000,84.99,0,12,,,2020,아파트,중개거래,서울 은평구
2025,11545,금천구,10200,독산동,1,대지,971,21,성공리치빌2차,20251203,25500,28.72,19,3,,,2018,연립다세대,중개거래,서울 금천구
2025,11290,성북구,13800,장위동,1,대지,8,2,석계역한일노벨리아시티,20251203,12500,15.214,0,16,,,2019,아파트,중개거래,서울 성북구
2025,11530,구로구,10800,오류동,1,대지,351,0,서해그랑블,20251203,64500,84.71,0,7,,,2009,아파트,중개거래,서울 구로구
2025,11620,관악구,10100,봉천동,1,대지,1706,0,봉천우성,20251203,99000,114.78,0,25,,,2000,아파트,중개거래,서울 관악구
2025,11650,서초구,10800,서초동,1,대지,1355,17,서초대우디오빌,20251203,40000,45.17,59.35,5,,,2004,오피스텔,중개거래,서울 서초구
2025,11650,서초구,10800,서초동,1,대지,1686,9,서초교대e편한세상,20251203,245000,59.9,0,9,,,2010,아파트,중개거래,서울 서초구
2025,11500,강서구,10900,방화동,1,대지,839,0,방화그린,20251203,52500,49.77,0,6,,,1993,아파트,중개거래,서울 강서구
2025,11500,강서구,10900,방화동,1,대지,839,0,방화그린,20251203,42000,39.76,0,10,,,1993,아파트,중개거래,서울 강서구
2025,11530,구로구,10200,구로동,1,대지,108,2,새솔금호,20251203,62200,84.89,0,23,,,1996,아파트,중개거래,서울 구로구
2025,11215,광진구,10100,중곡동,1,대지,645,1,광현빌라14차,20251203,32000,63.08,25,3,,,2002,연립다세대,중개거래,서울 광진구
2025,11440,마포구,10200,공덕동,1,대지,475,0,공덕푸르지오시티,20251203,26000,32.071,41.064,10,,,2013,오피스텔,중개거래,서울 마포구
2025,11560,영등포구,12000,문래동2가,1,대지,35,0,남성,20251203,89000,58.52,0,12,,,1983,아파트,중개거래,서울 관악구
2025,11560,영등포구,11400,당산동4가,1,대지,30,1,당산현대5차,20251203,149500,59.75,0,6,,,2000,아파트,중개거래,서울 영등포구
2025,11410,서대문구,11100,홍제동,1,대지,459,0,홍제원현대(459-0),20251203,99000,84.9,0,17,,,2000,아파트,중개거래,서울 서대문구
2025,11560,영등포구,11500,당산동5가,1,대지,9,3,당산역해링턴타워,20251203,21000,23.92,33.23,11,,,2015,오피스텔,중개거래,서울 영등포구
2025,11500,강서구,10200,등촌동,1,대지,517,26,가나아델리움(517-26),20251203,41000,38.38,31,3,,,2015,연립다세대,중개거래,서울 강서구
2025,11710,송파구,10700,가락동,1,대지,55,0,현대(6차),20251203,140000,84.8,0,1,,,1991,아파트,중개거래,"서울 강남구, 서울 송파구"
2025,11305,강북구,10200,번동,1,대지,148,494,현대(148-494),20251203,46700,84.9,0,5,,,1997,아파트,중개거래,서울 강북구
2025,11650,서초구,10800,서초동,1,대지,1338,0,현대이에스에이아파트,20251203,170000,163.95,0,3,,,2002,아파트,중개거래,서울 강남구
2025,11380,은평구,10700,응암동,1,대지,678,3,(678-3),20251203,6500,17.22,23.791,3,,,2003,오피스텔,중개거래,서울 서대문구
2025,11545,금천구,10200,독산동,,,,,,20251203,73000,164.3,186,,,,1979,단독다가구,직거래,
2025,11410,서대문구,11700,연희동,1,대지,340,27,현대싱그런,20251203,67000,86.17,86.17,7,,,2007,오피스텔,직거래,
2025,11320,도봉구,10700,창동,1,대지,635,42,LIG건영캐스빌,20251203,50000,56.385,0,3,,,2002,아파트,중개거래,서울 도봉구
2025,11740,강동구,10500,길동,1,대지,327,31,327에비뉴,20251203,23000,17.93,12,3,,,2019,연립다세대,중개거래,서울 강동구
2025,11530,구로구,10600,고척동,1,대지,343,0,고척월드메르디앙,20251203,83000,84.93,0,14,,,2011,아파트,중개거래,서울 구로구
2025,11140,중구,16200,신당동,1,대지,349,226,현대로얄빌라,20251203,99000,69.74,41,2,,,1991,연립다세대,중개거래,서울 중구
2025,11410,서대문구,11800,홍은동,1,대지,470,0,힐스테이트홍은포레스트,20251203,102500,72.79,0,3,,,2023,아파트,중개거래,"서울 서대문구, 서울 은평구"
2025,11740,강동구,10700,암사동,1,대지,421,61,K-PARK,20251203,47500,48.26,30,6,,,2016,연립다세대,중개거래,서울 강동구
2025,11170,용산구,11100,청파동3가,,,,,,20251203,153000,166.25,82,,,,2007,단독다가구,중개거래,"서울 서초구, 서울 용산구"
2025,11440,마포구,11500,상수동,1,대지,340,5,人행복,20251203,65000,23.83,17,5,,,2023,연립다세대,중개거래,"서울 마포구, 서울 서대문구"
2025,11545,금천구,10100,가산동,1,대지,535,7,G밸리 하우스디 어반,20251203,14200,19.636,29.7483,3,,,2019,오피스텔,직거래,
2025,11380,은평구,10200,녹번동,1,대지,282,0,힐스테이트녹번,20251203,117000,59.938,0,6,,,2019,아파트,중개거래,서울 은평구
2025,11740,강동구,10200,고덕동,,,,,,20251203,275000,249.81,190,,,,1987,단독다가구,중개거래,서울 강동구
2025,11470,양천구,10300,신월동,1,대지,341,1,길훈,20251203,29400,42.57,0,4,,,1987,아파트,중개거래,"서울 양천구, 서울 영등포구"
2025,11410,서대문구,12000,남가좌동,1,대지,381,0,DMC센트레빌,20251203,124000,114.85,0,12,,,2009,아파트,중개거래,서울 서대문구
2025,11410,서대문구,12000,남가좌동,1,대지,381,0,DMC센트레빌,20251203,110000,59.95,0,6,,,2009,아파트,중개거래,서울 서대문구
2025,11350,노원구,10500,상계동,1,대지,1078,0,현대2차,20251203,55500,82.68,0,15,,,1993,아파트,중개거래,서울 노원구
2025,11545,금천구,10200,독산동,1,대지,711,2,금천현대,20251203,55000,59.82,0,4,,,2002,아파트,중개거래,서울 금천구
2025,11740,강동구,10500,길동,1,대지,400,0,길동우성,20251203,106000,84.75,0,3,,,1994,아파트,중개거래,서울 강동구
2025,11740,강동구,10500,길동,1,대지,327,31,327에비뉴,20251203,37000,28.27,20,3,,,2019,연립다세대,중개거래,서울 강동구
2025,11380,은평구,10400,갈현동,1,대지,492,1,뉴아름빌,20251203,39500,52.78,31,3,,,2016,연립다세대,중개거래,서울 은평구
2025,11290,성북구,10100,성북동,,,,,,20251203,63500,49.58,83,,,,1989,단독다가구,중개거래,서울 성북구
2025,11740,강동구,11000,강일동,1,대지,679,3,강일리슈빌에스,20251203,11500,18.528,28.5686,9,,,2016,오피스텔,중개거래,서울 강동구
2025,11500,강서구,10400,가양동,1,대지,1500,0,강서한강자이,20251203,156000,98.999,0,21,,,2013,아파트,중개거래,서울 강서구
2025,11545,금천구,10300,시흥동,1,대지,1013,0,관악산벽산타운5,20251203,48800,59.34,0,10,,,2004,아파트,중개거래,서울 금천구
2025,11590,동작구,10700,사당동,1,대지,105,0,극동(105),20251203,134000,51.57,0,12,,,1993,아파트,중개거래,서울 동작구
2025,11305,강북구,10100,미아동,1,대지,328,11,경일리치빌4차,20251203,48000,50.89,31,4,,,2023,연립다세대,직거래,
2025,11620,관악구,10200,신림동,1,대지,1735,0,관악산휴먼시아2단지,20251203,69700,84.97,0,16,,,2008,아파트,중개거래,서울 관악구
2025,11410,서대문구,11800,홍은동,1,대지,454,0,극동,20251203,57500,84.92,0,9,,,1995,아파트,중개거래,"서울 서대문구, 서울 은평구"
2025,11500,강서구,10500,마곡동,1,대지,1393,0,동원라테라스,20251203,19200,27.06,15,6,,20251211,2017,연립다세대,직거래,
2025,11380,은평구,10900,신사동,1,대지,359,0,현대1,20251203,59500,84.17,0,4,,,1997,아파트,중개거래,서울 은평구
2025,11560,영등포구,11000,여의도동,1,대지,44,5,힐스테이트 여의도 파인루체,20251203,90000,53.89,77.82,11,,,2023,오피스텔,중개거래,서울 영등포구
2025,11500,강서구,10600,내발산동,1,대지,659,1,강서월드메르디앙,20251203,96800,84.894,0,10,,,2006,아파트,중개거래,서울 강서구
2025,11710,송파구,10800,문정동,1,대지,16,2,그랑시아,20251203,31000,22.86,14,5,,,2015,연립다세대,중개거래,서울 송파구
2025,11215,광진구,10500,자양동,1,대지,595,1,(595-1),20251203,85000,31.77,21,1,,,1991,연립다세대,중개거래,서울 광진구
2025,11440,마포구,10200,공덕동,1,대지,457,0,공덕3삼성래미안,20251203,184000,59.97,0,6,,,2004,아파트,중개거래,서울 마포구
2025,11740,강동구,10300,상일동,1,대지,28,0,강동리엔파크14단지,20251203,90000,59.94,0,7,,,2021,아파트,중개거래,"경기 하남시, 서울 강동구"
2025,11560,영등포구,13200,신길동,1,대지,4969,0,힐스테이트클래시안,20251203,189000,84.86,0,20,,,2020,아파트,중개거래,서울 영등포구
2025,11350,노원구,10200,월계동,,,,,,20251203,50000,81.99,116,,,,1975,단독다가구,중개거래,서울 노원구
2025,11410,서대문구,11900,북가좌동,1,대지,80,129,경성하이빌(80-129),20251203,53000,38.43,21,4,,,2002,연립다세대,중개거래,서울 서대문구
2025,11650,서초구,10800,서초동,1,대지,1303,35,강남태영데시앙루브,20251203,31500,37.62,49.98,7,,,2005,오피스텔,중개거래,서울 서초구
2025,11545,금천구,10300,시흥동,1,대지,821,28,현주그린빌,20251203,21000,77.91,44,2,,,2007,연립다세대,직거래,
2025,11680,강남구,11100,세곡동,1,대지,579,0,강남엘에이치1단지,20251203,164000,59.89,0,7,,,2013,아파트,중개거래,서울 강남구
2025,11380,은평구,10200,녹번동,1,대지,280,1,녹번JR아파트,20251203,58000,59.866,0,1,,,2002,아파트,중개거래,서울 은평구
2025,11530,구로구,10200,구로동,1,대지,567,4,구로에스케이뷰,20251203,74000,84.945,0,8,,,2006,아파트,중개거래,서울 구로구
2025,11215,광진구,10400,광장동,1,대지,530,1,광장르엣지29,20251203,122992,73.59,0,12,,,2024,아파트,직거래,
2025,11530,구로구,10700,개봉동,1,대지,486,0,화신,20251203,38900,59.85,0,5,,,2004,아파트,중개거래,서울 구로구
2025,11530,구로구,10200,구로동,1,대지,806,33,구로아트빌라4동(806-33),20251203,32700,59.89,0,1,,,2002,아파트,중개거래,서울 구로구
2025,11500,강서구,10400,가양동,1,대지,1461,0,가양2단지(성지),20251203,72000,39.6,0,7,,,1992,아파트,중개거래,"서울 강서구, 서울 노원구"
2025,11545,금천구,10300,시흥동,1,대지,384,12,남서울건영2,20251203,29500,41.34,0,14,,,1989,아파트,중개거래,서울 금천구
2025,11380,은평구,10700,응암동,1,대지,762,0,녹번역센트레빌,20251203,87500,84.9,0,15,,,2013,아파트,중개거래,서울 은평구
2025,11350,노원구,10400,하계동,1,대지,251,0,하계1청구,20251203,86000,84.6,0,6,,,1997,아파트,중개거래,서울 노원구
2025,11740,강동구,10900,천호동,1,대지,243,108,한강루치벨(A동),20251203,38000,48.9,30,3,,,2014,연립다세대,중개거래,서울 강동구
2025,11230,동대문구,10200,용두동,1,대지,788,0,한방천하-용두동 포스빌,20251203,20000,39.02,50.174,9,,,2006,오피스텔,중개거래,서울 동대문구
2025,11545,금천구,10200,독산동,1,대지,1115,0,한백아트6차,20251203,27000,36.66,22,5,,,2018,연립다세대,중개거래,서울 금천구
2025,11470,양천구,10300,신월동,1,대지,20,1,한솔스위트홈(가동),20251203,22850,43.57,25,3,,,2010,연립다세대,중개거래,서울 양천구
2025,11230,동대문구,10700,청량리동,1,대지,60,0,한신,20251203,95000,114.95,0,11,,,1997,아파트,중개거래,서울 동대문구
2025,11290,성북구,10300,돈암동,1,대지,609,1,한신,20251203,69000,68.13,0,4,,,1998,아파트,중개거래,서울 성북구
2025,11305,강북구,10200,번동,1,대지,148,125,한양빌라B,20251203,15900,44.39,25,1,,,1991,연립다세대,중개거래,서울 강북구
2025,11260,중랑구,10100,면목동,1,대지,1543,0,한양수자인사가정파크,20251203,92500,74.939,0,1,,,2019,아파트,중개거래,서울 중랑구
2025,11530,구로구,11200,항동,1,대지,241,0,한양수자인에듀힐즈,20251203,85500,84.954,0,13,,,2019,아파트,중개거래,서울 구로구
2025,11530,구로구,10700,개봉동,1,대지,478,0,한진,20251203,65000,84.96,0,10,,,2000,아파트,중개거래,서울 구로구
2025,11350,노원구,10200,월계동,1,대지,18,0,한진한화그랑빌,20251203,84700,59.94,0,8,,,2002,아파트,중개거래,서울 노원구
2025,11440,마포구,10400,도화동,1,대지,555,0,한화오벨리스크,20251203,125000,75.72,0,31,,,2004,아파트,중개거래,서울 마포구
2025,11470,양천구,10100,신정동,1,대지,1252,0,현대,20251203,126000,84.84,0,18,,,1995,아파트,중개거래,서울 양천구
2025,11230,동대문구,11000,이문동,1,대지,54,0,현대,20251203,74500,59.92,0,16,,,2000,아파트,중개거래,서울 동대문구
2025,11740,강동구,10900,천호동,1,대지,425,3,천호역 한강 푸르지오시티,20251203,17000,25.24,35.91,11,,,2015,오피스텔,중개거래,서울 강동구
2025,11410,서대문구,11100,홍제동,1,대지,131,2,제니스,20251203,74000,60.34,0,8,,,2017,아파트,중개거래,서울 서대문구
2025,11110,종로구,17400,창신동,1,대지,703,0,창신쌍용2,20251203,74800,79.87,0,8,,,1993,아파트,중개거래,"경기 하남시, 서울 종로구"
2025,11140,중구,16200,신당동,1,대지,340,131,청구리치빌,20251203,38000,25.48,21,5,,,2020,연립다세대,중개거래,서울 중구
2025,11545,금천구,10300,시흥동,1,대지,1013,0,관악산벽산타운5,20251203,48800,59.34,0,10,,20251231,2004,아파트,중개거래,서울 금천구
2025,11230,동대문구,10200,용두동,1,대지,788,0,한방천하-용두동 포스빌,20251203,20000,39.02,50.174,9,,20251219,2006,오피스텔,중개거래,서울 동대문구
2025,11290,성북구,13300,정릉동,1,대지,239,0,정릉풍림아이원,20251203,53000,59.88,0,3,,,2005,아파트,중개거래,서울 성북구
2025,11230,동대문구,10500,답십리동,1,대지,1002,0,청계한신휴플러스,20251203,120000,59.74,0,8,,,2010,아파트,중개거래,서울 동대문구
2025,11290,성북구,13300,정릉동,1,대지,1014,0,정릉스카이쌍용아파트,20251203,74900,84.19,0,17,,,1999,아파트,중개거래,서울 성북구
2025,11350,노원구,10300,공릉동,1,대지,81,0,태강아파트(아이파크),20251203,53000,49.6,0,10,,,1999,아파트,중개거래,서울 노원구
2025,11410,서대문구,11100,홍제동,1,대지,318,26,클라우드빌1,20251203,38000,26.95,15,5,,,2014,연립다세대,직거래,
2025,11170,용산구,10100,후암동,1,대지,48,5,카이벨로체후암1차,20251203,49500,18.66,15,2,,,2025,연립다세대,직거래,
2025,11350,노원구,10600,중계동,1,대지,514,0,중앙하이츠아쿠아,20251203,92500,84.467,0,7,,,2008,아파트,중개거래,서울 노원구
2025,11710,송파구,10100,잠실동,1,대지,27,0,주공아파트 5단지,20251203,432500,82.61,0,13,,,1978,아파트,중개거래,서울 송파구
2025,11710,송파구,10100,잠실동,1,대지,27,0,주공아파트 5단지,20251203,397700,76.5,0,13,,,1978,아파트,중개거래,서울 송파구
2025,11350,노원구,10600,중계동,1,대지,360,16,주공10,20251203,73000,58.14,0,9,,,1995,아파트,중개거래,서울 노원구
2025,11290,성북구,13300,정릉동,1,대지,1014,0,정릉스카이쌍용아파트,20251203,60000,59.9,0,11,,,1999,아파트,중개거래,서울 성북구
2025,11230,동대문구,10900,휘경동,1,대지,57,0,주공1,20251203,97500,114.73,0,10,,,2001,아파트,중개거래,서울 동대문구
2025,11590,동작구,10200,상도동,1,대지,201,129,카렌시아B동,20251203,68500,26.75,12,2,,,2022,연립다세대,중개거래,서울 동작구
2025,11290,성북구,13300,정릉동,1,대지,1035,0,정릉2차e-편한세상,20251203,90000,84.09,0,14,,,2009,아파트,중개거래,서울 성북구
2025,11470,양천구,10100,신정동,1,대지,319,26,젠트리빌 업무복합시설,20251203,84600,59.24,81.55,17,,,2023,오피스텔,직거래,
2025,11530,구로구,10300,가리봉동,1,대지,134,54,(134-54),20251203,15300,34.34,13,4,,,1994,연립다세대,직거래,
2025,11140,중구,16200,신당동,1,대지,353,109,장안빌라B동,20251203,35000,36.92,36,2,,,1989,연립다세대,중개거래,서울 중구
2025,11650,서초구,10600,잠원동,1,대지,45,3,잠원샤인빌,20251203,39900,26.27,15,4,,,2016,연립다세대,중개거래,서울 강남구
2025,11230,동대문구,10200,용두동,1,대지,795,0,이편한세상청계센트럴포레,20251203,156000,74.98,0,15,,,2021,아파트,중개거래,서울 동작구
2025,11440,마포구,11000,노고산동,1,대지,33,42,(33-42),20251203,36500,35.28,26,-1,,,1989,연립다세대,중개거래,서울 마포구
2025,11380,은평구,10900,신사동,1,대지,200,128,첼라넥스빌,20251203,40000,59.43,38,2,,,2015,연립다세대,중개거래,서울 은평구
2025,11380,은평구,10800,역촌동,1,대지,18,6,태경쉐르빌(18-6),20251203,38400,43.05,28,3,,,2017,연립다세대,중개거래,서울 은평구
2025,11230,동대문구,10600,장안동,1,대지,382,5,태솔아파트1차,20251203,35000,66.78,77.6,7,,,2016,오피스텔,중개거래,서울 동대문구
2025,11590,동작구,10200,상도동,1,대지,202,35,(202-35),20251203,26000,53.68,27,-1,,,1993,연립다세대,중개거래,서울 동작구
2025,11740,강동구,10700,암사동,1,대지,440,7,풍천,20251203,63000,90.27,0,2,,,2003,아파트,중개거래,서울 강동구
2025,11350,노원구,10300,공릉동,1,대지,81,0,태강아파트(아이파크),20251203,65000,59.34,0,3,,,1999,아파트,중개거래,"서울 노원구, 서울 중랑구"
2025,11380,은평구,10300,불광동,1,대지,23,25,(23-25),20251203,27000,40.35,33,2,,,1986,연립다세대,중개거래,서울 은평구
2025,11200,성동구,10500,마장동,1,대지,836,0,라봄성동,20251203,33050,18.796,0,8,,,2025,아파트,직거래,
2025,11530,구로구,10100,신도림동,1,대지,642,0,대림2,20251203,130000,84.95,0,6,,,2001,아파트,중개거래,서울 구로구
2025,11230,동대문구,11000,이문동,1,대지,225,0,대림e-편한세상,20251203,92500,59.958,0,9,,,2003,아파트,중개거래,서울 동대문구
2025,11350,노원구,10600,중계동,1,대지,363,0,대림벽산(363),20251203,131000,114.39,0,3,,,1993,아파트,중개거래,서울 노원구
2025,11500,강서구,10100,염창동,1,대지,283,3,대명투웨니퍼스트,20251203,12000,15.04,21.05,2,,,2012,오피스텔,중개거래,서울 강서구
2025,11440,마포구,12200,합정동,1,대지,431,44,대명피렌체2,20251203,26000,29.63,19,3,,,2010,연립다세대,중개거래,서울 강남구
2025,11620,관악구,10100,봉천동,1,대지,673,58,대성빌라,20251203,30500,62.94,29,2,,,2001,연립다세대,중개거래,서울 관악구
2025,11380,은평구,10600,대조동,1,대지,31,4,대영빌라,20251203,14000,35.26,17,-1,,,1994,연립다세대,중개거래,서울 은평구
2025,11560,영등포구,13200,신길동,1,대지,22,5,대우 디오빌 골든뷰 오피스텔,20251203,18500,28.29,37.79,4,,,2004,오피스텔,중개거래,서울 영등포구
2025,11560,영등포구,13200,신길동,1,대지,22,5,대우 디오빌 골든뷰 오피스텔,20251203,18500,28.29,37.79,4,,,2004,오피스텔,중개거래,서울 영등포구
2025,11560,영등포구,11000,여의도동,1,대지,55,1,대우트럼프월드Ⅰ,20251203,220000,104.7,0,10,,,2002,아파트,중개거래,서울 영등포구
2025,11680,강남구,11400,일원동,1,대지,682,9,더샵리치하우스,20251203,107000,46.77,30,2,,,2018,연립다세대,중개거래,"서울 강남구, 서울 서초구"
2025,11710,송파구,10800,문정동,1,대지,7,1,더숲,20251203,35000,27.83,21,5,,,2020,연립다세대,중개거래,서울 송파구
2025,11560,영등포구,12500,양평동1가,1,대지,118,2,더스톤,20251203,34000,29.03,42.52,4,,,2018,오피스텔,중개거래,서울 영등포구
2025,11710,송파구,10400,송파동,1,대지,149,9,더원플러스B,20251203,65000,72.82,44,3,,,2008,연립다세대,중개거래,서울 송파구
2025,11650,서초구,10100,방배동,1,대지,862,16,더토브서초,20251203,75500,26.52,15,5,,,2023,연립다세대,중개거래,서울 서초구
2025,11140,중구,16500,황학동,1,대지,1572,0,동광팰리스,20251203,26850,25.9,0,13,,,2018,아파트,중개거래,서울 중구
2025,11470,양천구,10200,목동,1,대지,318,96,동궁아트빌,20251203,23700,74.05,20,4,,,2002,연립다세대,중개거래,서울 양천구
2025,11230,동대문구,10500,답십리동,1,대지,41,0,동서울한양,20251203,60000,76.41,0,1,,,1989,아파트,중개거래,서울 동대문구
2025,11710,송파구,10100,잠실동,1,대지,219,0,동승9차,20251203,31000,32.57,13,3,,,1994,연립다세대,중개거래,서울 송파구
2025,11500,강서구,10100,염창동,1,대지,292,0,동아,20251203,85500,59.97,0,6,,,1998,아파트,중개거래,서울 강서구
2025,11530,구로구,10100,신도림동,1,대지,644,0,동아2,20251203,112000,59.595,0,4,,,2000,아파트,중개거래,"서울 구로구, 서울 서초구"
2025,11560,영등포구,11800,도림동,1,대지,165,1,동아에코빌,20251203,92900,84.99,0,7,,,2000,아파트,중개거래,서울 영등포구
2025,11320,도봉구,10800,도봉동,1,대지,654,0,동아에코빌,20251203,72000,105.976,0,12,,,2003,아파트,중개거래,서울 도봉구
2025,11350,노원구,10600,중계동,1,대지,107,14,동일캐슬,20251203,30000,44.22,26,5,,,2022,연립다세대,중개거래,서울 노원구
2025,11470,양천구,10100,신정동,1,대지,1028,12,둔전빌라,20251203,20500,37.44,33,1,,,2001,연립다세대,중개거래,서울 양천구
2025,11620,관악구,10100,봉천동,1,대지,466,12,드림맨션,20251203,36700,64.2,37,2,,,2003,연립다세대,중개거래,서울 관악구
2025,11500,강서구,10200,등촌동,1,대지,715,0,등촌동아이파크,20251203,105000,84.755,0,13,,,2004,아파트,중개거래,"서울 강서구, 서울 양천구"
2025,11500,강서구,10200,등촌동,1,대지,715,0,등촌동아이파크,20251203,115000,84.995,0,12,,,2004,아파트,중개거래,서울 강서구
2025,11500,강서구,10200,등촌동,1,대지,715,0,등촌동아이파크,20251203,160000,165.829,0,10,,,2004,아파트,중개거래,"서울 강서구, 서울 양천구"
2025,11410,서대문구,12000,남가좌동,1,대지,387,0,디엠씨엘가,20251203,45300,41.23,0,3,,,2017,아파트,중개거래,서울 서대문구
2025,11200,성동구,11400,성수동1가,1,대지,13,117,뚝섬리버빌,20251203,17000,26.02,36.84,5,,,2005,오피스텔,중개거래,서울 성동구
2025,11200,성동구,10500,마장동,1,대지,836,0,라봄성동,20251203,30050,18.133,0,5,,,2025,아파트,직거래,
2025,11200,성동구,10500,마장동,1,대지,836,0,라봄성동,20251203,30050,18.133,0,6,,,2025,아파트,직거래,
2025,11200,성동구,10500,마장동,1,대지,836,0,라봄성동,20251203,30050,18.133,0,7,,,2025,아파트,직거래,
2025,11200,성동구,10500,마장동,1,대지,836,0,라봄성동,20251203,30650,18.133,0,8,,,2025,아파트,직거래,
2025,11200,성동구,10500,마장동,1,대지,836,0,라봄성동,20251203,30650,18.133,0,10,,,2025,아파트,직거래,
2025,11200,성동구,10500,마장동,1,대지,836,0,라봄성동,20251203,30650,18.133,0,11,,,2025,아파트,직거래,
2025,11200,성동구,10500,마장동,1,대지,836,0,라봄성동,20251203,33050,18.796,0,12,,,2025,아파트,직거래,
2025,11200,성동구,10500,마장동,1,대지,836,0,라봄성동,20251203,33050,18.796,0,12,,,2025,아파트,직거래,
2025,11200,성동구,10500,마장동,1,대지,836,0,라봄성동,20251203,33050,18.796,0,12,,,2025,아파트,직거래,
2025,11200,성동구,10500,마장동,1,대지,836,0,라봄성동,20251203,33050,18.796,0,12,,,2025,아파트,직거래,
2025,11200,성동구,10500,마장동,1,대지,836,0,라봄성동,20251203,30600,18.796,0,4,,,2025,아파트,직거래,
2025,11200,성동구,10500,마장동,1,대지,836,0,라봄성동,20251203,33050,18.796,0,12,,,2025,아파트,직거래,
2025,11200,성동구,10500,마장동,1,대지,836,0,라봄성동,20251203,31750,18.796,0,12,,,2025,아파트,직거래,
2025,11200,성동구,10500,마장동,1,대지,836,0,라봄성동,20251203,33050,18.796,0,13,,,2025,아파트,직거래,
2025,11200,성동구,10500,마장동,1,대지,836,0,라봄성동,20251203,33050,18.796,0,13,,,2025,아파트,직거래,
2025,11200,성동구,10500,마장동,1,대지,836,0,라봄성동,20251203,33050,18.796,0,13,,,2025,아파트,직거래,
2025,11200,성동구,10500,마장동,1,대지,836,0,라봄성동,20251203,33050,18.796,0,13,,,2025,아파트,직거래,
2025,11200,성동구,10500,마장동,1,대지,836,0,라봄성동,20251203,33050,18.796,0,13,,,2025,아파트,직거래,
2025,11200,성동구,10500,마장동,1,대지,836,0,라봄성동,20251203,31750,18.796,0,13,,,2025,아파트,직거래,
2025,11200,성동구,10500,마장동,1,대지,836,0,라봄성동,20251203,33050,18.796,0,14,,,2025,아파트,직거래,
2025,11200,성동구,10500,마장동,1,대지,836,0,라봄성동,20251203,33050,18.796,0,14,,,2025,아파트,직거래,
2025,11200,성동구,10500,마장동,1,대지,836,0,라봄성동,20251203,30600,18.796,0,4,,,2025,아파트,직거래,
2025,11200,성동구,10500,마장동,1,대지,836,0,라봄성동,20251203,33050,18.796,0,14,,,2025,아파트,직거래,
2025,11200,성동구,10500,마장동,1,대지,836,0,라봄성동,20251203,33050,18.796,0,14,,,2025,아파트,직거래,
2025,11200,성동구,10500,마장동,1,대지,836,0,라봄성동,20251203,33050,18.796,0,14,,,2025,아파트,직거래,
2025,11200,성동구,10500,마장동,1,대지,836,0,라봄성동,20251203,31750,18.796,0,14,,,2025,아파트,직거래,
2025,11200,성동구,10500,마장동,1,대지,836,0,라봄성동,20251203,33050,18.796,0,15,,,2025,아파트,직거래,
2025,11200,성동구,10500,마장동,1,대지,836,0,라봄성동,20251203,33050,18.796,0,15,,,2025,아파트,직거래,
2025,11200,성동구,10500,마장동,1,대지,836,0,라봄성동,20251203,33050,18.796,0,15,,,2025,아파트,직거래,
2025,11200,성동구,10500,마장동,1,대지,836,0,라봄성동,20251203,33050,18.796,0,15,,,2025,아파트,직거래,
2025,11200,성동구,10500,마장동,1,대지,836,0,라봄성동,20251203,33050,18.796,0,15,,,2025,아파트,직거래,
2025,11200,성동구,10500,마장동,1,대지,836,0,라봄성동,20251203,33050,18.796,0,15,,,2025,아파트,직거래,
2025,11200,성동구,10500,마장동,1,대지,836,0,라봄성동,20251203,32400,18.796,0,5,,,2025,아파트,직거래,
2025,11200,성동구,10500,마장동,1,대지,836,0,라봄성동,20251203,33050,18.796,0,16,,,2025,아파트,직거래,
2025,11200,성동구,10500,마장동,1,대지,836,0,라봄성동,20251203,33050,18.796,0,16,,,2025,아파트,직거래,
2025,11200,성동구,10500,마장동,1,대지,836,0,라봄성동,20251203,33050,18.796,0,16,,,2025,아파트,직거래,
2025,11200,성동구,10500,마장동,1,대지,836,0,라봄성동,20251203,33050,18.796,0,16,,,2025,아파트,직거래,
2025,11200,성동구,10500,마장동,1,대지,836,0,라봄성동,20251203,31750,18.796,0,16,,,2025,아파트,직거래,
2025,11200,성동구,10500,마장동,1,대지,836,0,라봄성동,20251203,31750,18.796,0,4,,,2025,아파트,직거래,
2025,11200,성동구,10500,마장동,1,대지,836,0,라봄성동,20251203,32400,18.796,0,5,,,2025,아파트,직거래,
2025,11200,성동구,10500,마장동,1,대지,836,0,라봄성동,20251203,32400,18.796,0,5,,,2025,아파트,직거래,
2025,11200,성동구,10500,마장동,1,대지,836,0,라봄성동,20251203,32400,18.796,0,5,,,2025,아파트,직거래,
2025,11200,성동구,10500,마장동,1,대지,836,0,라봄성동,20251203,31150,18.796,0,5,,,2025,아파트,직거래,
2025,11200,성동구,10500,마장동,1,대지,836,0,라봄성동,20251203,32400,18.796,0,6,,,2025,아파트,직거래,
2025,11200,성동구,10500,마장동,1,대지,836,0,라봄성동,20251203,32400,18.796,0,6,,,2025,아파트,직거래,
2025,11200,성동구,10500,마장동,1,대지,836,0,라봄성동,20251203,32400,18.796,0,6,,,2025,아파트,직거래,
2025,11200,성동구,10500,마장동,1,대지,836,0,라봄성동,20251203,32400,18.796,0,6,,,2025,아파트,직거래,
2025,11200,성동구,10500,마장동,1,대지,836,0,라봄성동,20251203,31750,18.796,0,4,,,2025,아파트,직거래,
2025,11200,성동구,10500,마장동,1,대지,836,0,라봄성동,20251203,32400,18.796,0,6,,,2025,아파트,직거래,
2025,11200,성동구,10500,마장동,1,대지,836,0,라봄성동,20251203,31150,18.796,0,6,,,2025,아파트,직거래,
2025,11200,성동구,10500,마장동,1,대지,836,0,라봄성동,20251203,32400,18.796,0,7,,,2025,아파트,직거래,
2025,11200,성동구,10500,마장동,1,대지,836,0,라봄성동,20251203,32400,18.796,0,7,,,2025,아파트,직거래,
2025,11200,성동구,10500,마장동,1,대지,836,0,라봄성동,20251203,32400,18.796,0,7,,,2025,아파트,직거래,
2025,11200,성동구,10500,마장동,1,대지,836,0,라봄성동,20251203,32400,18.796,0,7,,,2025,아파트,직거래,
2025,11200,성동구,10500,마장동,1,대지,836,0,라봄성동,20251203,32400,18.796,0,7,,,2025,아파트,직거래,
2025,11200,성동구,10500,마장동,1,대지,836,0,라봄성동,20251203,32400,18.796,0,7,,,2025,아파트,직거래,
2025,11200,성동구,10500,마장동,1,대지,836,0,라봄성동,20251203,31750,18.796,0,4,,,2025,아파트,직거래,
2025,11200,성동구,10500,마장동,1,대지,836,0,라봄성동,20251203,31150,18.796,0,7,,,2025,아파트,직거래,
2025,11200,성동구,10500,마장동,1,대지,836,0,라봄성동,20251203,31150,18.796,0,7,,,2025,아파트,직거래,
2025,11200,성동구,10500,마장동,1,대지,836,0,라봄성동,20251203,33050,18.796,0,8,,,2025,아파트,직거래,
2025,11200,성동구,10500,마장동,1,대지,836,0,라봄성동,20251203,33050,18.796,0,8,,,2025,아파트,직거래,
2025,11200,성동구,10500,마장동,1,대지,836,0,라봄성동,20251203,33050,18.796,0,8,,,2025,아파트,직거래,
2025,11200,성동구,10500,마장동,1,대지,836,0,라봄성동,20251203,33050,18.796,0,8,,,2025,아파트,직거래,
2025,11200,성동구,10500,마장동,1,대지,836,0,라봄성동,20251203,31750,18.796,0,8,,,2025,아파트,직거래,
2025,11200,성동구,10500,마장동,1,대지,836,0,라봄성동,20251203,31750,18.796,0,8,,,2025,아파트,직거래,
2025,11200,성동구,10500,마장동,1,대지,836,0,라봄성동,20251203,31750,18.796,0,4,,,2025,아파트,직거래,
2025,11200,성동구,10500,마장동,1,대지,836,0,라봄성동,20251203,33050,18.796,0,9,,,2025,아파트,직거래,
2025,11200,성동구,10500,마장동,1,대지,836,0,라봄성동,20251203,33050,18.796,0,9,,,2025,아파트,직거래,
2025,11200,성동구,10500,마장동,1,대지,836,0,라봄성동,20251203,33050,18.796,0,9,,,2025,아파트,직거래,
2025,11200,성동구,10500,마장동,1,대지,836,0,라봄성동,20251203,33050,18.796,0,9,,,2025,아파트,직거래,
2025,11200,성동구,10500,마장동,1,대지,836,0,라봄성동,20251203,33050,18.796,0,9,,,2025,아파트,직거래,
2025,11200,성동구,10500,마장동,1,대지,836,0,라봄성동,20251203,33050,18.796,0,9,,,2025,아파트,직거래,
2025,11200,성동구,10500,마장동,1,대지,836,0,라봄성동,20251203,31750,18.796,0,9,,,2025,아파트,직거래,
2025,11200,성동구,10500,마장동,1,대지,836,0,라봄성동,20251203,31750,18.796,0,9,,,2025,아파트,직거래,
2025,11200,성동구,10500,마장동,1,대지,836,0,라봄성동,20251203,33050,18.796,0,10,,,2025,아파트,직거래,
2025,11200,성동구,10500,마장동,1,대지,836,0,라봄성동,20251203,31750,18.796,0,4,,,2025,아파트,직거래,
2025,11200,성동구,10500,마장동,1,대지,836,0,라봄성동,20251203,33050,18.796,0,10,,,2025,아파트,직거래,
2025,11200,성동구,10500,마장동,1,대지,836,0,라봄성동,20251203,33050,18.796,0,10,,,2025,아파트,직거래,
2025,11200,성동구,10500,마장동,1,대지,836,0,라봄성동,20251203,33050,18.796,0,10,,,2025,아파트,직거래,
2025,11200,성동구,10500,마장동,1,대지,836,0,라봄성동,20251203,33050,18.796,0,10,,,2025,아파트,직거래,
2025,11200,성동구,10500,마장동,1,대지,836,0,라봄성동,20251203,33050,18.796,0,10,,,2025,아파트,직거래,
2025,11200,성동구,10500,마장동,1,대지,836,0,라봄성동,20251203,31750,18.796,0,10,,,2025,아파트,직거래,
2025,11200,성동구,10500,마장동,1,대지,836,0,라봄성동,20251203,33050,18.796,0,11,,,2025,아파트,직거래,
2025,11200,성동구,10500,마장동,1,대지,836,0,라봄성동,20251203,33050,18.796,0,11,,,2025,아파트,직거래,
2025,11200,성동구,10500,마장동,1,대지,836,0,라봄성동,20251203,33050,18.796,0,11,,,2025,아파트,직거래,
2025,11200,성동구,10500,마장동,1,대지,836,0,라봄성동,20251203,33050,18.796,0,11,,,2025,아파트,직거래,
2025,11200,성동구,10500,마장동,1,대지,836,0,라봄성동,20251203,33050,18.796,0,11,,,2025,아파트,직거래,
2025,11200,성동구,10500,마장동,1,대지,836,0,라봄성동,20251203,33050,18.796,0,11,,,2025,아파트,직거래,
2025,11200,성동구,10500,마장동,1,대지,836,0,라봄성동,20251203,31750,18.796,0,11,,,2025,아파트,직거래,
2025,11200,성동구,10500,마장동,1,대지,836,0,라봄성동,20251203,33050,18.796,0,12,,,2025,아파트,직거래,
2025,11230,동대문구,10400,전농동,1,대지,690,0,래미안크레시티,20251203,187000,121.95,0,7,,,2014,아파트,중개거래,서울 동대문구
2025,11290,성북구,13500,종암동,1,대지,3,952,로얄팰리스,20251203,20000,20.34,13,2,,,2017,연립다세대,중개거래,서울 동대문구
2025,11200,성동구,11200,금호동4가,1,대지,1250,0,롯데,20251203,158000,84.99,0,15,,,2003,아파트,중개거래,서울 성동구
2025,11710,송파구,11300,거여동,1,대지,129,5,롯데빌라,20251203,38000,63.36,38,4,,,1997,연립다세대,중개거래,서울 송파구
2025,11290,성북구,13400,길음동,1,대지,1287,1,롯데캐슬골든힐스,20251203,100000,84.93,0,19,,,2019,아파트,중개거래,서울 성북구
2025,11230,동대문구,10200,용두동,1,대지,798,0,청량리역한양수자인그라시엘,20251203,179000,84.97,0,52,,20251223,2023,아파트,중개거래,서울 동대문구
2025,11320,도봉구,10500,쌍문동,1,대지,425,3,루미에르,20251203,20000,29.92,18,3,,,2018,연립다세대,중개거래,서울 강북구
2025,11110,종로구,12600,종로1가,1,대지,24,0,르메이에르종로타운1,20251203,30000,36.23,48.31,8,,,2007,오피스텔,중개거래,서울 종로구
2025,11650,서초구,10100,방배동,1,대지,791,22,리더스힐,20251203,85000,46.93,32,5,,,2019,연립다세대,중개거래,"서울 동작구, 서울 서초구"
2025,11215,광진구,10400,광장동,1,대지,127,0,리버힐오피스텔,20251203,29000,41.76,57.17,3,,,1993,오피스텔,중개거래,서울 광진구
2025,11500,강서구,10200,등촌동,1,대지,725,0,마곡루나플라체,20251203,30500,22.05,0,5,,,2021,아파트,중개거래,서울 강서구
2025,11500,강서구,10600,내발산동,1,대지,753,0,마곡수명산파크4단지,20251203,106500,84.76,0,3,,,2008,아파트,중개거래,서울 강서구
2025,11500,강서구,10900,방화동,1,대지,852,0,마곡중앙하이츠아파트,20251203,55000,51.03,0,5,,,1994,아파트,중개거래,서울 강서구
2025,11260,중랑구,10100,면목동,1,대지,1531,0,마젤란21,20251203,67000,59.923,0,9,,,2007,아파트,중개거래,서울 중랑구
2025,11440,마포구,12200,합정동,1,대지,473,0,마포 한강 2차 푸르지오,20251203,36000,25.7,41.7657,15,,,2016,오피스텔,중개거래,서울 마포구
2025,11440,마포구,10200,공덕동,1,대지,462,0,마포공덕파크팰리스Ⅱ,20251203,165000,141.46,0,18,,,2005,아파트,중개거래,서울 마포구
2025,11440,마포구,10400,도화동,1,대지,559,0,마포트라팰리스,20251203,121000,80.3,103.52,25,,,2006,오피스텔,중개거래,서울 마포구
2025,11545,금천구,10200,독산동,1,대지,957,1,메트로타운A동B동C동,20251203,32000,40.89,27,4,,,2017,연립다세대,중개거래,"서울 관악구, 서울 금천구"
2025,11545,금천구,10200,독산동,1,대지,972,45,명성빌,20251203,25500,29.83,21,4,,,2018,연립다세대,중개거래,서울 마포구
2025,11470,양천구,10100,신정동,1,대지,956,7,목동M타운101동102동103동,20251203,39500,43.84,27,4,,,2016,연립다세대,중개거래,서울 양천구
2025,11500,강서구,10800,공항동,1,대지,42,12,송정제이빌102동,20251203,59800,79.59,0,4,,,2003,아파트,중개거래,서울 강서구
2025,11500,강서구,10300,화곡동,1,대지,1107,3,연우넥스트뷰,20251203,15000,17.32,22.61,4,,,2018,오피스텔,직거래,
2025,11500,강서구,10300,화곡동,1,대지,366,27,예인빌라,20251203,27800,59.34,41,3,,,1997,연립다세대,중개거래,서울 강서구
2025,11170,용산구,12900,이촌동,1,대지,300,11,왕궁,20251203,330000,102.48,0,4,,,1974,아파트,중개거래,서울 용산구
2025,11200,성동구,10200,하왕십리동,1,대지,1078,0,왕십리센트럴,20251203,64500,36.14,28,5,,,2023,연립다세대,중개거래,서울 성동구
2025,11170,용산구,12400,한강로1가,1,대지,50,1,용산파크자이,20251203,265000,123.12,0,22,,,2005,아파트,중개거래,서울 용산구
2025,11380,은평구,11400,진관동,1,대지,83,0,우물골2단지두산위브(204~208동)BL2-5,20251203,92000,84.04,0,3,,,2009,아파트,중개거래,서울 은평구
2025,11230,동대문구,10600,장안동,1,대지,381,1,우민에뜨와르오피스텔,20251203,13900,36.62,70.57,4,,,2009,오피스텔,중개거래,서울 동대문구
2025,11710,송파구,11400,마천동,1,대지,576,0,우방아파트,20251203,87000,79.07,0,6,,,2002,아파트,중개거래,서울 송파구
2025,11530,구로구,10600,고척동,1,대지,76,55,"우성,현대아파트",20251203,60000,68.7,0,11,,,1987,아파트,중개거래,서울 구로구
2025,11590,동작구,10900,신대방동,1,대지,565,21,우성2차,20251203,125000,149.49,0,13,,,1995,아파트,중개거래,"서울 관악구, 서울 동작구"
2025,11560,영등포구,13200,신길동,1,대지,4933,0,우성5,20251203,83000,84.98,0,7,,,1993,아파트,중개거래,서울 영등포구
2025,11305,강북구,10300,수유동,1,대지,270,142,신도뷰(270-142),20251203,27000,49.385,31,2,,,2017,연립다세대,중개거래,서울 강북구
2025,11530,구로구,10100,신도림동,1,대지,638,0,우성5,20251203,79000,59.91,0,4,,,1994,아파트,중개거래,서울 구로구
2025,11350,노원구,10600,중계동,1,대지,589,0,신일,20251203,54000,84.94,0,19,,,1998,아파트,중개거래,서울 노원구
2025,11530,구로구,10600,고척동,1,대지,321,0,우성꿈동산,20251203,44500,65.16,0,1,,,1996,아파트,중개거래,서울 구로구
2025,11470,양천구,10300,신월동,1,대지,924,16,우성빌라(A동),20251203,23000,53.54,27,3,,,1993,연립다세대,중개거래,서울 양천구
2025,11230,동대문구,10600,장안동,1,대지,567,0,신일해피트리2차(567),20251203,74400,79.51,0,10,,,2005,아파트,중개거래,서울 동대문구
2025,11500,강서구,10300,화곡동,1,대지,1087,5,원흥타운,20251203,50800,83.7,0,6,,,1996,아파트,중개거래,서울 강서구
2025,11170,용산구,12800,한강로3가,1,대지,98,0,센트럴파크,20251203,386500,102.861,0,19,,,2020,아파트,중개거래,서울 용산구
2025,11290,성북구,13600,하월곡동,1,대지,226,0,월곡래미안루나밸리,20251203,98500,84.88,0,4,,,2007,아파트,중개거래,서울 성북구
2025,11680,강남구,10100,역삼동,1,대지,837,11,유니온오피스텔,20251203,49000,54.42,77.39,19,,,1993,오피스텔,중개거래,서울 강남구
2025,11680,강남구,10100,역삼동,1,대지,837,11,유니온오피스텔,20251203,49000,54.42,77.39,19,,,1993,오피스텔,중개거래,서울 강남구
2025,11380,은평구,11400,진관동,1,대지,60,0,은평뉴타운솔하임,20251203,51500,45.034,0,3,,,2017,아파트,중개거래,경기 고양시 덕양구
2025,11710,송파구,11400,마천동,1,대지,357,4,을해빌라,20251203,107000,71.93,32,2,,,2001,연립다세대,중개거래,서울 송파구
2025,11320,도봉구,10700,창동,1,대지,807,0,쌍용,20251203,70000,59.88,0,3,,,1997,아파트,중개거래,서울 도봉구
2025,11140,중구,17100,중림동,1,대지,363,0,쌍용 더 플래티넘 서울역,20251203,26000,18.36,30.566,3,,,2023,오피스텔,중개거래,경기 고양시 일산동구
2025,11380,은평구,10300,불광동,1,대지,345,7,수라움,20251203,52500,44.95,31,6,,,2018,연립다세대,중개거래,서울 은평구
2025,11680,강남구,10100,역삼동,1,대지,747,6,이수빌라,20251203,53000,47.26,39,3,,,2005,연립다세대,중개거래,"서울 강남구, 서울 광진구"
2025,11500,강서구,10300,화곡동,1,대지,371,54,쌍용맨션,20251203,22000,59.64,28,1,,,2001,연립다세대,중개거래,서울 강서구
2025,11305,강북구,10200,번동,1,대지,148,125,한양빌라B,20251203,15900,44.39,25,1,,20251215,1991,연립다세대,중개거래,서울 강북구
2025,11290,성북구,12800,보문동6가,1,대지,36,2,아남,20251203,67300,84.69,0,7,,,1994,아파트,중개거래,"서울 종로구, 인천 서구"
2025,11350,노원구,10500,상계동,1,대지,1312,0,수락리버시티3단지,20251203,71500,84.81,0,13,,,2009,아파트,중개거래,서울 노원구
2025,11680,강남구,10400,청담동,1,대지,91,2,아노블리81,20251203,180000,52.85,81.87,16,,,2018,오피스텔,중개거래,서울 강남구
2025,11650,서초구,10800,서초동,1,대지,1480,5,서초클래스,20251203,68000,46.27,28,4,,20260120,2018,연립다세대,중개거래,서울 서초구
2025,11680,강남구,10600,대치동,1,대지,889,74,아름빌(889-74),20251203,55500,41.65,0,9,,,2003,아파트,중개거래,서울 강남구
2025,11710,송파구,11300,거여동,1,대지,129,5,롯데빌라,20251203,38000,63.36,38,4,,20260305,1997,연립다세대,중개거래,서울 송파구
2025,11710,송파구,10100,잠실동,1,대지,86,0,아시아선수촌아파트,20251203,557500,151.008,0,6,,,1986,아파트,중개거래,서울 송파구
2025,11545,금천구,10300,시흥동,1,대지,864,0,시흥,20251203,27600,60,61,3,,,1980,연립다세대,직거래,
2025,11290,성북구,13500,종암동,1,대지,131,0,아이파크종암동2차,20251203,97000,84.73,0,11,,,2005,아파트,중개거래,서울 성북구
2025,11230,동대문구,10300,제기동,1,대지,153,0,안암골벽산,20251203,86200,84.98,0,6,,,2003,아파트,중개거래,서울 동대문구
2025,11650,서초구,10200,양재동,1,대지,337,12,양재아이힐,20251203,59000,24.9,20,4,,,2015,연립다세대,중개거래,서울 서초구
2025,11305,강북구,10100,미아동,1,대지,1353,0,에스케이북한산시티,20251203,69800,84.76,0,19,,,2004,아파트,중개거래,서울 강북구
2025,11650,서초구,10300,우면동,1,대지,788,0,엘에이치서초4단지,20251203,130000,51.89,0,5,,,2013,아파트,중개거래,서울 서초구
2025,11320,도봉구,10500,쌍문동,1,대지,75,18,오성그린빌,20251202,27000,42.78,26,3,,,2021,연립다세대,직거래,
2025,11560,영등포구,11000,여의도동,1,대지,525,0,브라이튼 여의도,20251202,69000,29.98,48.25,12,,20260109,2023,오피스텔,중개거래,서울 영등포구
2025,11500,강서구,10100,염창동,1,대지,263,0,태진한솔,20251202,85000,58.87,0,6,,,1994,아파트,중개거래,서울 강서구
2025,11350,노원구,10300,공릉동,1,대지,758,0,태릉해링턴플레이스,20251202,105000,74.96,0,18,,,2022,아파트,중개거래,서울 노원구
2025,11470,양천구,10100,신정동,1,대지,1196,12,우성,20251202,90000,46.38,21,1,,20260311,1993,연립다세대,중개거래,서울 양천구
2025,11560,영등포구,11000,여의도동,1,대지,61,4,콤비빌딩,20251202,50000,102.27,114.96,8,,,1994,오피스텔,중개거래,서울 영등포구
2025,11650,서초구,10300,우면동,1,대지,70,0,코오롱,20251202,155700,52.47,0,2,,,1994,아파트,중개거래,"서울 강남구, 서울 서초구"
2025,11560,영등포구,13300,대림동,1,대지,607,1,코오롱,20251202,109000,134.91,0,4,,,1998,아파트,중개거래,서울 영등포구
2025,11410,서대문구,10300,합동,1,대지,117,0,충정로대우디오빌,20251202,46500,61.22,77.13,5,,,2006,오피스텔,중개거래,서울 서대문구
2025,11350,노원구,10600,중계동,1,대지,366,0,청구(366),20251202,132000,115.47,0,4,,,1993,아파트,중개거래,"서울 노원구, 서울 도봉구"
2025,11215,광진구,10400,광장동,1,대지,566,0,청구,20251202,155000,59.95,0,8,,,1996,아파트,중개거래,서울 광진구
2025,11410,서대문구,10600,천연동,1,대지,145,0,천연뜨란채,20251202,94000,57.78,0,15,,,2006,아파트,중개거래,서울 서대문구
2025,11410,서대문구,10600,천연동,1,대지,145,0,천연뜨란채,20251202,57500,30.17,0,8,,,2006,아파트,중개거래,서울 서대문구
2025,11110,종로구,17400,창신동,1,대지,702,0,창신쌍용1,20251202,70000,54.7,0,7,,,1992,아파트,중개거래,서울 종로구
2025,11380,은평구,10400,갈현동,1,대지,507,2,창성빌라(507-2),20251202,39500,71.91,31,1,,,2001,연립다세대,중개거래,서울 은평구
2025,11500,강서구,10900,방화동,1,대지,645,27,진형빌라나동,20251202,28500,59.4,27,4,,,2000,연립다세대,중개거래,서울 강서구
2025,11350,노원구,10300,공릉동,1,대지,415,80,진주아트빌라A동,20251202,14000,39.67,20,2,,,1993,연립다세대,중개거래,서울 노원구
2025,11230,동대문구,10500,답십리동,1,대지,497,9,젠트리움,20251202,13000,16.2,26.89,10,,,2020,오피스텔,중개거래,서울 동대문구
2025,11470,양천구,10200,목동,1,대지,128,46,제일빌라,20251202,18000,44.31,24,-1,,,1991,연립다세대,중개거래,서울 양천구
2025,11650,서초구,10100,방배동,1,대지,780,8,제네시스빌,20251202,105000,48.585,29,2,,,2014,연립다세대,중개거래,서울 서초구
2025,11350,노원구,10400,하계동,1,대지,273,0,장미(시영6),20251202,67000,59.87,0,9,,,1989,아파트,중개거래,서울 노원구
2025,11215,광진구,10500,자양동,1,대지,645,5,자양동현대,20251202,139700,83.11,0,2,,,1993,아파트,중개거래,"서울 광진구, 서울 성동구"
2025,11740,강동구,10800,성내동,1,대지,532,5,은석,20251202,15800,36.67,26,1,,,1986,연립다세대,직거래,
2025,11440,마포구,12500,성산동,1,대지,274,18,위너스원,20251202,17000,18.2,12,4,,,2013,연립다세대,중개거래,서울 마포구
2025,11710,송파구,10100,잠실동,1,대지,249,2,위너스빌,20251202,43900,30.18,10,5,,,2019,연립다세대,중개거래,서울 송파구
2025,11560,영등포구,13200,신길동,1,대지,4501,0,우창,20251202,125000,66.82,0,11,,,1983,아파트,중개거래,"서울 동작구, 서울 영등포구"
2025,11500,강서구,10600,내발산동,1,대지,657,0,우장산힐스테이트,20251202,136000,59.98,0,12,,,2005,아파트,중개거래,서울 강서구
2025,11470,양천구,10100,신정동,1,대지,1196,12,우성,20251202,90000,46.38,21,1,,,1993,연립다세대,중개거래,서울 양천구
2025,11545,금천구,10300,시흥동,1,대지,1011,0,우방,20251202,44000,59.91,0,4,,,2002,아파트,중개거래,서울 금천구
2025,11530,구로구,10800,오류동,1,대지,348,0,우림필유,20251202,55700,59.95,0,15,,,2005,아파트,중개거래,서울 구로구
2025,11200,성동구,10200,하왕십리동,1,대지,1071,0,왕십리자이,20251202,160000,59.99,0,13,,,2017,아파트,중개거래,서울 성동구
2025,11710,송파구,10100,잠실동,1,대지,175,12,올림픽타워,20251202,30000,34.02,50.66,7,,,2004,오피스텔,중개거래,서울 송파구
2025,11500,강서구,10100,염창동,1,대지,271,4,염창2차보람,20251202,93000,84.97,0,15,,,2005,아파트,중개거래,서울 강서구
2025,11500,강서구,10100,염창동,1,대지,281,22,염창1차한화꿈에그린,20251202,118500,59.94,0,1,,,2005,아파트,중개거래,서울 강서구
2025,11410,서대문구,11700,연희동,1,대지,218,1,연희체스트빌,20251202,12500,20.4,26.588,4,,,2005,오피스텔,중개거래,서울 서대문구
2025,11680,강남구,10100,역삼동,1,대지,713,11,역삼I'PARK,20251202,89000,28.246,0,6,,,2006,아파트,중개거래,서울 강남구
2025,11680,강남구,10100,역삼동,1,대지,713,11,역삼I'PARK,20251202,80000,28.246,0,3,,,2006,아파트,중개거래,서울 강남구
2025,11710,송파구,10100,잠실동,,,,,,20251202,296000,362.97,174,,,20260408,1987,단독다가구,중개거래,서울 강남구
2025,11710,송파구,10100,잠실동,1,대지,40,0,갤러리아팰리스,20251202,305000,151.189,0,19,,,2005,아파트,중개거래,서울 송파구
2025,11350,노원구,10600,중계동,1,대지,505,0,경남,20251202,51500,50.97,0,4,,,1989,아파트,중개거래,서울 노원구
2025,11500,강서구,10200,등촌동,1,대지,634,2,한사랑2삼성,20251202,80000,84.96,0,1,,20251219,1999,아파트,중개거래,서울 강서구
2025,11530,구로구,10800,오류동,1,대지,344,0,경남아너스빌,20251202,70500,84.93,0,16,,,2003,아파트,중개거래,서울 구로구
2025,11620,관악구,10200,신림동,1,대지,476,19,경산아트빌,20251202,23750,42.24,23,2,,,2002,연립다세대,중개거래,"서울 관악구, 서울 동작구"
2025,11140,중구,16200,신당동,1,대지,155,14,골드캐슬,20251202,41500,29.35,18,5,,,2016,연립다세대,중개거래,"서울 마포구, 서울 중구"
2025,11620,관악구,10300,남현동,1,대지,1072,61,관전아트빌,20251202,56000,79.47,37,1,,,2008,연립다세대,중개거래,서울 관악구
2025,11650,서초구,10200,양재동,1,대지,275,3,트윈타워,20251202,25000,29.02,29.02,10,,,1991,오피스텔,중개거래,서울 강남구
2025,11710,송파구,10100,잠실동,1,대지,303,9,파랑새빌라,20251202,33500,21.06,13,3,,,2011,연립다세대,중개거래,서울 송파구
2025,11710,송파구,10200,신천동,1,대지,17,0,파크리오,20251202,295000,84.79,0,36,,,2008,아파트,중개거래,서울 송파구
2025,11710,송파구,10400,송파동,1,대지,22,1,파크빌라(A동),20251202,42500,50.64,24,2,,,2004,연립다세대,중개거래,서울 송파구
2025,11710,송파구,10800,문정동,1,대지,618,0,파크하비오,20251202,22300,27.53,34.89,8,,,null,오피스텔,중개거래,서울 송파구
2025,11350,노원구,10300,공릉동,1,대지,725,0,풍림아파트A,20251202,85000,84.99,0,7,,,2001,아파트,중개거래,서울 노원구
2025,11740,강동구,10700,암사동,1,대지,413,0,프라이어팰리스,20251202,163000,84.975,0,22,,,2007,아파트,중개거래,서울 강동구
2025,11740,강동구,10800,성내동,1,대지,448,14,하나플러스,20251202,67000,59.86,0,3,,,2003,아파트,중개거래,서울 강동구
2025,11110,종로구,17500,숭인동,1,대지,473,0,하림빌라트,20251202,34500,47.63,0,5,,,1998,아파트,중개거래,서울 종로구
2025,11560,영등포구,10800,영등포동7가,1,대지,106,0,하우스퀘어,20251202,27800,26.31,10,9,,,2018,연립다세대,중개거래,서울 영등포구
2025,11260,중랑구,10100,면목동,1,대지,92,70,한라아리움,20251202,17000,34.24,19,3,,,2011,연립다세대,직거래,
2025,11530,구로구,10700,개봉동,1,대지,476,0,한마을,20251202,72500,59.57,0,19,,,1999,아파트,중개거래,서울 구로구
2025,11710,송파구,11400,마천동,1,대지,571,7,한미타운3차,20251202,97000,55.35,32,1,,,1994,연립다세대,중개거래,"서울 강남구, 서울 송파구"
2025,11500,강서구,10200,등촌동,1,대지,634,2,한사랑2삼성,20251202,80000,84.96,0,1,,,1999,아파트,중개거래,서울 강서구
2025,11200,성동구,10300,홍익동,1,대지,62,0,한신그린빌,20251202,54000,45.8,27,4,,,2016,연립다세대,중개거래,서울 성동구
2025,11320,도봉구,10500,쌍문동,1,대지,59,0,한양2,20251202,17500,35.1,0,4,,,1988,아파트,직거래,
2025,11440,마포구,10400,도화동,1,대지,555,0,한화오벨리스크,20251202,53800,39.91,0,2,,,2004,아파트,중개거래,서울 마포구
2025,11440,마포구,10400,도화동,1,대지,555,0,한화오벨리스크,20251202,119800,75.7,0,32,,,2004,아파트,중개거래,서울 마포구
2025,11710,송파구,10700,가락동,1,대지,78,1,한화오벨리스크,20251202,12000,30.34,41.46,14,,,2004,오피스텔,직거래,
2025,11230,동대문구,10700,청량리동,,,,,,20251202,67000,54.55,96,,,,2025,단독다가구,직거래,
2025,11290,성북구,13800,장위동,,,,,,20251202,84000,64.26,73,,,,1964,단독다가구,중개거래,서울 성북구
2025,11170,용산구,10100,후암동,,,,,,20251202,69000,33.06,33,,,,1959,단독다가구,중개거래,서울 용산구
2025,11305,강북구,10300,수유동,1,대지,468,208,혜화빌라,20251202,15000,50.71,30,3,,,2000,연립다세대,중개거래,서울 중랑구
2025,11710,송파구,11400,마천동,,,,,,20251202,70000,82.72,50,,,,1984,단독다가구,중개거래,서울 송파구
2025,11200,성동구,11400,성수동1가,,,,,,20251202,265000,119.85,63,,,,1994,단독다가구,중개거래,서울 강남구
2025,11230,동대문구,10600,장안동,1,대지,373,3,현대썬앤빌601,20251202,10500,21.03,30.083,13,,,2015,오피스텔,중개거래,서울 동대문구
2025,11215,광진구,10700,화양동,,,,,,20251202,92580,149.4,102,,,,1990,단독다가구,직거래,
2025,11590,동작구,10500,흑석동,,,,,,20251202,250000,154.08,102,,,,1991,단독다가구,중개거래,서울 동작구
2025,11590,동작구,10700,사당동,,,,,,20251202,139000,154.94,93,,,,2003,단독다가구,중개거래,서울 동작구
2025,11230,동대문구,10600,장안동,1,대지,373,3,현대썬앤빌601,20251202,10500,21.03,30.083,13,,,2015,오피스텔,중개거래,서울 동대문구
2025,11650,서초구,10800,서초동,1,대지,1446,11,현대슈퍼빌,20251202,370000,205.67,0,12,,,2003,아파트,중개거래,서울 서초구
2025,11680,강남구,11800,도곡동,1,대지,964,0,현대그린1,20251202,225000,84.66,0,3,,,2006,아파트,중개거래,서울 강남구
2025,11560,영등포구,13300,대림동,1,대지,608,1,현대3차,20251202,101100,59.83,0,10,,,1997,아파트,중개거래,서울 영등포구
2025,11380,은평구,10800,역촌동,,,,,,20251202,175000,328.32,170,,,,1989,단독다가구,중개거래,서울 은평구
2025,11560,영등포구,12300,문래동5가,1,대지,21,0,현대3차,20251202,76000,84.55,0,9,,,1991,아파트,중개거래,서울 관악구
2025,11620,관악구,10100,봉천동,1,대지,1000,0,현대(관악),20251202,105000,116.72,0,2,,,1992,아파트,중개거래,서울 관악구
2025,11470,양천구,10100,신정동,1,대지,1252,0,현대,20251202,124500,84.84,0,4,,,1995,아파트,중개거래,서울 양천구
2025,11620,관악구,10100,봉천동,1,대지,1000,0,현대(관악),20251202,103500,105.84,0,10,,,1992,아파트,중개거래,"서울 관악구, 서울 동작구"
2025,11710,송파구,10700,가락동,1,대지,55,0,현대(6차),20251202,148000,84.8,0,6,,,1991,아파트,중개거래,서울 송파구
2025,11710,송파구,10100,잠실동,,,,,,20251202,296000,362.97,174,,,,1987,단독다가구,중개거래,서울 강남구
2025,11620,관악구,10100,봉천동,,,,,,20251202,210000,539.37,241,,,,1994,단독다가구,중개거래,서울 관악구
2025,11350,노원구,10400,하계동,1,대지,270,0,현대,20251202,104250,84.95,0,2,,,1988,아파트,중개거래,서울 노원구
2025,11620,관악구,10200,신림동,1,대지,1581,39,(1581-39),20251202,16000,37.38,25,1,,,1986,연립다세대,중개거래,서울 관악구
2025,11710,송파구,10600,삼전동,1,대지,177,9,(177-9),20251202,57000,55.38,31,2,,,2009,연립다세대,중개거래,서울 송파구
2025,11710,송파구,10500,석촌동,1,대지,246,20,(246-20),20251202,51000,66.6,36,2,,,2008,연립다세대,중개거래,서울 송파구
2025,11170,용산구,12500,한강로2가,1,대지,44,1,(44-1),20251202,28800,21.45,15,4,,,2007,연립다세대,중개거래,서울 용산구
2025,11305,강북구,10300,수유동,1,대지,486,1210,(486-1210),20251202,8000,49.56,38,1,,,1998,연립다세대,중개거래,서울 강북구
2025,11305,강북구,10300,수유동,1,대지,486,1210,(486-1210),20251202,9000,49.56,38,2,,,1998,연립다세대,중개거래,서울 강북구
2025,11740,강동구,10700,암사동,1,대지,504,39,(504-39),20251202,18800,39.06,27,2,,,1986,연립다세대,중개거래,서울 강동구
2025,11740,강동구,10800,성내동,1,대지,534,13,(534-13),20251202,29000,41.4,30,1,,,1986,연립다세대,중개거래,서울 강동구
2025,11215,광진구,10100,중곡동,1,대지,79,19,(79-19),20251202,24000,55.42,40,2,,,1977,연립다세대,중개거래,서울 광진구
2025,11710,송파구,11100,방이동,1,대지,93,1,(93-1),20251202,35000,42.09,26,3,,,2002,연립다세대,중개거래,서울 송파구
2025,11710,송파구,10700,가락동,1,대지,99,1,(99-1),20251202,11750,35.83,49.05,6,,,1990,오피스텔,중개거래,서울 송파구
2025,11740,강동구,10500,길동,1,대지,327,31,327에비뉴,20251202,23000,17.93,12,2,,,2019,연립다세대,중개거래,서울 강동구
2025,11380,은평구,10100,수색동,1,대지,416,1,DMC 진흥,20251202,77500,106.423,0,2,,,2003,아파트,중개거래,서울 은평구
2025,11410,서대문구,12000,남가좌동,1,대지,385,0,DMC파크뷰자이1단지,20251202,150000,84.971,0,20,,,2015,아파트,중개거래,서울 서대문구
2025,11140,중구,16500,황학동,1,대지,819,0,DUO302,20251202,16000,15.97,0,10,,,2014,아파트,중개거래,서울 중구
2025,11545,금천구,10200,독산동,1,대지,972,7,JJ팰리스3차,20251202,46700,51.85,38,4,,,2023,연립다세대,중개거래,서울 송파구
2025,11440,마포구,12000,서교동,1,대지,452,6,Q-해피하우스,20251202,47500,53.18,31,3,,,2013,연립다세대,중개거래,서울 마포구
2025,11380,은평구,10100,수색동,1,대지,415,1,e편한세상 수색 에코포레,20251202,69500,59.895,0,9,,,2003,아파트,중개거래,서울 은평구
2025,11380,은평구,10100,수색동,1,대지,415,1,e편한세상 수색 에코포레,20251202,63000,59.895,0,2,,,2003,아파트,중개거래,서울 은평구
2025,11620,관악구,10100,봉천동,1,대지,1733,0,e편한세상서울대입구2차,20251202,118000,59.87,0,12,,,2020,아파트,중개거래,서울 관악구
2025,11500,강서구,10400,가양동,1,대지,448,1,가양강나루현대,20251202,99500,59.76,0,18,,,1999,아파트,중개거래,서울 강서구
2025,11680,강남구,11500,수서동,1,대지,795,0,강남데시앙포레,20251202,220000,59.81,0,5,,,2014,아파트,중개거래,서울 강남구
2025,11500,강서구,10400,가양동,1,대지,1475,0,강변,20251202,92000,49.5,0,6,,,1992,아파트,중개거래,서울 강서구
2025,11680,강남구,10300,개포동,1,대지,1284,0,개포자이프레지던스,20251202,315000,59.836,0,3,,,2023,아파트,중개거래,서울 강남구
2025,11170,용산구,13100,한남동,1,대지,72,17,언고오피스텔,20251202,21000,20.85,29.15,5,,,2004,오피스텔,중개거래,서울 용산구
2025,11350,노원구,10600,중계동,1,대지,588,0,양지마을(대림)2,20251202,64500,59.4,0,4,,,1999,아파트,중개거래,서울 노원구
2025,11200,성동구,12200,용답동,1,대지,232,1,신창비바패밀리,20251202,31000,56.17,77.44,15,,,2006,오피스텔,중개거래,서울 성동구
2025,11410,서대문구,11800,홍은동,1,대지,186,25,서강2차(2동),20251202,55000,154.2,0,4,,,1989,아파트,중개거래,서울 서대문구
2025,11590,동작구,10200,상도동,1,대지,157,12,신대왕주택,20251202,60000,49.63,33,3,,,2015,연립다세대,직거래,
2025,11740,강동구,10700,암사동,1,대지,489,45,신주빌리지,20251202,35000,47.13,31,2,,,2003,연립다세대,중개거래,서울 강동구
2025,11200,성동구,12200,용답동,1,대지,238,12,서희스타힐스리버파크,20251202,12000,21.9,29.56,4,,,2016,오피스텔,중개거래,서울 성동구
2025,11350,노원구,10500,상계동,1,대지,670,0,상계주공9(고층),20251202,40000,45.55,0,14,,,1988,아파트,중개거래,서울 노원구
2025,11470,양천구,10300,신월동,1,대지,591,1,신안약수,20251202,69000,84.56,0,2,,,1985,아파트,중개거래,서울 양천구
2025,11680,강남구,10100,역삼동,1,대지,735,11,신일유토빌,20251202,18950,32.99,43.78,5,,,2003,오피스텔,중개거래,서울 강남구
2025,11740,강동구,10600,둔촌동,1,대지,555,0,신동아파밀리에,20251202,143000,103.72,0,7,,,2002,아파트,중개거래,서울 강동구
2025,11350,노원구,10500,상계동,1,대지,670,0,상계주공9(고층),20251202,59400,58.01,0,8,,,1988,아파트,중개거래,서울 노원구
2025,11590,동작구,10200,상도동,1,대지,458,0,상도1차갑을명가,20251202,70000,84.95,0,1,,,2006,아파트,중개거래,서울 동작구
2025,11440,마포구,12700,상암동,1,대지,1637,0,상암월드컵파크2단지,20251202,115000,59.92,0,15,,,2003,아파트,중개거래,"서울 마포구, 서울 은평구"
2025,11740,강동구,10800,성내동,1,대지,164,1,씨제이나인,20251202,80000,84.42,0,5,,,2006,아파트,중개거래,서울 강동구
2025,11440,마포구,10400,도화동,1,대지,555,0,한화오벨리스크,20251202,53800,39.91,0,2,,20260306,2004,아파트,중개거래,서울 마포구
2025,11530,구로구,10200,구로동,1,대지,1263,0,신도림롯데아파트,20251202,82900,59.68,0,3,,,1999,아파트,중개거래,서울 구로구
2025,11470,양천구,10200,목동,1,대지,324,97,신한목동펠리스,20251202,32000,24.9,15,4,,,2022,연립다세대,중개거래,서울 강서구
2025,11590,동작구,10700,사당동,1,대지,1137,0,신동아5,20251202,142000,114.68,0,9,,,1998,아파트,중개거래,서울 동작구
2025,11650,서초구,10800,서초동,1,대지,1362,10,서초노블레스아파트,20251202,47000,29.47,0,4,,,2019,아파트,중개거래,서울 서초구
2025,11290,성북구,10100,성북동,1,대지,352,0,성북동외교관사택단지,20251202,174000,148.714,147,-1,,,2010,연립다세대,중개거래,서울 서초구
2025,11710,송파구,11200,오금동,1,대지,135,0,송파두산위브,20251202,112000,59.982,0,3,,,2019,아파트,중개거래,서울 송파구
2025,11215,광진구,10100,중곡동,1,대지,244,35,세종하이빌A동,20251202,36900,63.27,37,4,,,2003,연립다세대,중개거래,서울 광진구
2025,11380,은평구,11400,진관동,1,대지,100,3,아이파크 포레스트 게이트,20251202,12000,24.91,35.78,6,,,2013,오피스텔,중개거래,서울 서대문구
2025,11650,서초구,10300,우면동,1,대지,755,0,서초 디벨리움 오피스텔,20251202,14000,19.71,27.6309,6,,,2015,오피스텔,중개거래,서울 서초구
2025,11470,양천구,10100,신정동,1,대지,983,1,아인스빌Ⅱ(983-1),20251202,31000,33.71,22,5,,,2012,연립다세대,중개거래,서울 양천구
2025,11560,영등포구,12600,양평동2가,1,대지,23,0,양평벽산블루밍,20251202,73700,51.24,0,3,,,1990,아파트,중개거래,서울 영등포구
2025,11470,양천구,10200,목동,1,대지,783,20,에스-타워,20251202,19800,27.99,17,1,,,2018,연립다세대,중개거래,서울 구로구
2025,11215,광진구,10300,구의동,1,대지,225,51,양지빌라,20251202,33390,48.66,22,2,,,1993,연립다세대,중개거래,서울 광진구
2025,11200,성동구,10500,마장동,1,대지,767,13,에덴캐슬,20251202,59700,48.19,22,6,,,2015,연립다세대,중개거래,서울 성동구
2025,11140,중구,16200,신당동,1,대지,857,0,약수역더시티,20251202,24500,19.06,0,4,,,2021,아파트,중개거래,서울 중구
2025,11680,강남구,11800,도곡동,1,대지,168,0,에스케이리더스뷰,20251202,248000,139.63,179.04,20,,,2005,오피스텔,중개거래,서울 강남구
2025,11380,은평구,10200,녹번동,1,대지,75,30,양지미라벨(75-30),20251202,31000,55.92,31,2,,,2002,연립다세대,중개거래,"서울 서대문구, 서울 은평구"
2025,11470,양천구,10200,목동,1,대지,709,2,성원2,20251202,84800,79.21,0,7,,,2000,아파트,중개거래,서울 양천구
2025,11320,도봉구,10800,도봉동,1,대지,555,0,서울가든,20251202,42500,75.33,0,5,,,1987,아파트,중개거래,서울 도봉구
2025,11710,송파구,10300,풍납동,1,대지,509,0,씨티극동1,20251202,140000,114.63,0,5,,,1998,아파트,중개거래,서울 송파구
2025,11290,성북구,13900,석관동,1,대지,407,0,석관래미안,20251202,104600,114.97,0,17,,,2009,아파트,중개거래,서울 성북구
2025,11620,관악구,10200,신림동,1,대지,597,72,아르떼빌1,20251202,25700,44.15,35,4,,,2015,연립다세대,중개거래,"서울 관악구, 서울 용산구"
2025,11305,강북구,10300,수유동,1,대지,276,23,신건영빌리지7동,20251202,16000,33.53,14,2,,,1993,연립다세대,중개거래,서울 강북구
2025,11710,송파구,11400,마천동,1,대지,85,1,성하연립,20251202,86000,48.36,56,2,,,1983,연립다세대,중개거래,서울 송파구
2025,11650,서초구,10800,서초동,1,대지,1685,0,삼풍아파트,20251202,432000,130.73,0,5,,,1988,아파트,중개거래,서울 서초구
2025,11560,영등포구,13200,신길동,1,대지,261,22,신길레전드힐스,20251202,10000,13.74,0,7,,,2013,아파트,중개거래,서울 영등포구
2025,11380,은평구,10300,불광동,1,대지,331,22,엘림아너스빌,20251202,49500,38.31,24,3,,,2015,연립다세대,중개거래,서울 은평구
2025,11650,서초구,10800,서초동,1,대지,1355,17,서초대우디오빌,20251202,23900,32.76,43.04,2,,,2004,오피스텔,중개거래,서울 서초구
2025,11530,구로구,10800,오류동,1,대지,193,9,삼화프라임빌6동,20251202,19500,48.35,27,3,,,2003,연립다세대,중개거래,서울 구로구
2025,11350,노원구,10500,상계동,1,대지,1055,0,상계1차현대아파트,20251202,59000,83.92,0,10,,,1993,아파트,중개거래,"서울 노원구, 서울 도봉구"
2025,11740,강동구,10800,성내동,1,대지,448,14,하나플러스,20251202,67000,59.86,0,3,,20260325,2003,아파트,중개거래,서울 강동구
2025,11470,양천구,10200,목동,1,대지,405,360,"서원주택(가,나)",20251202,45000,36.63,25,2,,,1989,연립다세대,중개거래,서울 양천구
2025,11320,도봉구,10600,방학동,1,대지,720,1,대상타운현대아파트,20251202,68500,60,0,11,,,2001,아파트,중개거래,서울 도봉구
2025,11545,금천구,10300,시흥동,1,대지,384,12,남서울건영2,20251202,40000,61.14,0,2,,,1989,아파트,중개거래,"서울 관악구, 서울 금천구"
2025,11530,구로구,10100,신도림동,1,대지,642,0,대림1,20251202,102500,59.93,0,17,,,1999,아파트,중개거래,서울 구로구
2025,11530,구로구,10700,개봉동,1,대지,477,0,대상,20251202,44500,59.93,0,13,,,1999,아파트,중개거래,서울 구로구
2025,11680,강남구,10300,개포동,1,대지,1280,0,래미안블레스티지,20251202,440000,113.96,0,34,,,2019,아파트,중개거래,서울 강남구
2025,11530,구로구,10100,신도림동,1,대지,691,0,대림3,20251202,104000,84.51,0,2,,,2001,아파트,중개거래,서울 구로구
2025,11320,도봉구,10700,창동,1,대지,746,83,낙원그랑빌B,20251202,23800,68.69,32,2,,,2002,연립다세대,중개거래,서울 도봉구
2025,11215,광진구,10500,자양동,1,대지,651,54,드림팰리스6차,20251202,77000,29.98,20,2,,,2018,연립다세대,중개거래,"경기 의왕시, 서울 광진구"
2025,11470,양천구,10300,신월동,1,대지,131,26,대호빌라B동,20251202,16500,43.16,26,2,,,1989,연립다세대,중개거래,서울 양천구
2025,11740,강동구,10900,천호동,1,대지,315,30,동인씨엘로,20251202,19750,26.74,15,5,,,2017,연립다세대,중개거래,서울 강동구
2025,11440,마포구,12200,합정동,1,대지,354,7,동하아트빌(354-7),20251202,50000,55.77,35,3,,,2003,연립다세대,중개거래,서울 마포구
2025,11230,동대문구,10500,답십리동,1,대지,492,4,답십리한화오벨리스크,20251202,14800,31.93,42.987,15,,,2004,오피스텔,중개거래,서울 동대문구
2025,11140,중구,14300,장충동1가,1,대지,48,13,더호반,20251202,44500,25.74,18,2,,,2018,연립다세대,중개거래,"서울 마포구, 서울 중구"
2025,11410,서대문구,10800,영천동,1,대지,100,0,독립문삼호,20251202,125500,84.78,0,13,,,1995,아파트,중개거래,서울 서대문구
2025,11290,성북구,13500,종암동,1,대지,128,0,극동,20251202,60700,59.67,0,1,,,2000,아파트,중개거래,서울 성북구
2025,11215,광진구,10300,구의동,1,대지,72,3,누리안(72-3),20251202,13500,20.74,12,3,,,2012,연립다세대,직거래,
2025,11200,성동구,10700,행당동,1,대지,286,37,그린하우스,20251202,47300,29.3,11,7,,,2022,연립다세대,중개거래,서울 성동구
2025,11380,은평구,10300,불광동,1,대지,329,30,그린파크,20251202,32500,40.83,19,4,,,1994,연립다세대,중개거래,서울 은평구
2025,11470,양천구,10300,신월동,1,대지,538,6,길성,20251202,30000,53.86,0,7,,,2000,아파트,중개거래,서울 양천구
2025,11710,송파구,10200,신천동,1,대지,17,0,파크리오,20251202,295000,84.79,0,36,,20260205,2008,아파트,중개거래,서울 송파구
2025,11590,동작구,10200,상도동,1,대지,242,104,동광빌라(242-104),20251202,49000,40.7,27,1,,,1986,연립다세대,중개거래,서울 동작구
2025,11410,서대문구,11700,연희동,1,대지,739,0,대우푸르지오,20251202,108000,84.706,0,12,,,2002,아파트,중개거래,서울 서대문구
2025,11350,노원구,10300,공릉동,1,대지,566,19,대도벤츠하우스,20251202,34700,53.78,31,4,,,2016,연립다세대,중개거래,"서울 노원구, 서울 중랑구"
2025,11500,강서구,10900,방화동,1,대지,867,0,길성그랑프리텔,20251202,77500,84.05,0,10,,,2002,아파트,중개거래,서울 강서구
2025,11470,양천구,10300,신월동,1,대지,138,2,라온미브아파트,20251202,25500,42.56,0,3,,,2017,아파트,중개거래,"서울 강서구, 서울 양천구"
2025,11350,노원구,10300,공릉동,1,대지,670,20,노원프레미어스엠코,20251202,85500,84.04,0,22,,,2016,아파트,중개거래,서울 노원구
2025,11290,성북구,13400,길음동,1,대지,1280,0,길음뉴타운2단지푸르지오,20251202,103000,114.73,0,17,,,2005,아파트,중개거래,서울 성북구
2025,11740,강동구,10600,둔촌동,1,대지,545,0,둔촌하이츠,20251202,102800,59.79,0,20,,,1998,아파트,중개거래,서울 강동구
2025,11350,노원구,10500,상계동,1,대지,1355,0,노원센트럴푸르지오,20251202,71000,48.373,0,6,,,2021,아파트,중개거래,서울 노원구
2025,11230,동대문구,10200,용두동,1,대지,138,41,두산베어스타워,20251202,12500,31.91,38.26,5,,,1998,오피스텔,중개거래,서울 동대문구
2025,11260,중랑구,10500,망우동,1,대지,477,51,디딤아트리움,20251202,35900,29.99,21,4,,,2023,연립다세대,중개거래,서울 중랑구
2025,11470,양천구,10100,신정동,1,대지,1196,12,우성,20251202,90000,46.38,21,1,,20251222,1993,연립다세대,중개거래,서울 양천구
2025,11740,강동구,10700,암사동,1,대지,508,0,삼성광나루,20251202,141000,84.88,0,19,,,2002,아파트,중개거래,서울 강동구
2025,11470,양천구,10100,신정동,1,대지,326,0,목동신시가지12,20251202,199000,71.64,0,4,,,1988,아파트,중개거래,서울 양천구
2025,11650,서초구,10100,방배동,1,대지,881,26,방배2차e-편한세상,20251202,290000,163.36,0,8,,,2004,아파트,중개거래,서울 서초구
2025,11470,양천구,10200,목동,1,대지,318,150,삼성,20251202,16000,41.85,24,4,,,1998,연립다세대,중개거래,서울 양천구
2025,11290,성북구,11200,삼선동2가,1,대지,420,0,삼선현대힐스테이트,20251202,108000,114.86,0,8,,,2009,아파트,중개거래,서울 성북구
2025,11740,강동구,10800,성내동,1,대지,453,1,산성빌리지(A),20251202,25000,44.26,31,4,,,2002,연립다세대,중개거래,서울 송파구
2025,11590,동작구,10700,사당동,1,대지,1149,0,사당롯데캐슬2차,20251202,135000,84.614,0,13,,,2004,아파트,중개거래,서울 동작구
2025,11260,중랑구,10100,면목동,1,대지,1545,0,사가정센트럴아이파크,20251202,118000,84.87,0,21,,,2020,아파트,중개거래,서울 중랑구
2025,11215,광진구,10700,화양동,1,대지,111,12,빌리브 인테라스,20251202,23000,16.875,29.8982,5,,,2021,오피스텔,중개거래,서울 광진구
2025,11350,노원구,10200,월계동,1,대지,947,0,롯데캐슬루나,20251202,85000,84.985,0,12,,,2006,아파트,중개거래,서울 노원구
2025,11530,구로구,10200,구로동,1,대지,44,5,비즈트위트레인보우,20251202,10000,15.17,0,6,,,2012,아파트,중개거래,서울 구로구
2025,11410,서대문구,11800,홍은동,1,대지,467,0,북한산두산위브,20251202,76700,59.84,0,3,,,2020,아파트,중개거래,서울 서대문구
2025,11620,관악구,10100,봉천동,1,대지,662,71,부영맨션,20251202,40000,68.04,30,3,,,2001,연립다세대,중개거래,서울 관악구
2025,11620,관악구,10100,봉천동,1,대지,1703,0,봉천동아,20251202,86500,84.87,0,1,,,2000,아파트,중개거래,서울 관악구
2025,11470,양천구,10200,목동,1,대지,324,137,목동한울펠리스,20251202,27000,28.32,16,4,,,2016,연립다세대,중개거래,서울 양천구
2025,11620,관악구,10100,봉천동,1,대지,1703,0,봉천동아,20251202,96800,84.87,0,22,,,2000,아파트,중개거래,"서울 관악구, 서울 영등포구"
2025,11620,관악구,10100,봉천동,1,대지,1703,0,봉천동아,20251202,73000,59.76,0,1,,,2000,아파트,중개거래,서울 관악구
2025,11305,강북구,10200,번동,1,대지,415,30,보하티빌18차,20251202,45000,41,15,5,,,2022,연립다세대,직거래,
2025,11380,은평구,10700,응암동,1,대지,768,0,백련산해모로,20251202,90000,74.91,0,1,,,2020,아파트,중개거래,서울 은평구
2025,11290,성북구,12800,보문동6가,1,대지,458,0,보문파크뷰자이,20251202,125000,84.96,0,3,,,2017,아파트,중개거래,"서울 강남구, 서울 성북구"
2025,11290,성북구,12800,보문동6가,1,대지,458,0,보문파크뷰자이,20251202,111500,59.81,0,14,,,2017,아파트,중개거래,서울 성북구
2025,11560,영등포구,10100,영등포동,1,대지,624,9,베다니아트빌,20251202,66800,56.28,31,3,,,2007,연립다세대,중개거래,서울 영등포구
2025,11230,동대문구,11000,이문동,1,대지,311,0,래미안이문2차,20251202,95000,59.79,0,6,,,2004,아파트,중개거래,서울 동대문구
2025,11545,금천구,10300,시흥동,1,대지,109,1,무지개,20251202,48000,53.75,0,5,,,1980,아파트,직거래,
2025,11680,강남구,11800,도곡동,1,대지,963,0,럭키(963),20251202,300000,124.1,0,15,,,1995,아파트,중개거래,서울 강남구
2025,11710,송파구,10200,신천동,1,대지,7,18,롯데캐슬골드,20251202,330000,166.7,0,27,,,2005,아파트,중개거래,"서울 강남구, 서울 강동구"
2025,11290,성북구,13500,종암동,1,대지,7,54,베스트캐슬,20251202,31000,29.46,18,2,,,2018,연립다세대,중개거래,서울 성북구
2025,11470,양천구,10300,신월동,1,대지,1041,0,삼정그린뷰,20251202,66700,84.14,0,5,,,2005,아파트,중개거래,서울 양천구
2025,11560,영등포구,12100,문래동3가,1,대지,94,0,문래힐스테이트,20251202,175000,137.82,0,3,,,2003,아파트,중개거래,서울 영등포구
2025,11320,도봉구,10600,방학동,1,대지,275,0,벽산아파트1,20251202,44000,52.36,0,3,,,1991,아파트,중개거래,서울 성북구
2025,11545,금천구,10200,독산동,1,대지,1022,93,문성빌(1022-93),20251202,37000,31.85,25,2,,,2023,연립다세대,직거래,
2025,11350,노원구,10200,월계동,1,대지,13,0,미륭,20251202,81500,51.48,0,12,,,1986,아파트,중개거래,서울 노원구
2025,11500,강서구,10500,마곡동,1,대지,748,0,마곡13단지힐스테이트마스터,20251202,162000,84.98,0,12,,,2017,아파트,중개거래,"서울 강서구, 서울 영등포구"
2025,11470,양천구,10300,신월동,1,대지,1075,0,목동센트럴아이파크위브1단지,20251202,109000,59.68,0,7,,,2020,아파트,중개거래,서울 양천구
2025,11470,양천구,10300,신월동,1,대지,1078,0,목동센트럴아이파크위브4단지,20251202,148000,101.47,0,18,,,2020,아파트,중개거래,서울 양천구
2025,11350,노원구,10300,공릉동,1,대지,714,0,삼익4단지아파트,20251202,51000,49.5,0,13,,,1994,아파트,중개거래,서울 노원구
2025,11740,강동구,10700,암사동,1,대지,414,2,롯데캐슬퍼스트,20251202,180000,84.81,0,9,,,2008,아파트,중개거래,"경기 하남시, 서울 강동구"
2025,11380,은평구,10200,녹번동,1,대지,35,61,루체비스타,20251202,25400,27.75,16,5,,,2018,연립다세대,중개거래,서울 은평구
2025,11500,강서구,10600,내발산동,1,대지,751,0,마곡수명산파크3단지,20251202,114000,84.96,0,4,,,2007,아파트,중개거래,"경기 고양시 일산동구, 서울 강서구"
2025,11500,강서구,10500,마곡동,1,대지,767,4,롯데캐슬 르웨스트,20251202,165400,83.523,88.3491,13,,,2024,오피스텔,직거래,
2025,11680,강남구,10100,역삼동,1,대지,835,68,롯데캐슬노블,20251202,250000,154.26,0,2,,,2007,아파트,중개거래,"서울 강남구, 서울 서초구"
2025,11170,용산구,13100,한남동,1,대지,802,0,리버탑,20251202,190000,114.77,0,7,,,2001,아파트,중개거래,서울 용산구
2025,11740,강동구,10600,둔촌동,1,대지,470,30,삼성시티빌,20251202,81000,44.34,25,5,,,2013,연립다세대,중개거래,"서울 강동구, 서울 성동구"
2025,11260,중랑구,10100,면목동,1,대지,1545,0,사가정센트럴아이파크,20251201,129000,84.87,0,14,,,2020,아파트,중개거래,"서울 광진구, 서울 중랑구"
2025,11650,서초구,10800,서초동,1,대지,1685,0,삼풍아파트,20251201,420000,130.73,0,1,,,1988,아파트,중개거래,서울 서초구
2025,11500,강서구,10300,화곡동,1,대지,1014,11,시원그린빌(1014-11),20251201,17800,37.56,18,4,,,2002,연립다세대,중개거래,서울 강서구
2025,11680,강남구,11500,수서동,1,대지,736,0,신동아,20251201,194000,49.96,0,2,,,1992,아파트,중개거래,서울 강남구
2025,11350,노원구,10300,공릉동,1,대지,715,0,시영3차(라이프)아파트,20251201,48500,49.5,0,15,,,1994,아파트,중개거래,서울 노원구
2025,11380,은평구,10900,신사동,1,대지,360,0,신사성원,20251201,49500,59.94,0,3,,,2000,아파트,중개거래,서울 은평구
2025,11710,송파구,11200,오금동,1,대지,124,2,숨결124,20251201,61000,50.63,29,6,,,2019,연립다세대,직거래,
2025,11140,중구,16200,신당동,1,대지,160,5,신당아르브,20251201,15800,18.08,0,7,,,2014,아파트,중개거래,서울 중구
2025,11740,강동구,10500,길동,1,대지,184,0,삼익세라믹,20251201,74700,84.85,0,8,,,1992,아파트,중개거래,서울 강동구
2025,11380,은평구,10700,응암동,1,대지,118,7,삼성하이빌,20251201,15750,44.26,26,5,,,2002,연립다세대,직거래,
2025,11710,송파구,11300,거여동,1,대지,604,2,송파 풍산 리치안,20251201,17500,20.47,34.6829,10,,,2022,오피스텔,중개거래,경기 하남시
2025,11590,동작구,10200,상도동,1,대지,279,38,삼성팰리스,20251201,33500,28.985,17,2,,,2020,연립다세대,중개거래,서울 동작구
2025,11530,구로구,10700,개봉동,1,대지,113,9,삼성쉐르빌A동,20251201,22500,43.38,26,2,,,2016,연립다세대,중개거래,서울 구로구
2025,11560,영등포구,13200,신길동,1,대지,4934,0,삼성래미안,20251201,109500,114.87,0,5,,,2001,아파트,중개거래,서울 영등포구
2025,11620,관악구,10100,봉천동,1,대지,148,148,송이빌라나동,20251201,27000,65.68,55,3,,,1982,연립다세대,직거래,
2025,11530,구로구,10200,구로동,1,대지,112,32,삼성드림빌,20251201,23700,29.8,18,3,,,2020,연립다세대,중개거래,서울 구로구
2025,11215,광진구,10300,구의동,1,대지,253,19,센트럴빌,20251201,18000,32.19,41.67,7,,,2003,오피스텔,중개거래,서울 광진구
2025,11530,구로구,10200,구로동,1,대지,104,9,성호메이플라워멤버스빌,20251201,13700,31.75,0,8,,,2002,아파트,중개거래,서울 구로구
2025,11740,강동구,10900,천호동,1,대지,32,2,성인아파트,20251201,51000,78.8,0,4,,,2002,아파트,중개거래,서울 강동구
2025,11350,노원구,10200,월계동,1,대지,322,1,성원(사슴4),20251201,37500,39.6,0,3,,,1995,아파트,중개거래,서울 노원구
2025,11350,노원구,10200,월계동,1,대지,320,11,사슴3,20251201,31600,33.18,0,7,,,1995,아파트,중개거래,서울 노원구
2025,11710,송파구,10100,잠실동,1,대지,320,0,우성4차,20251201,273500,115.83,0,14,,20251217,1983,아파트,중개거래,서울 송파구
2025,11500,강서구,10200,등촌동,1,대지,648,6,비원오피스텔,20251201,16200,36.99,47.69,7,,,2004,오피스텔,중개거래,서울 강서구
2025,11380,은평구,10300,불광동,1,대지,635,0,북한산힐스테이트1차아파트,20251201,82000,59.817,0,11,,,2009,아파트,중개거래,"경기 고양시 덕양구, 서울 은평구"
2025,11350,노원구,10300,공릉동,1,대지,737,0,삼익포레스트아파트,20251201,65000,84.6,0,7,,,1995,아파트,중개거래,서울 노원구
2025,11290,성북구,11300,삼선동3가,1,대지,34,1,삼정빌라,20251201,44000,80.74,47,3,,,1997,연립다세대,중개거래,서울 성북구
2025,11500,강서구,10100,염창동,1,대지,295,0,성원,20251201,101800,84.81,0,16,,,2001,아파트,중개거래,서울 강서구
2025,11305,강북구,10300,수유동,1,대지,291,210,성우스타팰리스2동,20251201,22500,53.75,30,5,,,2013,연립다세대,중개거래,서울 강북구
2025,11650,서초구,10800,서초동,1,대지,1667,2,서초예성그린캐슬,20251201,120000,105.49,0,4,,,2003,아파트,중개거래,서울 서초구
2025,11650,서초구,10800,서초동,1,대지,1445,13,서초쌍용플래티넘,20251201,45000,54.57,70.79,7,,,2006,오피스텔,중개거래,서울 서초구
2025,11650,서초구,10800,서초동,1,대지,1675,11,서초 대우아이빌,20251201,28000,34.96,47.814,3,,,2003,오피스텔,중개거래,서울 서초구
2025,11620,관악구,10100,봉천동,1,대지,1560,62,서울대입구아이원(1560-62),20251201,96000,59.96,0,8,,,2006,아파트,중개거래,서울 관악구
2025,11590,동작구,10200,상도동,1,대지,290,53,내고향빌라(290-53),20251201,44000,79.75,48,1,,20260109,1997,연립다세대,중개거래,서울 동작구
2025,11650,서초구,10100,방배동,1,대지,808,13,서리풀어반스테이,20251201,51000,29.95,16,3,,,2020,연립다세대,중개거래,서울 서초구
2025,11470,양천구,10300,신월동,1,대지,13,3,샤인팰리스,20251201,52700,84.55,0,4,,,2004,아파트,중개거래,"서울 강서구, 서울 양천구"
2025,11590,동작구,10200,상도동,1,대지,323,4,상진아파트,20251201,98800,106.51,0,3,,,2005,아파트,중개거래,서울 동작구
2025,11350,노원구,10500,상계동,1,대지,1063,0,상계현대3차,20251201,62000,84.96,0,6,,,1999,아파트,중개거래,서울 노원구
2025,11350,노원구,10500,상계동,1,대지,626,0,상계주공14(고층),20251201,32000,45.55,0,4,,,1989,아파트,중개거래,서울 강북구
2025,11560,영등포구,10900,영등포동8가,1,대지,76,1,삼환,20251201,153800,84.87,0,17,,,1999,아파트,중개거래,서울 영등포구
2025,11680,강남구,10100,역삼동,1,대지,837,26,삼일프라자오피스텔,20251201,40500,56.97,76.78,14,,,1992,오피스텔,중개거래,서울 강남구
2025,11650,서초구,10300,우면동,1,대지,789,0,엘에이치서초5단지,20251201,127000,59.93,0,21,,,2013,아파트,중개거래,서울 서초구
2025,11260,중랑구,10100,면목동,1,대지,494,0,용마금호타운,20251201,69000,84.9,0,13,,,1992,아파트,중개거래,서울 중랑구
2025,11470,양천구,10100,신정동,1,대지,319,0,우림필유,20251201,71000,68.7,81.375,6,,,2004,오피스텔,중개거래,서울 양천구
2025,11500,강서구,10200,등촌동,1,대지,630,3,우성,20251201,72000,66.9,0,9,,,1992,아파트,중개거래,서울 강서구
2025,11710,송파구,10700,가락동,1,대지,96,1,우성,20251201,139000,43.79,0,10,,,1986,아파트,중개거래,서울 송파구
2025,11560,영등포구,13200,신길동,1,대지,102,8,우성4,20251201,110000,84.95,0,2,,,1991,아파트,중개거래,"서울 동작구, 서울 영등포구"
2025,11710,송파구,10100,잠실동,1,대지,320,0,우성4차,20251201,245000,115.83,0,14,,,1983,아파트,중개거래,서울 송파구
2025,11230,동대문구,10500,답십리동,1,대지,989,1,우성그린,20251201,59500,59.36,0,13,,,1997,아파트,중개거래,서울 동대문구
2025,11500,강서구,10300,화곡동,1,대지,1173,0,우장산숲아이파크,20251201,135700,84.977,0,6,,,2022,아파트,중개거래,서울 강서구
2025,11500,강서구,10300,화곡동,1,대지,1158,0,우장산에스케이뷰,20251201,90000,84.97,0,14,,,2006,아파트,중개거래,서울 강서구
2025,11290,성북구,13600,하월곡동,1,대지,222,0,월곡두산위브,20251201,78000,59.855,0,7,,,2003,아파트,중개거래,서울 성북구
2025,11290,성북구,13600,하월곡동,1,대지,226,0,월곡래미안루나밸리,20251201,120000,114.93,0,6,,,2007,아파트,중개거래,서울 성북구
2025,11710,송파구,10900,장지동,1,대지,901,0,위례24단지(꿈에그린),20251201,140500,51.77,0,1,,,2013,아파트,중개거래,"경기 성남시 분당구, 서울 송파구"
2025,11380,은평구,10700,응암동,1,대지,92,7,유성아이비,20251201,39500,45.6,0,10,,,2011,아파트,중개거래,서울 은평구
2025,11350,노원구,10500,상계동,1,대지,1255,0,은빛1단지,20251201,34600,39.69,0,3,,,1998,아파트,중개거래,서울 노원구
2025,11380,은평구,11400,진관동,1,대지,9,0,은평지웰테라스,20251201,75000,84.363,97,3,,,2017,연립다세대,중개거래,서울 은평구
2025,11290,성북구,10300,돈암동,1,대지,636,0,이수브라운스톤돈암,20251201,79000,59.99,0,15,,,2004,아파트,중개거래,서울 성북구
2025,11380,은평구,10700,응암동,1,대지,120,2,인산엘르빌,20251201,23000,46.69,58.59,3,,,2018,오피스텔,중개거래,서울 은평구
2025,11710,송파구,10100,잠실동,1,대지,178,6,잠실 M타워,20251201,17000,17.17,29.1126,9,,,2018,오피스텔,중개거래,서울 송파구
2025,11710,송파구,10100,잠실동,1,대지,178,6,잠실 M타워,20251201,16000,17.17,29.1126,13,,,2018,오피스텔,중개거래,서울 송파구
2025,11710,송파구,10100,잠실동,1,대지,178,6,잠실 M타워,20251201,17000,17.17,29.1126,9,,,2018,오피스텔,중개거래,서울 송파구
2025,11710,송파구,10200,신천동,1,대지,11,0,장미2,20251201,330000,82.45,0,5,,,1979,아파트,중개거래,서울 송파구
2025,11305,강북구,10300,수유동,1,대지,48,1,제네스타워,20251201,12450,29.25,43.24,9,,,2012,오피스텔,중개거래,서울 강북구
2025,11410,서대문구,11100,홍제동,1,대지,196,26,제니스뷰아파트,20251201,78000,84.96,0,4,,,2022,아파트,중개거래,서울 서대문구
2025,11710,송파구,10700,가락동,1,대지,99,3,제일오피스텔,20251201,21500,30.06,41.71,13,,,1992,오피스텔,중개거래,서울 송파구
2025,11710,송파구,10700,가락동,1,대지,99,3,제일오피스텔,20251201,20000,30.06,41.71,13,,,1992,오피스텔,중개거래,서울 송파구
2025,11590,동작구,10700,사당동,1,대지,169,10,조은빌라B,20251201,23300,52.68,26,-1,,,1994,연립다세대,중개거래,서울 동작구
2025,11350,노원구,10600,중계동,1,대지,359,1,주공5,20251201,50000,44.94,0,11,,,1992,아파트,중개거래,서울 노원구
2025,11350,노원구,10500,상계동,1,대지,1322,0,중계센트럴파크,20251201,98000,84.75,0,14,,,2016,아파트,중개거래,서울 노원구
2025,11380,은평구,10300,불광동,1,대지,330,1,아산주택(330-1),20251201,28000,37.89,19,3,,,1992,연립다세대,중개거래,서울 은평구
2025,11620,관악구,10100,봉천동,1,대지,875,5,씨티 빌,20251201,10500,17.82,21.88,3,,,2002,오피스텔,중개거래,서울 관악구
2025,11500,강서구,10300,화곡동,1,대지,105,189,아이비타운(105-189),20251201,18400,64.85,19,4,,,2007,연립다세대,중개거래,서울 강서구
2025,11680,강남구,11800,도곡동,1,대지,467,7,아카데미스위트1,20251201,255000,122.07,0,7,,,2004,아파트,중개거래,서울 강남구
2025,11470,양천구,10100,신정동,1,대지,924,14,아케이드신정1차,20251201,24000,41.08,22,3,,,2010,연립다세대,중개거래,서울 양천구
2025,11680,강남구,10600,대치동,1,대지,907,12,아티스톤,20251201,77000,36.71,57.062,8,,,2022,오피스텔,중개거래,서울 강남구
2025,11470,양천구,10200,목동,1,대지,716,24,에덴하이츠빌라A동,20251201,13800,34.13,26,-1,,,1988,연립다세대,중개거래,서울 양천구
2025,11440,마포구,10400,도화동,1,대지,556,0,에스케이허브그린,20251201,30500,38.51,50.59,6,,,2005,오피스텔,중개거래,서울 마포구
2025,11440,마포구,10400,도화동,1,대지,556,0,에스케이허브그린,20251201,30000,38.51,50.59,6,,,2005,오피스텔,중개거래,서울 마포구
2025,11470,양천구,10200,목동,1,대지,525,7,에프앤드에이빌라,20251201,28000,29.66,20,4,,,2016,연립다세대,중개거래,서울 양천구
2025,11740,강동구,10200,고덕동,1,대지,504,7,엘아트빌,20251201,47000,29.89,18,2,,,2021,연립다세대,중개거래,서울 동대문구
2025,11230,동대문구,11000,이문동,1,대지,64,0,쌍용,20251201,82000,59.99,0,7,,,2000,아파트,중개거래,서울 동대문구
2025,11260,중랑구,10200,상봉동,1,대지,484,0,"엘지,쌍용아파트",20251201,73000,84.67,0,9,,,1996,아파트,중개거래,서울 중랑구
2025,11170,용산구,10100,후암동,1,대지,47,6,연우빌라,20251201,76500,57.28,29,2,,,2000,연립다세대,중개거래,"서울 서대문구, 서울 용산구"
2025,11350,노원구,10600,중계동,1,대지,445,0,염광,20251201,78000,84.5,0,4,,,1996,아파트,중개거래,서울 노원구
2025,11560,영등포구,11800,도림동,1,대지,57,0,영광빌라,20251201,50000,24.6,26,3,,,2021,연립다세대,중개거래,서울 영등포구
2025,11545,금천구,10100,가산동,1,대지,238,11,예다지,20251201,23300,28.8,14,9,,,2014,연립다세대,중개거래,서울 금천구
2025,11170,용산구,10900,청파동1가,1,대지,1,19,예스그린빌라,20251201,70000,36.51,22,4,,,1994,연립다세대,중개거래,서울 용산구
2025,11380,은평구,10300,불광동,1,대지,160,0,온세파크빌,20251201,35000,40.95,24,5,,,2018,연립다세대,중개거래,서울 은평구
2025,11530,구로구,11000,온수동,1,대지,155,0,온수힐스테이트,20251201,69600,59.96,0,7,,,2010,아파트,중개거래,서울 구로구
2025,11620,관악구,10100,봉천동,1,대지,1728,0,관악파크푸르지오,20251201,84800,59.98,0,5,,,2014,아파트,중개거래,"서울 강남구, 서울 관악구"
2025,11560,영등포구,11100,당산동1가,1,대지,223,12,당산빌리지,20251201,32000,28.88,19,4,,,2015,연립다세대,중개거래,서울 영등포구
2025,11560,영등포구,11500,당산동5가,1,대지,11,32,당산역리버뷰한강,20251201,23000,17.58,27.12,2,,,2021,오피스텔,중개거래,서울 양천구
2025,11410,서대문구,10600,천연동,1,대지,145,0,천연뜨란채,20251201,113000,84.95,0,7,,,2006,아파트,중개거래,서울 서대문구
2025,11470,양천구,10100,신정동,1,대지,1281,0,푸른마을2,20251201,56500,59.99,0,1,,,2001,아파트,중개거래,서울 양천구
2025,11500,강서구,10300,화곡동,1,대지,856,18,한가람빌(856-18),20251201,32000,43.38,23,4,,,2012,연립다세대,중개거래,서울 강서구
2025,11470,양천구,10100,신정동,1,대지,1281,0,푸른마을2,20251201,52000,49.16,0,9,,,2001,아파트,중개거래,서울 양천구
2025,11350,노원구,10500,상계동,1,대지,161,2,한솔그랑빌A동B동,20251201,39800,63.75,36,4,,,2002,연립다세대,중개거래,서울 노원구
2025,11410,서대문구,11200,대현동,1,대지,90,70,파라타워,20251201,44900,41.163,69.0312,12,,,2020,오피스텔,중개거래,서울 서대문구
2025,11380,은평구,10500,구산동,1,대지,21,39,대고샤인빌2,20251201,24000,47.92,25,3,,,2015,연립다세대,중개거래,서울 은평구
2025,11350,노원구,10600,중계동,1,대지,363,0,대림벽산(363),20251201,139000,141.45,0,6,,,1993,아파트,중개거래,서울 노원구
2025,11530,구로구,10200,구로동,1,대지,1256,0,구로현대,20251201,55000,84.57,0,10,,,1992,아파트,중개거래,서울 동작구
2025,11410,서대문구,11100,홍제동,1,대지,267,20,대성빌라,20251201,44000,69.76,35,2,,,1992,연립다세대,중개거래,서울 서대문구
2025,11350,노원구,10500,상계동,1,대지,135,0,한신1차,20251201,42000,53.96,0,8,,,1987,아파트,중개거래,서울 노원구
2025,11440,마포구,12500,성산동,1,대지,200,216,한솔빌라,20251201,52800,60.5,31,3,,,1996,연립다세대,중개거래,서울 마포구
2025,11710,송파구,10800,문정동,1,대지,109,7,그랑밸리,20251201,59000,46.06,26,5,,,2021,연립다세대,직거래,
2025,11320,도봉구,10800,도봉동,1,대지,30,1,한신,20251201,55000,84.94,0,4,,,1995,아파트,중개거래,"서울 도봉구, 서울 중랑구"
2025,11710,송파구,10800,문정동,1,대지,618,0,파크하비오,20251201,50500,48.96,61.85,16,,,null,오피스텔,중개거래,서울 송파구
2025,11740,강동구,10200,고덕동,1,대지,504,7,엘아트빌,20251201,47000,29.89,18,3,,20251230,2021,연립다세대,중개거래,서울 동대문구
2025,11710,송파구,10800,문정동,1,대지,618,0,파크하비오,20251201,21700,27.53,34.89,9,,,null,오피스텔,중개거래,서울 송파구
2025,11710,송파구,11200,오금동,1,대지,123,0,그리미아빌,20251201,29900,61.02,27,5,,,2002,연립다세대,중개거래,서울 송파구
2025,11440,마포구,12600,중동,1,대지,40,12,현대,20251201,105000,114.98,0,4,,,2000,아파트,중개거래,서울 마포구
2025,11230,동대문구,10400,전농동,1,대지,124,36,더하이브,20251201,41000,29.97,17,3,,,2022,연립다세대,중개거래,서울 동대문구
2025,11320,도봉구,10700,창동,1,대지,808,0,동아청솔,20251201,70500,59.76,0,4,,,1997,아파트,중개거래,서울 도봉구
2025,11620,관악구,10200,신림동,1,대지,610,136,금강빌라(610-136),20251201,21000,39.9,17,3,,,1993,연립다세대,중개거래,서울 관악구
2025,11680,강남구,10600,대치동,1,대지,63,0,"대치우성아파트1동,2동,3동,5동,6동,7동",20251201,407000,115.59,0,9,,20260314,1984,아파트,중개거래,서울 강남구
2025,11650,서초구,10800,서초동,1,대지,1600,7,동양라디안루키,20251201,12500,20.5,27.96,8,,,2004,오피스텔,중개거래,서울 서초구
2025,11260,중랑구,10100,면목동,1,대지,111,24,동영캐슬(111-24),20251201,30000,26.87,17,3,,,2015,연립다세대,중개거래,서울 중랑구
2025,11680,강남구,10600,대치동,1,대지,891,23,대우아이빌명문가(891-23),20251201,47000,46.23,0,10,,,2004,아파트,중개거래,서울 강남구
2025,11530,구로구,10700,개봉동,1,대지,139,50,금영빌라(139-50),20251201,24500,67.62,44,1,,,2003,연립다세대,중개거래,서울 구로구
2025,11710,송파구,11300,거여동,1,대지,4,7,더숲에이동,20251201,31400,29.848,20,5,,,2020,연립다세대,중개거래,서울 송파구
2025,11290,성북구,13900,석관동,1,대지,10,0,두산,20251201,85000,84.9,0,22,,,1998,아파트,중개거래,서울 성북구
2025,11440,마포구,10400,도화동,1,대지,555,0,한화오벨리스크,20251201,60000,39.91,0,13,,,2004,아파트,중개거래,서울 마포구
2025,11320,도봉구,10700,창동,1,대지,809,0,금용,20251201,54000,84.93,0,7,,,1997,아파트,중개거래,서울 도봉구
2025,11545,금천구,10200,독산동,1,대지,1156,0,금천 롯데캐슬 골드파크 4차,20251201,19000,26.45,41.44,18,,,2019,오피스텔,중개거래,서울 금천구
2025,11545,금천구,10200,독산동,1,대지,1147,0,금천롯데캐슬골드파크1차,20251201,115000,84.462,0,22,,,2016,아파트,중개거래,서울 금천구
2025,11680,강남구,11800,도곡동,1,대지,467,7,아카데미스위트1,20251201,255000,122.07,0,7,,20260306,2004,아파트,중개거래,서울 강남구
2025,11500,강서구,10100,염창동,1,대지,288,0,현대1,20251201,94800,84.34,0,4,,,1994,아파트,중개거래,서울 강서구
2025,11260,중랑구,10500,망우동,1,대지,620,0,중랑숲시티프라디움,20251201,73500,55.95,0,10,,,2022,아파트,중개거래,서울 중랑구
2025,11545,금천구,10200,독산동,1,대지,186,1,중앙맨션,20251201,20000,64.26,36,4,,,1993,연립다세대,중개거래,"서울 강서구, 서울 금천구"
2025,11320,도봉구,10500,쌍문동,1,대지,199,1,금호1,20251201,51300,70.13,0,13,,,1990,아파트,중개거래,서울 도봉구
2025,11350,노원구,10600,중계동,1,대지,161,1,중앙하이츠,20251201,53500,59.46,0,5,,,1998,아파트,중개거래,서울 노원구
2025,11530,구로구,10200,구로동,1,대지,685,124,중앙하이츠,20251201,55800,59.99,0,4,,,1987,아파트,중개거래,서울 구로구
2025,11200,성동구,11500,성수동2가,,,,,,20251201,267000,107.07,63,,,20260331,2006,단독다가구,중개거래,서울 강남구
2025,11170,용산구,12100,용문동,1,대지,38,64,대호드림빌(38-64),20251201,65000,48.15,21,2,,,2003,연립다세대,중개거래,서울 용산구
2025,11545,금천구,10300,시흥동,1,대지,108,62,대현오피스텔,20251201,18000,40.24,55.08,7,,,2015,오피스텔,직거래,
2025,11500,강서구,10600,내발산동,1,대지,730,0,길성그랑프리텔,20251201,74500,71.513,0,6,,,2003,아파트,중개거래,서울 강서구
2025,11290,성북구,13300,정릉동,1,대지,1015,0,길음뉴타운경남아너스빌,20251201,81000,84.88,0,13,,,1999,아파트,중개거래,서울 성북구
2025,11230,동대문구,10200,용두동,1,대지,255,58,창보리버리치,20251201,18000,20.46,32.6975,13,,,2019,오피스텔,중개거래,서울 동대문구
2025,11110,종로구,17400,창신동,1,대지,702,0,창신쌍용1,20251201,70000,54.7,0,8,,,1992,아파트,중개거래,서울 종로구
2025,11680,강남구,10600,대치동,1,대지,63,0,"대치우성아파트1동,2동,3동,5동,6동,7동",20251201,407000,115.59,0,9,,,1984,아파트,중개거래,서울 강남구
2025,11305,강북구,10100,미아동,1,대지,1369,0,꿈의숲해링턴플레이스,20251201,83750,59.36,0,4,,,2019,아파트,중개거래,서울 강북구
2025,11305,강북구,10100,미아동,1,대지,1369,0,꿈의숲해링턴플레이스,20251201,83700,59.36,0,5,,,2019,아파트,중개거래,서울 강북구
2025,11710,송파구,11100,방이동,1,대지,43,0,대명벨리온,20251201,16300,17.12,28.001,6,,,null,오피스텔,중개거래,서울 송파구
2025,11680,강남구,10300,개포동,1,대지,1222,1,초원하이츠빌라,20251201,42000,54.72,25,1,,,1993,연립다세대,중개거래,"서울 강남구, 서울 서초구"
2025,11230,동대문구,10200,용두동,1,대지,112,8,동대문한양아이클래스,20251201,11500,19.82,27.59,12,,,2014,오피스텔,중개거래,서울 동대문구
2025,11740,강동구,10800,성내동,1,대지,526,0,한주주택,20251201,38800,63.36,29,4,,,2004,연립다세대,중개거래,서울 강동구
2025,11230,동대문구,10500,답십리동,1,대지,1014,0,답십리파크자이,20251201,129500,59.91,0,12,,,2019,아파트,중개거래,서울 동대문구
2025,11590,동작구,10700,사당동,1,대지,1135,0,경남아너스빌2차,20251201,82000,59.9,0,12,,,1998,아파트,중개거래,서울 동작구
2025,11140,중구,13300,충무로5가,1,대지,90,0,충무로헤센스마트,20251201,22800,21.04,0,3,,,2018,아파트,중개거래,서울 중구
2025,11290,성북구,11500,삼선동5가,1,대지,90,1,타임아트빌(90-1),20251201,43000,42.59,25,6,,,2020,연립다세대,중개거래,서울 성북구
2025,11590,동작구,10700,사당동,1,대지,1010,13,태평빌리지,20251201,33830,22.62,14,4,,,2011,연립다세대,중개거래,"경기 안성시, 서울 동작구"
2025,11230,동대문구,10200,용두동,1,대지,104,3,동대문푸르지오시티(도시형생활주택),20251201,39000,30.11,0,2,,,2016,아파트,중개거래,서울 동대문구
2025,11230,동대문구,10500,답십리동,1,대지,111,0,답십리대우,20251201,110000,114.94,0,21,,,2002,아파트,중개거래,서울 동대문구
2025,11170,용산구,10900,청파동1가,1,대지,1,80,청파블루빌,20251201,101000,52.19,31,2,,,2008,연립다세대,중개거래,서울 용산구
2025,11500,강서구,10300,화곡동,1,대지,1065,2,한울에이치밸리움B동,20251201,27500,22.81,0,8,,,2019,아파트,중개거래,서울 강서구
2025,11710,송파구,10100,잠실동,1,대지,213,20,하우트빌,20251201,28000,29.665,18,3,,,2016,연립다세대,중개거래,서울 송파구
2025,11710,송파구,11400,마천동,1,대지,5,4,청우그린빌,20251201,41000,54.6,30,5,,,2004,연립다세대,중개거래,서울 송파구
2025,11290,성북구,13800,장위동,1,대지,233,154,대창빌라(다)동,20251201,46000,40.38,21,1,,,1993,연립다세대,중개거래,서울 성북구
2025,11680,강남구,11800,도곡동,1,대지,467,19,현대비젼21,20251201,39000,32.65,0,22,,,1999,아파트,중개거래,서울 강남구
2025,11740,강동구,10500,길동,1,대지,237,0,한건,20251201,63500,74.75,0,4,,,2001,아파트,중개거래,서울 강동구
2025,11650,서초구,10300,우면동,1,대지,59,0,동고,20251201,150000,84.96,0,8,,,1995,아파트,중개거래,서울 서초구
2025,11260,중랑구,10400,묵동,1,대지,237,90,현진월드빌A동,20251201,38500,53.29,31,4,,,2016,연립다세대,중개거래,"서울 성북구, 서울 중랑구"
2025,11740,강동구,10500,길동,1,대지,100,0,형인허브빌아파트,20251201,70000,83.27,0,4,,,2005,아파트,중개거래,서울 강동구
2025,11200,성동구,10300,홍익동,1,대지,119,1,홍익한신,20251201,68000,75.24,0,5,,,1975,아파트,중개거래,서울 성동구
2025,11410,서대문구,11100,홍제동,1,대지,474,0,홍제역해링턴플레이스,20251201,149900,84.95,0,4,,,2024,아파트,중개거래,서울 서대문구
2025,11410,서대문구,11100,홍제동,1,대지,459,0,홍제원현대(459-0),20251201,84200,59.93,0,17,,,2000,아파트,중개거래,서울 서대문구
2025,11500,강서구,10300,화곡동,1,대지,1091,0,화곡푸르지오,20251201,115000,104.75,0,13,,,2002,아파트,중개거래,"서울 강서구, 서울 양천구"
2025,11530,구로구,10700,개봉동,1,대지,175,8,청실,20251201,50000,64.56,0,14,,,1987,아파트,중개거래,"경기 파주시, 서울 구로구"
2025,11530,구로구,10300,가리봉동,1,대지,139,0,효성,20251201,51000,84.87,0,17,,,1998,아파트,중개거래,서울 금천구
2025,11740,강동구,10500,길동,1,대지,389,9,광남캐스빌(389-9),20251201,49000,84.51,0,9,,,2005,아파트,직거래,
2025,11470,양천구,10200,목동,1,대지,231,202,훼미리하이츠,20251201,43000,69.75,41,3,,,1992,연립다세대,중개거래,서울 양천구
2025,11305,강북구,10300,수유동,1,대지,288,4,덕진맨션,20251201,22000,58.4,35,3,,,2014,연립다세대,중개거래,서울 강북구
2025,11500,강서구,10300,화곡동,1,대지,926,5,한양아이클래스,20251201,9000,13.79,0,11,,,2013,아파트,직거래,
2025,11320,도봉구,10500,쌍문동,1,대지,59,0,한양2,20251201,25500,35.1,0,5,,,1988,아파트,중개거래,"서울 도봉구, 서울 마포구"
2025,11545,금천구,10200,독산동,1,대지,973,38,휴HOUSE(973-38),20251201,24000,64.09,29,5,,,2009,연립다세대,중개거래,서울 금천구
2025,11410,서대문구,11000,북아현동,1,대지,16,1,희원빌라,20251201,130600,34.98,20,4,,,1995,연립다세대,중개거래,서울 서대문구
2025,11320,도봉구,10700,창동,1,대지,691,5,다보맨션,20251201,23000,55.6,26,4,,,1998,연립다세대,중개거래,서울 도봉구
2025,11740,강동구,10900,천호동,1,대지,22,9,고려아파트(D동),20251201,73000,143.38,0,6,,,2002,아파트,중개거래,서울 강동구
2025,11680,강남구,10400,청담동,1,대지,130,0,청담아이파크,20251201,340000,110.13,0,6,,,1992,아파트,중개거래,서울 강남구
2025,11590,동작구,10400,본동,1,대지,487,0,한신휴플러스,20251201,133000,84.84,0,8,,,2004,아파트,중개거래,서울 동작구
2025,11500,강서구,10100,염창동,1,대지,273,32,도화엘리시아,20251201,36000,42.84,25,2,,,2015,연립다세대,중개거래,"서울 동작구, 서울 양천구"
2025,11410,서대문구,11100,홍제동,1,대지,462,0,청구3차,20251201,90000,84.96,0,8,,,2001,아파트,중개거래,서울 서대문구
2025,11350,노원구,10600,중계동,1,대지,366,0,청구(366),20251201,123000,115.47,0,1,,,1993,아파트,중개거래,서울 노원구
2025,11350,노원구,10400,하계동,1,대지,284,0,청구,20251201,83000,84.97,0,4,,,1988,아파트,중개거래,서울 노원구
2025,11230,동대문구,10500,답십리동,1,대지,1002,0,청계한신휴플러스,20251201,149000,84.73,0,20,,,2010,아파트,중개거래,서울 동대문구
2025,11545,금천구,10200,독산동,1,대지,1088,0,독산주공14단지,20251201,39900,44.94,0,11,,,1990,아파트,중개거래,경기 광명시
2025,11320,도봉구,10700,창동,1,대지,603,80,대림주택,20251201,14500,35.85,11,4,,,1994,연립다세대,중개거래,서울 강북구
2025,11680,강남구,10300,개포동,1,대지,13,3,대청타워,20251201,22000,32.441,45.481,11,,,1997,오피스텔,중개거래,서울 강남구
2025,11710,송파구,10200,신천동,1,대지,11,9,한신잠실코아,20251201,118000,63,80.72,11,,,1988,오피스텔,중개거래,서울 송파구
2025,11740,강동구,10500,길동,1,대지,327,29,녹산(가동),20251201,23800,38.2,28,2,,,1986,연립다세대,중개거래,서울 강동구
2025,11230,동대문구,10500,답십리동,1,대지,497,23,청계푸르지오시티,20251201,15000,18.92,0,16,,,2015,아파트,직거래,
2025,11710,송파구,10700,가락동,1,대지,166,6,테라펠리체송파,20251201,79500,44.035,0,5,,,2021,아파트,중개거래,서울 송파구
2025,11380,은평구,10200,녹번동,1,대지,28,25,녹번동뉴캐슬(28-25),20251201,22000,33.6,20,4,,,2006,연립다세대,중개거래,서울 은평구
2025,11350,노원구,10400,하계동,1,대지,284,0,한신2,20251201,51500,44.52,0,10,,,1988,아파트,중개거래,서울 노원구
2025,11470,양천구,10100,신정동,1,대지,1281,0,푸른마을2,20251201,60000,59.99,0,11,,,2001,아파트,중개거래,서울 양천구
2025,11680,강남구,10600,대치동,1,대지,891,6,테헤란로대우아이빌(891-6),20251201,68000,65.24,0,21,,,2004,아파트,중개거래,서울 강남구
2025,11140,중구,16500,황학동,1,대지,2545,0,롯데캐슬,20251201,107000,84.97,0,15,,20251204,2008,아파트,중개거래,서울 중구
2025,11320,도봉구,10700,창동,1,대지,691,5,다보맨션,20251201,23000,55.6,26,4,,20251211,1998,연립다세대,중개거래,서울 도봉구
2025,11410,서대문구,11800,홍은동,1,대지,436,3,(436-3),20251201,5300,41.25,22,-1,,20251203,1992,연립다세대,중개거래,서울 서대문구
2025,11140,중구,16200,신당동,,,,,,20251201,500000,836.22,331,,,,2001,단독다가구,중개거래,"서울 마포구, 서울 중구"
2025,11710,송파구,10600,삼전동,,,,,,20251201,309139,522.8,227,,,,1996,단독다가구,중개거래,서울 송파구
2025,11110,종로구,11300,필운동,,,,,,20251201,115060,324.37,240,,,,1973,단독다가구,직거래,
2025,11380,은평구,10400,갈현동,,,,,,20251201,120000,281.75,135,,,,1981,단독다가구,중개거래,서울 은평구
2025,11710,송파구,11300,거여동,,,,,,20251201,170000,249.28,165,,,,1991,단독다가구,중개거래,서울 송파구
2025,11710,송파구,11300,거여동,,,,,,20251201,154000,231.13,118,,,,1988,단독다가구,중개거래,서울 송파구
2025,11200,성동구,11100,금호동3가,,,,,,20251201,210000,152.54,136,,,,1997,단독다가구,중개거래,"서울 강동구, 서울 노원구, 서울 용산구"
2025,11215,광진구,10900,군자동,,,,,,20251201,92400,150.72,102,,,,1993,단독다가구,직거래,
2025,11740,강동구,10900,천호동,,,,,,20251201,58000,148.68,109,,,,1993,단독다가구,직거래,
2025,11530,구로구,10200,구로동,,,,,,20251201,47000,119.82,83,,,,1995,단독다가구,중개거래,서울 구로구
2025,11200,성동구,11500,성수동2가,,,,,,20251201,267000,107.07,63,,,,2006,단독다가구,중개거래,서울 강남구
2025,11230,동대문구,10700,청량리동,,,,,,20251201,29000,33.05,55,,,,null,단독다가구,중개거래,서울 동대문구
2025,11500,강서구,10800,공항동,,,,,,20251201,179200,26.45,79,,,,1999,단독다가구,중개거래,서울 강남구
2025,11410,서대문구,11800,홍은동,1,대지,470,0,힐스테이트홍은포레스트,20251201,107000,72.79,0,12,,,2023,아파트,중개거래,서울 서대문구
2025,11350,노원구,10600,중계동,1,대지,505,0,경남,20251201,74500,74.2,0,15,,,1989,아파트,중개거래,서울 노원구
2025,11710,송파구,11300,거여동,1,대지,290,0,거여1단지,20251201,101500,49.8,0,6,,,1997,아파트,중개거래,"경기 성남시 분당구, 서울 송파구"
2025,11710,송파구,10100,잠실동,1,대지,40,0,갤러리아팰리스,20251201,67000,46.384,46.384,12,,,2005,오피스텔,중개거래,서울 송파구
2025,11530,구로구,10700,개봉동,1,대지,492,0,개봉푸르지오,20251201,82000,71.86,0,18,,,2014,아파트,중개거래,서울 구로구
2025,11530,구로구,10700,개봉동,1,대지,489,0,개봉동현대아이파크,20251201,81000,59.99,0,13,,,2006,아파트,중개거래,서울 구로구
2025,11500,강서구,10200,등촌동,1,대지,656,52,강서메트로칸,20251201,11000,18.75,27.53,11,,,2013,오피스텔,중개거래,서울 강서구
2025,11500,강서구,10200,등촌동,1,대지,656,52,강서메트로칸,20251201,11000,18.75,27.53,11,,20251201,2013,오피스텔,중개거래,서울 강서구
2025,11500,강서구,10400,가양동,1,대지,1475,0,강변,20251201,71500,39.6,0,7,,,1992,아파트,중개거래,서울 강서구
2025,11740,강동구,10900,천호동,1,대지,557,0,강동리버스시티,20251201,40528,28.77,46.67,15,,,2024,오피스텔,직거래,
2025,11650,서초구,10800,서초동,1,대지,1303,35,강남태영데시앙루브,20251201,111000,84.2,0,11,,,2005,아파트,중개거래,서울 서초구
2025,11680,강남구,11200,자곡동,1,대지,602,0,강남자곡아이파크,20251201,197000,84.92,0,11,,,2014,아파트,중개거래,서울 강남구
2025,11650,서초구,10800,서초동,1,대지,1327,27,강남역 한화오벨리스크,20251201,31400,42.114,56.801,13,,,2003,오피스텔,직거래,
2025,11680,강남구,10100,역삼동,1,대지,825,20,강남역 센트럴 푸르지오 시티,20251201,30000,24.61,32.992,10,,,2015,오피스텔,중개거래,서울 강남구
2025,11710,송파구,10700,가락동,1,대지,120,4,가락우성2,20251201,130000,84.95,0,11,,,2000,아파트,중개거래,"서울 성동구, 서울 송파구"
2025,11590,동작구,10300,상도1동,1,대지,658,0,SD빌리지(658),20251201,49800,57.86,35,2,,,2015,연립다세대,중개거래,서울 동작구
2025,11320,도봉구,10700,창동,1,대지,635,42,LIG건영캐스빌,20251201,65000,80.149,0,12,,,2002,아파트,중개거래,서울 도봉구
2025,11410,서대문구,11900,북가좌동,1,대지,431,0,DMC한양,20251201,84000,84.33,0,12,,,1987,아파트,중개거래,서울 서대문구
2025,11410,서대문구,12000,남가좌동,1,대지,385,0,DMC파크뷰자이2단지,20251201,144000,84.909,0,19,,,2015,아파트,중개거래,서울 서대문구
2025,11410,서대문구,12000,남가좌동,1,대지,388,0,DMC센트럴아이파크,20251201,134000,84.94,0,14,,,2018,아파트,중개거래,서울 서대문구
2025,11680,강남구,10100,역삼동,1,대지,702,13,702-13(성지하이츠),20251201,25500,36.48,48.68,13,,,1991,오피스텔,중개거래,서울 강남구
2025,11740,강동구,10500,길동,1,대지,327,31,327에비뉴,20251201,37000,29.43,21,3,,,2019,연립다세대,중개거래,서울 강동구
2025,11710,송파구,10700,가락동,1,대지,79,4,(79-4),20251201,14500,37.56,51.7,7,,,1991,오피스텔,중개거래,"서울 도봉구, 서울 송파구"
2025,11620,관악구,10100,봉천동,1,대지,480,144,(480-144),20251201,76000,62.55,54,1,,,1992,연립다세대,중개거래,서울 관악구
2025,11215,광진구,10500,자양동,1,대지,48,6,(48-6),20251201,87000,14.27,10,3,,,2018,연립다세대,중개거래,서울 광진구
2025,11410,서대문구,11800,홍은동,1,대지,436,3,(436-3),20251201,5300,41.25,22,-1,,,1992,연립다세대,중개거래,서울 서대문구
2025,11200,성동구,11500,성수동2가,1,대지,299,134,(299-134),20251201,34200,40.2,46.945,3,,,2017,오피스텔,중개거래,서울 성동구
2025,11650,서초구,10200,양재동,1,대지,272,10,(272-10),20251201,46200,30.5,15,2,,,1996,연립다세대,중개거래,서울 서초구
2025,11590,동작구,10700,사당동,1,대지,175,17,(175-17),20251201,39000,37.11,27,-1,,,1990,연립다세대,중개거래,서울 동작구
2025,11200,성동구,11200,금호동4가,1,대지,1418,6,(1418-6),20251201,124900,55.35,51,2,,,1992,연립다세대,직거래,
2025,11200,성동구,11200,금호동4가,1,대지,1418,6,(1418-6),20251201,78600,34.86,32,2,,,1992,연립다세대,직거래,
2025,11170,용산구,11000,청파동2가,1,대지,1,23,(1-23),20251201,54000,28.12,18,2,,,2022,연립다세대,중개거래,서울 용산구
2025,11560,영등포구,11200,당산동2가,1,대지,12,2,미라클시티,20251201,37000,28.6,38.84,11,,,2022,오피스텔,직거래,
2025,11320,도봉구,10600,방학동,1,대지,653,20,부성주택(653-20),20251201,23000,61.3,37,1,,,1998,연립다세대,중개거래,서울 도봉구
2025,11440,마포구,12000,서교동,1,대지,473,36,벨라,20251201,32000,26.39,19,4,,,2017,연립다세대,중개거래,서울 마포구
2025,11380,은평구,10500,구산동,1,대지,25,49,벨에어하우스(B동),20251201,28600,49.4,31,5,,,2017,연립다세대,중개거래,서울 은평구
2025,11410,서대문구,11900,북가좌동,1,대지,449,0,북가좌삼호,20251201,88700,84.57,0,14,,,1996,아파트,중개거래,서울 서대문구
2025,11350,노원구,10400,하계동,1,대지,271,3,벽산,20251201,53800,57.71,0,1,,,1988,아파트,중개거래,서울 노원구
2025,11380,은평구,10200,녹번동,1,대지,281,0,북한산푸르지오,20251201,108500,84.99,0,9,,,2015,아파트,중개거래,서울 은평구
2025,11740,강동구,10200,고덕동,,,,,,20251201,310000,245.52,192,,,20260120,1987,단독다가구,중개거래,서울 강동구
2025,11740,강동구,10900,천호동,1,대지,110,22,모던하우스,20251201,48000,29.41,21,5,,,2020,연립다세대,중개거래,서울 성동구
2025,11560,영등포구,11000,여의도동,1,대지,13,21,맨하탄21리빙텔,20251201,17300,36.54,36.54,6,,,2001,오피스텔,중개거래,서울 영등포구
2025,11710,송파구,11200,오금동,1,대지,80,13,마나하임,20251201,47500,44.67,21,7,,,2017,연립다세대,중개거래,서울 송파구
2025,11500,강서구,10500,마곡동,1,대지,1589,0,마곡힐스테이트,20251201,161000,84.92,0,8,,,2017,아파트,중개거래,"경기 성남시 분당구, 서울 강서구"
2025,11500,강서구,10500,마곡동,1,대지,741,0,마곡엠밸리8단지,20251201,135000,59.79,0,11,,,2016,아파트,중개거래,서울 강서구
2025,11500,강서구,10300,화곡동,1,대지,784,18,리치하우스,20251201,22000,21.98,12,7,,,2016,연립다세대,중개거래,서울 강서구
2025,11380,은평구,10300,불광동,1,대지,344,40,리치에비뉴,20251201,54700,44.7,27,3,,,2020,연립다세대,중개거래,서울 은평구
2025,11230,동대문구,10600,장안동,1,대지,385,2,리치,20251201,30000,50.32,0,6,,,2008,아파트,중개거래,서울 동대문구
2025,11110,종로구,12600,종로1가,1,대지,24,0,르메이에르종로타운1,20251201,24000,34.59,46.13,11,,,2007,오피스텔,중개거래,서울 종로구
2025,11560,영등포구,12800,양평동4가,1,대지,281,0,르네상스 한강 오피스텔,20251201,37000,37.66,51.04,9,,,2004,오피스텔,중개거래,서울 영등포구
2025,11215,광진구,10500,자양동,1,대지,52,97,루시드자양101,20251201,160000,28.47,20,3,,,2021,연립다세대,중개거래,서울 용산구
2025,11140,중구,16500,황학동,1,대지,2545,0,롯데캐슬,20251201,107000,84.97,0,15,,,2008,아파트,중개거래,서울 중구
2025,11350,노원구,10600,중계동,1,대지,505,0,롯데(505),20251201,54000,54.48,0,14,,,1989,아파트,중개거래,서울 노원구
2025,11560,영등포구,12400,문래동6가,1,대지,8,0,문래임광그대가,20251201,63800,85.26,106.94,5,,,2005,오피스텔,중개거래,서울 영등포구
2025,11560,영등포구,13300,대림동,1,대지,993,8,무림,20251201,65500,56.2,0,5,,,1981,아파트,중개거래,서울 영등포구
2025,11260,중랑구,10300,중화동,1,대지,302,55,로얄스위트,20251201,30000,21.88,16,4,,,2023,연립다세대,중개거래,서울 중랑구
2025,11710,송파구,10100,잠실동,1,대지,44,0,레이크팰리스,20251201,385000,135.82,0,7,,,2006,아파트,중개거래,서울 송파구
2025,11290,성북구,13800,장위동,1,대지,322,0,래미안포레카운티,20251201,113000,84.98,0,8,,,2021,아파트,중개거래,서울 성북구
2025,11230,동대문구,10400,전농동,1,대지,690,0,래미안크레시티,20251201,176000,121.95,0,12,,,2014,아파트,중개거래,서울 동대문구
2025,11650,서초구,10800,서초동,1,대지,1445,13,서초쌍용플래티넘,20251201,45000,54.57,70.79,7,,20260303,2006,오피스텔,중개거래,서울 서초구
2025,11230,동대문구,10200,용두동,1,대지,796,0,래미안엘리니티,20251201,155500,84.92,0,5,,,2022,아파트,중개거래,서울 동대문구
2025,11470,양천구,10200,목동,1,대지,902,0,목동신시가지2,20251201,270000,95.22,0,2,,,1986,아파트,중개거래,서울 양천구
2025,11740,강동구,10600,둔촌동,1,대지,632,0,둔촌현대수린나아파트,20251201,78500,66.926,0,3,,,2019,아파트,중개거래,서울 강동구
2025,11680,강남구,10800,논현동,1,대지,252,1,두산위브1단지,20251201,225000,84.993,0,9,,,2004,아파트,중개거래,서울 강남구
2025,11305,강북구,10300,수유동,1,대지,472,311,미래프라임,20251201,25500,43.435,27,5,,,2015,연립다세대,중개거래,서울 강북구
2025,11680,강남구,10800,논현동,1,대지,252,1,두산위브1단지,20251201,225000,84.993,0,9,,20251229,2004,아파트,중개거래,서울 강남구
2025,11305,강북구,10100,미아동,1,대지,1355,0,미아한일유앤아이,20251201,70000,84.552,0,11,,,2002,아파트,중개거래,서울 강북구
2025,11230,동대문구,10700,청량리동,1,대지,235,1,미주,20251201,150000,137.42,0,15,,,1978,아파트,중개거래,서울 동대문구
2025,11620,관악구,10100,봉천동,1,대지,1698,1,보라매삼성,20251201,101000,84.84,0,6,,,1996,아파트,중개거래,서울 금천구
2025,11620,관악구,10100,봉천동,1,대지,1698,1,보라매삼성,20251201,99500,84.84,0,6,,,1996,아파트,중개거래,서울 동작구
2025,11140,중구,16800,순화동,1,대지,215,0,바비엥3,20251201,80000,80.54,0,13,,,2006,아파트,중개거래,서울 중구
2025,11470,양천구,10200,목동,1,대지,324,166,보타닉목동,20251201,37000,22.95,17,2,,,2022,연립다세대,직거래,
2025,11650,서초구,10100,방배동,1,대지,857,26,방배하이빌(857-26),20251201,43000,34.68,20,2,,,2012,연립다세대,중개거래,서울 서초구
2025,11620,관악구,10100,봉천동,1,대지,1706,0,봉천우성,20251201,94900,84.96,0,6,,,2000,아파트,중개거래,서울 관악구
